Subsidiary,Period,Posting Period Date SQL,Netsuite Date,Currency,Account,Vendor,Amount (Net),,Department,Class,Memo/Description,Type,Coupa PO ID,Budget_ID,Budget Id,Is Budget ID on Mapping Table?,Reversal Date,Marketing Type
1 - Chegg Consolidated,Aug 2026,8/15/2026,8/31/2026,USD,67120 Depreciation & Amortization : Amortization of Intangible Asset,Vendor,"-11,500",USD,520 - Educators,10 – Chegg Study,[25692 @Line 1] Varafy Intangible - Elimination of Intercompany Gain (Amortization Destination),Journal,,,,False,,
10 - Chegg ME,Aug 2026,8/15/2026,8/1/2026,ILS,66510 Unrealized Gain/Loss,Vendor,0,USD,321 - Accounting,00 - Corporate,,Currency Revaluation,,,,False,,
10 - Chegg ME,Aug 2026,8/15/2026,8/31/2026,ILS,60180 Salary & Wages : Employer Payroll Taxes,Vendor,142,USD,104 - Product - Mobile Native,20 - Learning Services,Aug-26 ME Activities,Journal,,,,False,,
10 - Chegg ME,Aug 2026,8/15/2026,8/31/2026,ILS,65100 Professional fees : Accounting Fees,Vendor,"3,068",USD,321 - Accounting,00 - Corporate,Aug-26 ME Activities,Journal,,,,False,,
10 - Chegg ME,Aug 2026,8/15/2026,8/31/2026,ILS,65540 Taxes : Tax Penalty & Interest,Vendor,2,USD,323 - Tax,00 - Corporate,Aug-26 ME Activities,Journal,,,,False,,
10 - Chegg ME,Aug 2026,8/15/2026,8/31/2026,ILS,66170 Office Expenses : Bank Service Charges,Vendor,33,USD,321 - Accounting,00 - Corporate,Aug-26 ME Activities,Journal,,,,False,,
10 - Chegg ME,Aug 2026,8/15/2026,8/31/2026,ILS,66520 Realized Gain/Loss,Vendor,4,USD,321 - Accounting,00 - Corporate,Aug-26 ME Activities,Journal,,,,False,,
12 - Chegg Germany,Aug 2026,8/15/2026,8/31/2026,EUR,65100 Professional fees : Accounting Fees,Vendor,"1,038",USD,321 - Accounting,00 - Corporate,Aug-26 Germany Activities,Journal,,,,False,,
17 - Varafy ULC,Aug 2026,8/15/2026,8/31/2026,CAD,66170 Office Expenses : Bank Service Charges,Vendor,91,USD,321 - Accounting,00 - Corporate,Aug-26 Varafy Activities,Journal,,,,False,,
"2 - Chegg, Inc.",Aug 2026,8/15/2026,9/30/2024,USD,65230 Legal fees : Legal - Corporate,CT CORPORATION SYSTEM,820,USD,331 - Legal,00 - Corporate,"Sep24, PO for CT Corporation for 2026",Bill,10929,LGL-General Corporate,LGL-General Corporate,False,,
"2 - Chegg, Inc.",Aug 2026,8/15/2026,10/31/2024,USD,65230 Legal fees : Legal - Corporate,CT CORPORATION SYSTEM,25,USD,331 - Legal,00 - Corporate,"OCT24, PO for CT Corporation for 2026",Bill,10929,LGL-General Corporate,LGL-General Corporate,False,,
"2 - Chegg, Inc.",Aug 2026,8/15/2026,10/31/2024,USD,65230 Legal fees : Legal - Corporate,CT CORPORATION SYSTEM,76,USD,331 - Legal,00 - Corporate,"OCT24, PO for CT Corporation for 2026",Bill,10929,LGL-General Corporate,LGL-General Corporate,False,,
"2 - Chegg, Inc.",Aug 2026,8/15/2026,10/31/2024,USD,65230 Legal fees : Legal - Corporate,CT CORPORATION SYSTEM,376,USD,331 - Legal,00 - Corporate,"OCT24, PO for CT Corporation for 2026",Bill,10929,LGL-General Corporate,LGL-General Corporate,False,,
"2 - Chegg, Inc.",Aug 2026,8/15/2026,10/31/2024,USD,65230 Legal fees : Legal - Corporate,CT CORPORATION SYSTEM,469,USD,331 - Legal,00 - Corporate,"OCT24, PO for CT Corporation for 2026",Bill,10929,LGL-General Corporate,LGL-General Corporate,False,,
"2 - Chegg, Inc.",Aug 2026,8/15/2026,11/30/2024,USD,65230 Legal fees : Legal - Corporate,CT CORPORATION SYSTEM,25,USD,331 - Legal,00 - Corporate,"Nov24, PO for CT Corporation for 2026",Bill,10929,LGL-General Corporate,LGL-General Corporate,False,,
"2 - Chegg, Inc.",Aug 2026,8/15/2026,11/30/2024,USD,65230 Legal fees : Legal - Corporate,CT CORPORATION SYSTEM,76,USD,331 - Legal,00 - Corporate,"Nov24, PO for CT Corporation for 2026",Bill,10929,LGL-General Corporate,LGL-General Corporate,False,,
"2 - Chegg, Inc.",Aug 2026,8/15/2026,12/31/2024,USD,65230 Legal fees : Legal - Corporate,CT CORPORATION SYSTEM,10,USD,331 - Legal,00 - Corporate,"Dec24, PO for CT Corporation for 2026",Bill,10929,LGL-General Corporate,LGL-General Corporate,False,,
"2 - Chegg, Inc.",Aug 2026,8/15/2026,12/31/2024,USD,65230 Legal fees : Legal - Corporate,CT CORPORATION SYSTEM,36,USD,331 - Legal,00 - Corporate,"Dec24, PO for CT Corporation for 2026",Bill,10929,LGL-General Corporate,LGL-General Corporate,False,,
"2 - Chegg, Inc.",Aug 2026,8/15/2026,12/31/2024,USD,65230 Legal fees : Legal - Corporate,CT CORPORATION SYSTEM,76,USD,331 - Legal,00 - Corporate,"Dec24, PO for CT Corporation for 2026",Bill,10929,LGL-General Corporate,LGL-General Corporate,False,,
"2 - Chegg, Inc.",Aug 2026,8/15/2026,12/31/2024,USD,65230 Legal fees : Legal - Corporate,CT CORPORATION SYSTEM,78,USD,331 - Legal,00 - Corporate,"Dec24, PO for CT Corporation for 2026",Bill,10929,LGL-General Corporate,LGL-General Corporate,False,,
"2 - Chegg, Inc.",Aug 2026,8/15/2026,12/31/2024,USD,65230 Legal fees : Legal - Corporate,CT CORPORATION SYSTEM,144,USD,331 - Legal,00 - Corporate,"Dec24, PO for CT Corporation for 2026",Bill,10929,LGL-General Corporate,LGL-General Corporate,False,,
"2 - Chegg, Inc.",Aug 2026,8/15/2026,1/31/2025,USD,65230 Legal fees : Legal - Corporate,CT CORPORATION SYSTEM,156,USD,331 - Legal,00 - Corporate,"JAN25, PO for CT Corporation for 2026",Bill,10929,LGL-General Corporate,LGL-General Corporate,False,,
"2 - Chegg, Inc.",Aug 2026,8/15/2026,3/31/2025,USD,65230 Legal fees : Legal - Corporate,CT CORPORATION SYSTEM,55,USD,331 - Legal,00 - Corporate,"MAR25, PO for CT Corporation for 2026",Bill,10929,LGL-General Corporate,LGL-General Corporate,False,,
"2 - Chegg, Inc.",Aug 2026,8/15/2026,3/31/2025,USD,65230 Legal fees : Legal - Corporate,CT CORPORATION SYSTEM,"1,257",USD,331 - Legal,00 - Corporate,"MAR25, PO for CT Corporation for 2026",Bill,10929,LGL-General Corporate,LGL-General Corporate,False,,
"2 - Chegg, Inc.",Aug 2026,8/15/2026,4/30/2025,USD,65230 Legal fees : Legal - Corporate,CT CORPORATION SYSTEM,"1,266",USD,331 - Legal,00 - Corporate,"APR25, PO for CT Corporation for 2026",Bill,10929,LGL-General Corporate,LGL-General Corporate,False,,
"2 - Chegg, Inc.",Aug 2026,8/15/2026,5/31/2025,USD,65230 Legal fees : Legal - Corporate,CT CORPORATION SYSTEM,184,USD,331 - Legal,00 - Corporate,"MAY25, PO for CT Corporation for 2026",Bill,10929,LGL-General Corporate,LGL-General Corporate,False,,
"2 - Chegg, Inc.",Aug 2026,8/15/2026,5/31/2025,USD,65230 Legal fees : Legal - Corporate,CT CORPORATION SYSTEM,"4,553",USD,331 - Legal,00 - Corporate,"MAY25, PO for CT Corporation for 2026",Bill,10929,LGL-General Corporate,LGL-General Corporate,False,,
"2 - Chegg, Inc.",Aug 2026,8/15/2026,6/30/2025,USD,65230 Legal fees : Legal - Corporate,CT CORPORATION SYSTEM,95,USD,331 - Legal,00 - Corporate,"JUN25, PO for CT Corporation for 2026",Bill,10929,LGL-General Corporate,LGL-General Corporate,False,,
"2 - Chegg, Inc.",Aug 2026,8/15/2026,6/30/2025,USD,65230 Legal fees : Legal - Corporate,CT CORPORATION SYSTEM,462,USD,331 - Legal,00 - Corporate,"JUN25, PO for CT Corporation for 2026",Bill,10929,LGL-General Corporate,LGL-General Corporate,False,,
"2 - Chegg, Inc.",Aug 2026,8/15/2026,6/30/2025,USD,65230 Legal fees : Legal - Corporate,CT CORPORATION SYSTEM,900,USD,331 - Legal,00 - Corporate,"JUN25, PO for CT Corporation for 2026",Bill,10929,LGL-General Corporate,LGL-General Corporate,False,,
"2 - Chegg, Inc.",Aug 2026,8/15/2026,7/31/2025,USD,65230 Legal fees : Legal - Corporate,CT CORPORATION SYSTEM,100,USD,331 - Legal,00 - Corporate,"JUL25, PO for CT Corporation for 2026",Bill,10929,LGL-General Corporate,LGL-General Corporate,False,,
"2 - Chegg, Inc.",Aug 2026,8/15/2026,8/31/2025,USD,65230 Legal fees : Legal - Corporate,CT CORPORATION SYSTEM,"1,212",USD,331 - Legal,00 - Corporate,"AUG25, PO for CT Corporation for 2026",Bill,10929,LGL-General Corporate,LGL-General Corporate,False,,
"2 - Chegg, Inc.",Aug 2026,8/15/2026,9/30/2025,USD,65230 Legal fees : Legal - Corporate,CT CORPORATION SYSTEM,827,USD,331 - Legal,00 - Corporate,"SEP25, PO for CT Corporation for 2026",Bill,10929,LGL-General Corporate,LGL-General Corporate,False,,
"2 - Chegg, Inc.",Aug 2026,8/15/2026,10/31/2025,USD,65230 Legal fees : Legal - Corporate,CT CORPORATION SYSTEM,460,USD,331 - Legal,00 - Corporate,"OCT25, PO for CT Corporation for 2026",Bill,10929,LGL-General Corporate,LGL-General Corporate,False,,
"2 - Chegg, Inc.",Aug 2026,8/15/2026,2/28/2026,USD,65230 Legal fees : Legal - Corporate,CT CORPORATION SYSTEM,45,USD,331 - Legal,00 - Corporate,"FEB26, PO for CT Corporation for 2026",Bill,10929,LGL-General Corporate,LGL-General Corporate,False,,
"2 - Chegg, Inc.",Aug 2026,8/15/2026,3/16/2026,USD,62110 Technology Expenses : Software License/Renewal/Support - Electronically Delivered,SHI INTERNATIONAL CORP.,180,USD,190 - IT Operations,00 - Corporate,"FEB26, Microsoft 365 add funds PO#9995 (1-FEB-2026 TO 28-FEB-2026)",Bill,10353,,,False,,
"2 - Chegg, Inc.",Aug 2026,8/15/2026,3/31/2026,USD,65230 Legal fees : Legal - Corporate,CT CORPORATION SYSTEM,100,USD,331 - Legal,00 - Corporate,"MAR26, PO for CT Corporation for 2026",Bill,10929,LGL-General Corporate,LGL-General Corporate,False,,
"2 - Chegg, Inc.",Aug 2026,8/15/2026,4/1/2026,USD,62110 Technology Expenses : Software License/Renewal/Support - Electronically Delivered,SHI INTERNATIONAL CORP.,267,USD,190 - IT Operations,00 - Corporate,"Feb26, Microsoft 365 Mar 09, 2026 to Mar 08, 2027 (2/1/2026 to 2/28/2026 )",Bill,10695,,,False,,
"2 - Chegg, Inc.",Aug 2026,8/15/2026,4/13/2026,USD,62110 Technology Expenses : Software License/Renewal/Support - Electronically Delivered,SHI INTERNATIONAL CORP.,267,USD,190 - IT Operations,00 - Corporate,"Mar26, Microsoft 365 add funds PO#9995 (3/1/2026- 3/31/2026)",Bill,10353,,,False,,
"2 - Chegg, Inc.",Aug 2026,8/15/2026,4/16/2026,USD,62110 Technology Expenses : Software License/Renewal/Support - Electronically Delivered,SHI INTERNATIONAL CORP.,180,USD,190 - IT Operations,00 - Corporate,"MAR26, Microsoft 365 Mar 09, 2026 to Mar 08, 2027",Bill,10695,,,False,,
"2 - Chegg, Inc.",Aug 2026,8/15/2026,6/12/2026,USD,62110 Technology Expenses : Software License/Renewal/Support - Electronically Delivered,SHI INTERNATIONAL CORP.,"6,794",USD,190 - IT Operations,00 - Corporate,"JUN26-APR27, Adobe Creative Suite Year 3 of 3yr contract (6-JUN-2026 TO 29-APR-2027)",Bill,8659,,,False,,
"2 - Chegg, Inc.",Aug 2026,8/15/2026,6/30/2026,USD,61200 Marketing Expenses : Creative Development,TALEX LLC,"46,264",USD,203 - Creative Marketing,20 - Learning Services,"JUN26, SS - Creative Development",Bill,10594,MKTG-SS-Creative,MKTG-SS-Creative,True,,Invoice
"2 - Chegg, Inc.",Aug 2026,8/15/2026,6/30/2026,USD,62150 Technology Expenses : Other Technology Expense,VERCEL INC.,"118,413",USD,123 - Quality,20 - Learning Services,"JUN26-JUN27, Vercel Developer Ex (30-JUN-2026 TO 29-JUN-2027)",Bill,8928,,,False,,
"2 - Chegg, Inc.",Aug 2026,8/15/2026,6/30/2026,USD,65230 Legal fees : Legal - Corporate,CT CORPORATION SYSTEM,25,USD,331 - Legal,00 - Corporate,"Jun26, PO for CT Corporation for 2026",Bill,10929,LGL-General Corporate,LGL-General Corporate,False,,
"2 - Chegg, Inc.",Aug 2026,8/15/2026,6/30/2026,USD,65230 Legal fees : Legal - Corporate,CT CORPORATION SYSTEM,275,USD,331 - Legal,00 - Corporate,"Jun26, PO for CT Corporation for 2026",Bill,10929,LGL-General Corporate,LGL-General Corporate,False,,
"2 - Chegg, Inc.",Aug 2026,8/15/2026,6/30/2026,USD,65230 Legal fees : Legal - Corporate,CT CORPORATION SYSTEM,489,USD,331 - Legal,00 - Corporate,"Jun26, PO for CT Corporation for 2026",Bill,10929,LGL-General Corporate,LGL-General Corporate,False,,
"2 - Chegg, Inc.",Aug 2026,8/15/2026,6/30/2026,USD,65230 Legal fees : Legal - Corporate,CT CORPORATION SYSTEM,900,USD,331 - Legal,00 - Corporate,"JUN26, PO for CT Corporation for 2026",Bill,10929,LGL-General Corporate,LGL-General Corporate,False,,
"2 - Chegg, Inc.",Aug 2026,8/15/2026,7/1/2026,USD,62100 Technology Expenses : Web Hosting Expense,AMAZON WEB SERVICES INC,"175,000",USD,122 - Engineering Operations,00 - Corporate,"JUL26, AWS May 01 2024 to Apr 30 2029 (YEAR 2)",Bill,10218,,,False,,
"2 - Chegg, Inc.",Aug 2026,8/15/2026,7/1/2026,USD,65720 Outside services : Contractors,AGD INVEST TECH,"7,420",USD,326 - Enterprise Systems & Applications,00 - Corporate,"JUN26-JUL26, Professional Services (Financial Systems Contractor Support - NetSuite, Coupa etc) (1-JUN-2026 TO 31-JUL-2026)",Bill,10770,,,False,,
"2 - Chegg, Inc.",Aug 2026,8/15/2026,7/2/2026,USD,61240 Marketing Expenses : Social Media,SNAP INC.,"62,906",USD,204 - Performance Marketing,20 - Learning Services,"Jun26, CS - Social (01-Jun-2026 to 30-Jun-2026 )",Bill,10834,MKTG-CS-Social-US,MKTG-CS-Social-US,True,,Invoice
"2 - Chegg, Inc.",Aug 2026,8/15/2026,7/8/2026,USD,65230 Legal fees : Legal - Corporate,"ORRICK, HERRINGTON & SUTCLIFFE LLP","12,673",USD,331 - Legal,00 - Corporate,"Apr26, For legal services in connection with Data Privacy & Privacy",Bill,,LGL - EU/GDPR Compliance,LGL - EU/GDPR Compliance,False,,
"2 - Chegg, Inc.",Aug 2026,8/15/2026,7/13/2026,USD,62150 Technology Expenses : Other Technology Expense,VERCEL INC.,"20,000",USD,123 - Quality,20 - Learning Services,"JUN26-JUN27, Vercel Developer Ex (Jun 30, 2026–Jun 29, 2027)",Bill,8928,,,False,,
"2 - Chegg, Inc.",Aug 2026,8/15/2026,7/13/2026,USD,65720 Outside services : Contractors,KELSEY SALVO,"3,750",USD,160 - Commerce Engineering,20 - Learning Services,"MAY26, Carpathia marketing consultant",Bill,10915,,,False,,
"2 - Chegg, Inc.",Aug 2026,8/15/2026,7/13/2026,USD,65720 Outside services : Contractors,KELSEY SALVO,"15,000",USD,160 - Commerce Engineering,20 - Learning Services,"JUN26, Carpathia marketing consultant",Bill,10915,,,False,,
"2 - Chegg, Inc.",Aug 2026,8/15/2026,7/13/2026,USD,65790 Outside services : Other Outside Services,LATITUDE LLC,"68,000",USD,301 - CEO,00 - Corporate,"Aug26, Brad Haque FTE Conversion",Bill,10911,,,False,,
"2 - Chegg, Inc.",Aug 2026,8/15/2026,7/15/2026,USD,66120 Office Expenses : Due and Subscriptions,BETTER BUSINESS BUREAU OF LOS ANGELES AND SILICON VALLEY INC.,"16,538",USD,580 - Support Operations,10 – Chegg Study,"SEP26-AUG27, Yearly Dues",Bill,10913,,,False,,
"2 - Chegg, Inc.",Aug 2026,8/15/2026,7/17/2026,USD,62110 Technology Expenses : Software License/Renewal/Support - Electronically Delivered,MODUS CREATE LLC,720,USD,190 - IT Operations,00 - Corporate,"JUN26-JUN27, Loom licenses for Aristotle team (18-JUN-2026 TO 18-JUN-2027)",Bill,10837,,,False,,
"2 - Chegg, Inc.",Aug 2026,8/15/2026,7/21/2026,USD,62150 Technology Expenses : Other Technology Expense,"SYCOMP A TECHNOLOGY COMPANY, INC.","8,310",USD,190 - IT Operations,00 - Corporate,"Jan-Apr-may,26 ad hoc services + freight charges",Bill,10479,,,False,,
"2 - Chegg, Inc.",Aug 2026,8/15/2026,7/22/2026,USD,62110 Technology Expenses : Software License/Renewal/Support - Electronically Delivered,ZOOM COMMUNICATIONS INC.,1,USD,190 - IT Operations,00 - Corporate,"Header Charges for line: JUL26, Zoom Rooms Monthly (22-JUL-2026 TO 27-JUL-2026)",Bill,10878,,,False,,
"2 - Chegg, Inc.",Aug 2026,8/15/2026,7/22/2026,USD,62110 Technology Expenses : Software License/Renewal/Support - Electronically Delivered,ZOOM COMMUNICATIONS INC.,10,USD,190 - IT Operations,00 - Corporate,"JUL26, Zoom Rooms Monthly (22-JUL-2026 TO 27-JUL-2026)",Bill,10878,,,False,,
"2 - Chegg, Inc.",Aug 2026,8/15/2026,7/23/2026,USD,65190 Professional fees : Other Consulting Fee,JAMES C. KELLY,"16,500",USD,380 - Content Operations,46 - Content Services,"JUL26, Consulting Services",Bill,10761,,,False,,
"2 - Chegg, Inc.",Aug 2026,8/15/2026,7/24/2026,USD,65230 Legal fees : Legal - Corporate,LOEB & LOEB LLP,"14,976",USD,331 - Legal,00 - Corporate,"Jun26, PROFESSIONAL SERVICES",Bill,,LGL-CPPA Investigation/Compliance,LGL-CPPA Investigation/Compliance,False,,
"2 - Chegg, Inc.",Aug 2026,8/15/2026,7/28/2026,USD,62110 Technology Expenses : Software License/Renewal/Support - Electronically Delivered,ZOOM COMMUNICATIONS INC.,227,USD,190 - IT Operations,00 - Corporate,"Header Charges for line: JUL26-AUG26, Zoom Renewal (28-JUL-2026 TO 27-AUG-2026)",Bill,10687,,,False,,
"2 - Chegg, Inc.",Aug 2026,8/15/2026,7/28/2026,USD,62110 Technology Expenses : Software License/Renewal/Support - Electronically Delivered,ZOOM COMMUNICATIONS INC.,"3,530",USD,190 - IT Operations,00 - Corporate,"JUL26-AUG26, Zoom Renewal (28-JUL-2026 TO 27-AUG-2026)",Bill,10687,,,False,,
"2 - Chegg, Inc.",Aug 2026,8/15/2026,7/28/2026,USD,65230 Legal fees : Legal - Corporate,"GLOBAL TAX NETWORK US, LLC","2,800",USD,332 - Stock Administration,00 - Corporate,"JUL26, Mobile Tax Services",Bill,10910,LGL-Stock Administration,LGL-Stock Administration,False,,
"2 - Chegg, Inc.",Aug 2026,8/15/2026,7/29/2026,USD,62110 Technology Expenses : Software License/Renewal/Support - Electronically Delivered,RECURLY INC.,19,USD,142 - Engineering Monetization,20 - Learning Services,"July26, Mathway annual Recurly fees",Bill,10791,,,False,,
"2 - Chegg, Inc.",Aug 2026,8/15/2026,7/29/2026,USD,65240 Legal fees : Legal Fees - Litigation,FAEGRE DRINKER BIDDLE & REATH LLP,"7,652",USD,331 - Legal,00 - Corporate,"JUN26, Securities Compliance & Corporate Governance - Excluded Services",Bill,,LGL-Securities Compliance & Corporate Governance – Excluded Services,LGL-Securities Compliance & Corporate Governance – Excluded Services,False,,
"2 - Chegg, Inc.",Aug 2026,8/15/2026,7/30/2026,USD,62110 Technology Expenses : Software License/Renewal/Support - Electronically Delivered,"TRACE3, LLC",27,USD,190 - IT Operations,00 - Corporate,"JUL26, Google Workspace April 2026 to April 2027",Bill,10756,,,False,,
"2 - Chegg, Inc.",Aug 2026,8/15/2026,7/30/2026,USD,65720 Outside services : Contractors,DEBRA THOMPSON,"25,000",USD,301 - CEO,00 - Corporate,"JUL26, Contract for Debra Thompson (July 1 – 31, 2026)",Bill,10515,,,False,,
"2 - Chegg, Inc.",Aug 2026,8/15/2026,7/31/2026,EUR,65720 Outside services : Contractors,DOMINIK BARANOWSKI,233,USD,321 - Accounting,00 - Corporate,"JUL26, Germany Liquidation Contractor - Dominik Baranowski",Bill,10703,,,False,,
"2 - Chegg, Inc.",Aug 2026,8/15/2026,7/31/2026,GBP,65790 Outside services : Other Outside Services,FOCUS CLOUD LIMITED,"11,191",USD,345 - Total Rewards,00 - Corporate,"JUL26, Workday HCM Optimization Consultant",Bill,10455,,,False,,
"2 - Chegg, Inc.",Aug 2026,8/15/2026,7/31/2026,USD,60540 Recruitment Expenses : Background Check Fees,STERLING,"2,289",USD,342 - Talent Acquisition,00 - Corporate,"July26, Background Checks",Bill,9740,,,False,,
"2 - Chegg, Inc.",Aug 2026,8/15/2026,7/31/2026,USD,61140 Marketing Expenses : Public Relations,APOLLO STRATEGIC COMMUNICATIONS LTD,"25,000",USD,240 - Communications,00 - Corporate,"JUL26, PR/Comms - Apollo 2026 Contract (Remaining)",Bill,10919,MKTG-SS-PR,MKTG-SS-PR,True,,Invoice
"2 - Chegg, Inc.",Aug 2026,8/15/2026,7/31/2026,USD,61150 Marketing Expenses : Paid Media : SEM,GOOGLE.COM,"6,939",USD,204 - Performance Marketing,20 - Learning Services,"JUL26, Internships (1st-Jul-2026 to 31st-Jul-2026)",Bill,10776,MKTG-CS-SEM-US,MKTG-CS-SEM-US,True,,Invoice
"2 - Chegg, Inc.",Aug 2026,8/15/2026,7/31/2026,USD,61150 Marketing Expenses : Paid Media : SEM,GOOGLE.COM,"13,485",USD,204 - Performance Marketing,20 - Learning Services,"July26, MW - SEM (1-Jul-2026 to 31-July-2026)",Bill,10570,MKTG-MW-SEM-US,MKTG-MW-SEM-US,True,,Invoice
"2 - Chegg, Inc.",Aug 2026,8/15/2026,7/31/2026,USD,61150 Marketing Expenses : Paid Media : SEM,GOOGLE.COM,"19,008",USD,204 - Performance Marketing,20 - Learning Services,"JUL26, CS - SEM (1st-Jul-2026 to 31st-Jul-2026)",Bill,10570,MKTG-CS-SEM-US,MKTG-CS-SEM-US,True,,Invoice
"2 - Chegg, Inc.",Aug 2026,8/15/2026,7/31/2026,USD,61150 Marketing Expenses : Paid Media : SEM,GOOGLE.COM,"22,199",USD,204 - Performance Marketing,20 - Learning Services,"JUL26, EB - SEM (1-JUL-2026 TO 31-JUL-2026)",Bill,10570,MKTG-EB-SEM-US,MKTG-EB-SEM-US,True,,Invoice
"2 - Chegg, Inc.",Aug 2026,8/15/2026,7/31/2026,USD,61200 Marketing Expenses : Creative Development,TALEX LLC,"55,768",USD,203 - Creative Marketing,20 - Learning Services,"JUL26, SS - Creative Development",Bill,10594,MKTG-SS-Creative,MKTG-SS-Creative,True,,Invoice
"2 - Chegg, Inc.",Aug 2026,8/15/2026,7/31/2026,USD,62100 Technology Expenses : Web Hosting Expense,AMAZON WEB SERVICES INC,"14,170",USD,122 - Engineering Operations,00 - Corporate,"JUL26, AWS May 01 2024 to Apr 30 2029 (YEAR 2) (1-JUL-2026 TO 31-JUL-2026)",Bill,10218,,,False,,
"2 - Chegg, Inc.",Aug 2026,8/15/2026,7/31/2026,USD,62100 Technology Expenses : Web Hosting Expense,AMAZON WEB SERVICES INC,"22,050",USD,122 - Engineering Operations,00 - Corporate,"July26, AWS May 01 2024 to Apr 30 2029 (YEAR 2) ( 1-Jul-2026 to 31-Jul-2026)",Bill,10218,,,False,,
"2 - Chegg, Inc.",Aug 2026,8/15/2026,7/31/2026,USD,62110 Technology Expenses : Software License/Renewal/Support - Electronically Delivered,"ADBLOCK, INC.",263,USD,215 - Advertising Operations,20 - Learning Services,"July26, Advertising Vendor",Bill,9569,,,False,,
"2 - Chegg, Inc.",Aug 2026,8/15/2026,7/31/2026,USD,62110 Technology Expenses : Software License/Renewal/Support - Electronically Delivered,"CONSENSUS CLOUD SOLUTIONS, INC.",429,USD,190 - IT Operations,00 - Corporate,"Jul26, Consensus Cloud Solutions (AKA eFax) Renewal Feb",Bill,10698,,,False,,
"2 - Chegg, Inc.",Aug 2026,8/15/2026,7/31/2026,USD,62110 Technology Expenses : Software License/Renewal/Support - Electronically Delivered,EQUIFAX INC.,"9,883",USD,325 - FP & A,00 - Corporate,"JUL26, Equifax (Kount)",Bill,10786,,,False,,
"2 - Chegg, Inc.",Aug 2026,8/15/2026,7/31/2026,USD,62110 Technology Expenses : Software License/Renewal/Support - Electronically Delivered,"GLADLY SOFTWARE, INC.",124,USD,580 - Support Operations,10 – Chegg Study,"Header Charges for line: JUL26, Gladly Renewal and Telephony",Bill,10018,,,False,,
"2 - Chegg, Inc.",Aug 2026,8/15/2026,7/31/2026,USD,62110 Technology Expenses : Software License/Renewal/Support - Electronically Delivered,"GLADLY SOFTWARE, INC.",696,USD,580 - Support Operations,10 – Chegg Study,"JUL26, Gladly Renewal and Telephony",Bill,10018,,,False,,
"2 - Chegg, Inc.",Aug 2026,8/15/2026,7/31/2026,USD,62110 Technology Expenses : Software License/Renewal/Support - Electronically Delivered,GOOGLE.COM,"1,024",USD,137 - Platform - Content Engineering,20 - Learning Services,"JUL26, OCR and Translation",Bill,8284,,,False,,
"2 - Chegg, Inc.",Aug 2026,8/15/2026,7/31/2026,USD,62110 Technology Expenses : Software License/Renewal/Support - Electronically Delivered,GOOGLE.COM,"2,662",USD,215 - Advertising Operations,20 - Learning Services,"JUL26, Google Ad Serving Fee",Bill,10760,,,False,,
"2 - Chegg, Inc.",Aug 2026,8/15/2026,7/31/2026,USD,62110 Technology Expenses : Software License/Renewal/Support - Electronically Delivered,THE MEDIA TRUST,"4,900",USD,215 - Advertising Operations,20 - Learning Services,"JUL26, Advertising Vendor",Bill,10554,,,False,,
"2 - Chegg, Inc.",Aug 2026,8/15/2026,7/31/2026,USD,62110 Technology Expenses : Software License/Renewal/Support - Electronically Delivered,Woolf Inc.,150,USD,225 - Partnerships,50 - Skills,"July26, Student requests for credit",Bill,10860,,,False,,
"2 - Chegg, Inc.",Aug 2026,8/15/2026,7/31/2026,USD,62150 Technology Expenses : Other Technology Expense,INTENT IQ LLC,790,USD,215 - Advertising Operations,20 - Learning Services,"JUL26, Advertising Vendor",Bill,8001,,,False,,
"2 - Chegg, Inc.",Aug 2026,8/15/2026,7/31/2026,USD,62150 Technology Expenses : Other Technology Expense,"LIVEINTENT, INC",362,USD,215 - Advertising Operations,20 - Learning Services,"July26, ID Solution",Bill,9903,,,False,,
"2 - Chegg, Inc.",Aug 2026,8/15/2026,7/31/2026,USD,62150 Technology Expenses : Other Technology Expense,"MARKMONITOR, INC","5,404",USD,190 - IT Operations,00 - Corporate,"July26, DNS Services",Bill,10416,,,False,,
"2 - Chegg, Inc.",Aug 2026,8/15/2026,7/31/2026,USD,62150 Technology Expenses : Other Technology Expense,MASTERCARD INTERNATIONAL INCORPORATED,"1,920",USD,391 - Consumer Operations,00 - Corporate,"July26, Ethoca Dispute Service",Bill,10531,,,False,,
"2 - Chegg, Inc.",Aug 2026,8/15/2026,7/31/2026,USD,63220 Facility Expenses : Other Facility Expense,"CORODATA RECORDS MANAGEMENT, INC",287,USD,350 - Workplace Services,00 - Corporate,"July26, Document Storage 2026",Bill,10205,,,False,,
"2 - Chegg, Inc.",Aug 2026,8/15/2026,7/31/2026,USD,65190 Professional fees : Other Consulting Fee,APOLLO STRATEGIC COMMUNICATIONS LTD,"15,000",USD,225 - Partnerships,50 - Skills,"July26, GTM agency support for Woolf",Bill,10784,MKTG-SkillsB2B-Content-US,MKTG-SkillsB2B-Content-US,True,,
"2 - Chegg, Inc.",Aug 2026,8/15/2026,7/31/2026,USD,65190 Professional fees : Other Consulting Fee,"STRATEGIC PARTNERSHIPS, LLC","18,750",USD,225 - Partnerships,50 - Skills,"July26, Consulting services",Bill,10700,,,False,,
"2 - Chegg, Inc.",Aug 2026,8/15/2026,7/31/2026,USD,65230 Legal fees : Legal - Corporate,ALLEN OVERY SHEARMAN STERLING LLP,"3,866",USD,331 - Legal,00 - Corporate,"JUL26, CHEGG GENERAL ADVICE 2019 (21-JUL-206 TO 30-JUL-2026)",Bill,,LGL-International-Imagine Easy Technology Solutions GmbH,LGL-International-Imagine Easy Technology Solutions GmbH,False,,
"2 - Chegg, Inc.",Aug 2026,8/15/2026,7/31/2026,USD,65230 Legal fees : Legal - Corporate,CT CORPORATION SYSTEM,100,USD,331 - Legal,00 - Corporate,"JUL26, PO for CT Corporation for 2026",Bill,10929,LGL-General Corporate,LGL-General Corporate,False,,
"2 - Chegg, Inc.",Aug 2026,8/15/2026,7/31/2026,USD,65230 Legal fees : Legal - Corporate,CT CORPORATION SYSTEM,"3,030",USD,331 - Legal,00 - Corporate,"JUL26, PO for CT Corporation for 2026",Bill,10929,LGL-General Corporate,LGL-General Corporate,False,,
"2 - Chegg, Inc.",Aug 2026,8/15/2026,7/31/2026,USD,65230 Legal fees : Legal - Corporate,"D. F. KING & CO., INC.",603,USD,332 - Stock Administration,00 - Corporate,"JUL26, Issuer Central Services",Bill,10152,LGL-Stock Administration,LGL-Stock Administration,False,,
"2 - Chegg, Inc.",Aug 2026,8/15/2026,7/31/2026,USD,65230 Legal fees : Legal - Corporate,"EQUINITI TRUST COMPANY, LLC",-895,USD,332 - Stock Administration,00 - Corporate,"July26, Stock Transfer Agent Services",Bill Credit,10590,LGL-Stock Administration,LGL-Stock Administration,False,,
"2 - Chegg, Inc.",Aug 2026,8/15/2026,7/31/2026,USD,65230 Legal fees : Legal - Corporate,"EQUINITI TRUST COMPANY, LLC","4,085",USD,332 - Stock Administration,00 - Corporate,"Jul26, Stock Transfer Agent Services",Bill,10590,LGL-Stock Administration,LGL-Stock Administration,False,,
"2 - Chegg, Inc.",Aug 2026,8/15/2026,7/31/2026,USD,65230 Legal fees : Legal - Corporate,RELX INC. DBA LEXISNEXIS,826,USD,331 - Legal,00 - Corporate,"JUL26, Legal subscription to assist with legal research (1-JUL-2026 TO 31-JUL-2026)",Bill,8846,LGL-General Litigation,LGL-General Litigation,False,,
"2 - Chegg, Inc.",Aug 2026,8/15/2026,7/31/2026,USD,65240 Legal fees : Legal Fees - Litigation,SUSMAN GODFREY LLP,"300,000",USD,331 - Legal,00 - Corporate,"Aug26, Chegg v. Google - Generative AI Fixed Fee for the month of August 2026",Bill,,LGL-Google Litigation,LGL-Google Litigation,False,,
"2 - Chegg, Inc.",Aug 2026,8/15/2026,7/31/2026,USD,65720 Outside services : Contractors,AKPABIO AKPABIO,"2,000",USD,366 - Business Operations Management,50 - Skills,Honorarium,Bill,10803,,,False,,
"2 - Chegg, Inc.",Aug 2026,8/15/2026,7/31/2026,USD,65720 Outside services : Contractors,KELSEY SALVO,"15,000",USD,160 - Commerce Engineering,20 - Learning Services,"JUL26, Carpathia marketing consultant",Bill,10915,,,False,,
"2 - Chegg, Inc.",Aug 2026,8/15/2026,7/31/2026,USD,65720 Outside services : Contractors,NUR ONVURAL,"2,000",USD,366 - Business Operations Management,50 - Skills,Honorarium,Bill,10804,,,False,,
"2 - Chegg, Inc.",Aug 2026,8/15/2026,7/31/2026,USD,65720 Outside services : Contractors,"ROTH STAFFING COMPANIES, L.P.","3,600",USD,113 - User Experience - Monetization,20 - Learning Services,"JUL26, Hiring Product Designer",Bill,10003,,,False,,
"2 - Chegg, Inc.",Aug 2026,8/15/2026,7/31/2026,USD,65720 Outside services : Contractors,UPWORK GLOBAL INC.,385,USD,105 - Product Marketing Management,50 - Skills,"JUL26, UpWork PO for Graphic Design and Physical Printed + shipped certificate contractors",Bill,9868,MKTG-SkillsB2B-Other-US,MKTG-SkillsB2B-Other-US,False,,
"2 - Chegg, Inc.",Aug 2026,8/15/2026,7/31/2026,USD,65720 Outside services : Contractors,UPWORK GLOBAL INC.,"2,163",USD,301 - CEO,00 - Corporate,"JUL26, Joseph Ramirez's contract",Bill,10650,,,False,,
"2 - Chegg, Inc.",Aug 2026,8/15/2026,7/31/2026,USD,65720 Outside services : Contractors,UPWORK GLOBAL INC.,"8,320",USD,301 - CEO,00 - Corporate,"JUL26, Contract for Cindy Trieu via Upwork",Bill,10604,,,False,,
"2 - Chegg, Inc.",Aug 2026,8/15/2026,7/31/2026,USD,65720 Outside services : Contractors,UPWORK GLOBAL INC.,"17,894",USD,190 - IT Operations,00 - Corporate,"JUL26, IT Contractor - Ben Cooper",Bill,10727,,,False,,
"2 - Chegg, Inc.",Aug 2026,8/15/2026,7/31/2026,USD,65720 Outside services : Contractors,UPWORK GLOBAL INC.,"22,553",USD,301 - CEO,00 - Corporate,"July26, Joseph Ramirez's contract",Bill,10650,,,False,,
"2 - Chegg, Inc.",Aug 2026,8/15/2026,7/31/2026,USD,65720 Outside services : Contractors,UPWORK GLOBAL INC.,"29,986",USD,380 - Content Operations,46 - Content Services,"JUL26, Contractor payment fees through Upwork",Bill,10795,,,False,,
"2 - Chegg, Inc.",Aug 2026,8/15/2026,7/31/2026,USD,65790 Outside services : Other Outside Services,"BROADBEAN, INC.","5,958",USD,345 - Total Rewards,00 - Corporate,July26-July27 Broadbean - Corporate Adcourier - Job Distribution (31-JUL-2026 - 30-JUL-2027),Bill,10517,,,False,,
"2 - Chegg, Inc.",Aug 2026,8/15/2026,7/31/2026,USD,65790 Outside services : Other Outside Services,"BROADBEAN, INC.","8,709",USD,345 - Total Rewards,60 - Busuu,July26-July27 Broadbean - Corporate Adcourier - Job Distribution (31-JUL-2026 - 30-JUL-2027),Bill,10517,,,False,,
"2 - Chegg, Inc.",Aug 2026,8/15/2026,7/31/2026,USD,66170 Office Expenses : Bank Service Charges,"CLEARWATER ANALYTICS, LLC","1,123",USD,321 - Accounting,00 - Corporate,"JUL26, Clearwater Estimated Two Years of Service Fees (1-JUL-2026 TO 31-JUL-2026)",Bill,8053,,,False,,
"2 - Chegg, Inc.",Aug 2026,8/15/2026,8/1/2026,USD,60110 Salary & Wages : Direct Labor Expense,Vendor,"-3,432",USD,520 - Educators,50 - Skills,Chegg Salary Accrual - Jul2026,Journal,,,,False,,
"2 - Chegg, Inc.",Aug 2026,8/15/2026,8/1/2026,USD,60110 Salary & Wages : Direct Labor Expense,Vendor,"-2,527",USD,380 - Content Operations,50 - Skills,Chegg Salary Accrual - Jul2026,Journal,,,,False,,
"2 - Chegg, Inc.",Aug 2026,8/15/2026,8/1/2026,USD,60110 Salary & Wages : Direct Labor Expense,Vendor,"-2,108",USD,230 - Admissions,50 - Skills,Chegg Salary Accrual - Jul2026,Journal,,,,False,,
"2 - Chegg, Inc.",Aug 2026,8/15/2026,8/1/2026,USD,60110 Salary & Wages : Direct Labor Expense,Vendor,"-1,055",USD,525 - Career Services,50 - Skills,Chegg Salary Accrual - Jul2026,Journal,,,,False,,
"2 - Chegg, Inc.",Aug 2026,8/15/2026,8/1/2026,USD,60170 Salary & Wages : PTO Expenses,Vendor,"-1,416",USD,230 - Admissions,50 - Skills,PTO ACCRUAL - Jul26,Journal,,,,False,,
"2 - Chegg, Inc.",Aug 2026,8/15/2026,8/1/2026,USD,60240 Other Compensation and Benefits : Employee Benefits,"WORLD INVESTMENT ADVISORS, LLC","12,000",USD,350 - Workplace Services,00 - Corporate,"APR26-JUN26, Sequoia 401K Advisory Services (1-APR-2026 TO 30-JUN-2026)",Bill,,,,False,,
"2 - Chegg, Inc.",Aug 2026,8/15/2026,8/1/2026,USD,60290 Other Compensation and Benefits : Other Employee Benefits,Vendor,-150,USD,331 - Legal,00 - Corporate,Michelle Youkhana,Journal,,,,False,,
"2 - Chegg, Inc.",Aug 2026,8/15/2026,8/1/2026,USD,60290 Other Compensation and Benefits : Other Employee Benefits,Vendor,-150,USD,380 - Content Operations,50 - Skills,Catalina Baker,Journal,,,,False,,
"2 - Chegg, Inc.",Aug 2026,8/15/2026,8/1/2026,USD,60290 Other Compensation and Benefits : Other Employee Benefits,Vendor,-134,USD,521 - Academic Advising,50 - Skills,Brooke Fontoura Sutliff,Journal,,,,False,,
"2 - Chegg, Inc.",Aug 2026,8/15/2026,8/1/2026,USD,61100 Marketing Expenses : Advertisement / Promotion,"SMARTLY.IO SOLUTIONS, INC.","-5,000",USD,201 - Brand Marketing,20 - Learning Services,Jul 2026 - Marketing Accrual,Journal,10585,MKTG-CS-Influence-US,MKTG-CS-Influence-US,True,,Non-accrual
"2 - Chegg, Inc.",Aug 2026,8/15/2026,8/1/2026,USD,61120 Marketing Expenses : Paid Media : Affiliate Commission,"IMPACT TECH, INC.","-23,570",USD,204 - Performance Marketing,20 - Learning Services,Jul 2026 - Marketing Accrual,Journal,10567,MKTG-CS-Affil-US,MKTG-CS-Affil-US,True,,Non-accrual
"2 - Chegg, Inc.",Aug 2026,8/15/2026,8/1/2026,USD,61130 Marketing Expenses : Market Research Expenses,SPI GLOBAL CONTENT HOLDING PTE LTD,"-11,000",USD,201 - Brand Marketing,50 - Skills,7/1/2026 Skills Mktg Videos,Journal,,,,False,,Non-accrual
"2 - Chegg, Inc.",Aug 2026,8/15/2026,8/1/2026,USD,61140 Marketing Expenses : Public Relations,APOLLO STRATEGIC COMMUNICATIONS LTD,"-25,000",USD,240 - Communications,20 - Learning Services,Jul 2026 - Marketing Accrual,Journal,10597,MKTG-SS-PR,MKTG-SS-PR,True,,Non-accrual
"2 - Chegg, Inc.",Aug 2026,8/15/2026,8/1/2026,USD,61140 Marketing Expenses : Public Relations,BUSINESS WIRE,"-3,160",USD,240 - Communications,20 - Learning Services,Jul 2026 - Marketing Accrual,Journal,,MKTG-SS-PR,MKTG-SS-PR,True,,Non-accrual
"2 - Chegg, Inc.",Aug 2026,8/15/2026,8/1/2026,USD,61150 Marketing Expenses : Paid Media : SEM,GOOGLE.COM,"-22,010",USD,204 - Performance Marketing,20 - Learning Services,Jul 2026 - Marketing Accrual,Journal,10570,MKTG-CS-SEM-US,MKTG-CS-SEM-US,True,,Non-accrual
"2 - Chegg, Inc.",Aug 2026,8/15/2026,8/1/2026,USD,61150 Marketing Expenses : Paid Media : SEM,GOOGLE.COM,"-15,425",USD,204 - Performance Marketing,20 - Learning Services,Jul 2026 - Marketing Accrual,Journal,10570,MKTG-CW-SEM-US,MKTG-CW-SEM-US,True,,Non-accrual
"2 - Chegg, Inc.",Aug 2026,8/15/2026,8/1/2026,USD,61150 Marketing Expenses : Paid Media : SEM,GOOGLE.COM,"-6,956",USD,204 - Performance Marketing,20 - Learning Services,Jul 2026 - Marketing Accrual,Journal,10776,MKTG-CS-SEM-US,MKTG-CS-SEM-US,True,,Non-accrual
"2 - Chegg, Inc.",Aug 2026,8/15/2026,8/1/2026,USD,61150 Marketing Expenses : Paid Media : SEM,GOOGLE.COM,"-6,785",USD,204 - Performance Marketing,20 - Learning Services,Jul 2026 - Marketing Accrual,Journal,10570,MKTG-EB-SEM-US,MKTG-EB-SEM-US,True,,Non-accrual
"2 - Chegg, Inc.",Aug 2026,8/15/2026,8/1/2026,USD,61150 Marketing Expenses : Paid Media : SEM,GOOGLE.COM,"-1,797",USD,204 - Performance Marketing,20 - Learning Services,Jul 2026 - Marketing Accrual,Journal,10570,MKTG-MW-SEM-US,MKTG-MW-SEM-US,True,,Non-accrual
"2 - Chegg, Inc.",Aug 2026,8/15/2026,8/1/2026,USD,61150 Marketing Expenses : Paid Media : SEM,INMOBI TECHNOLOGY SERVICES PTE. LTD,"-5,928",USD,204 - Performance Marketing,20 - Learning Services,Jul 2026 - Marketing Accrual,Journal,10587,MKTG-CW-SEM-US,MKTG-CW-SEM-US,True,,Non-accrual
"2 - Chegg, Inc.",Aug 2026,8/15/2026,8/1/2026,USD,61171 Marketing Expenses : Paid Media: Radio and Video,GOOGLE.COM,"-13,499",USD,201 - Brand Marketing,20 - Learning Services,Jul 2026 - Marketing Accrual,Journal,10570,MKTG-CS-Vid-US,MKTG-CS-Vid-US,False,,Non-accrual
"2 - Chegg, Inc.",Aug 2026,8/15/2026,8/1/2026,USD,61180 Marketing Expenses : Brand Marketing,APOLLO STRATEGIC COMMUNICATIONS LTD,"-1,441",USD,201 - Brand Marketing,50 - Skills,Open PO: Paid Media,Journal,10876,MKTG-SkillsB2B-Agency-US,MKTG-SkillsB2B-Agency-US,True,,Non-accrual
"2 - Chegg, Inc.",Aug 2026,8/15/2026,8/1/2026,USD,61200 Marketing Expenses : Creative Development,TALEX LLC,"-110,000",USD,203 - Creative Marketing,20 - Learning Services,Jul 2026 - Marketing Accrual,Journal,10594,MKTG-SS-Creative,MKTG-SS-Creative,True,,Non-accrual
"2 - Chegg, Inc.",Aug 2026,8/15/2026,8/1/2026,USD,61220 Marketing Expenses : Trade Shows,"IMPACT TECH, INC.","6,375",USD,204 - Performance Marketing,20 - Learning Services,CS-Affiliate Fee (1-Aug-2026 to 31-Aug-2026),Bill,10567,MKTG-CS-AffilOther-US,MKTG-CS-AffilOther-US,True,,Invoice
"2 - Chegg, Inc.",Aug 2026,8/15/2026,8/1/2026,USD,61220 Marketing Expenses : Trade Shows,INFOTRUST LLC,-220,USD,200 - Marketing Operations,20 - Learning Services,Jul 2026 - Marketing Accrual,Journal,10573,MKTG-CS-Agency-US,MKTG-CS-Agency-US,True,,Non-accrual
"2 - Chegg, Inc.",Aug 2026,8/15/2026,8/1/2026,USD,61220 Marketing Expenses : Trade Shows,INFOTRUST LLC,-154,USD,200 - Marketing Operations,20 - Learning Services,Jul 2026 - Marketing Accrual,Journal,10573,MKTG-CW-SEM-US,MKTG-CW-SEM-US,True,,Non-accrual
"2 - Chegg, Inc.",Aug 2026,8/15/2026,8/1/2026,USD,61220 Marketing Expenses : Trade Shows,INFOTRUST LLC,-129,USD,200 - Marketing Operations,20 - Learning Services,Jul 2026 - Marketing Accrual,Journal,10573,MKTG-EB-SEM-US,MKTG-EB-SEM-US,True,,Non-accrual
"2 - Chegg, Inc.",Aug 2026,8/15/2026,8/1/2026,USD,61220 Marketing Expenses : Trade Shows,INFOTRUST LLC,-32,USD,200 - Marketing Operations,20 - Learning Services,Jul 2026 - Marketing Accrual,Journal,10573,MKTG-MW-SEM-US,MKTG-MW-SEM-US,True,,Non-accrual
"2 - Chegg, Inc.",Aug 2026,8/15/2026,8/1/2026,USD,61220 Marketing Expenses : Trade Shows,TINUITI INC.,"-7,244",USD,200 - Marketing Operations,20 - Learning Services,Jul 2026 - Marketing Accrual,Journal,10586,MKTG-CS-Agency-US,MKTG-CS-Agency-US,True,,Non-accrual
"2 - Chegg, Inc.",Aug 2026,8/15/2026,8/1/2026,USD,61240 Marketing Expenses : Social Media,"META PLATFORMS, INC.","-22,724",USD,204 - Performance Marketing,20 - Learning Services,Jul 2026 - Marketing Accrual,Journal,10565,MKTG-CS-Social-US,MKTG-CS-Social-US,True,,Non-accrual
"2 - Chegg, Inc.",Aug 2026,8/15/2026,8/1/2026,USD,61240 Marketing Expenses : Social Media,"META PLATFORMS, INC.","22,707",USD,204 - Performance Marketing,20 - Learning Services,"JUL26, CS - Social",Bill,10565,MKTG-CS-Social-US,MKTG-CS-Social-US,True,,Invoice
"2 - Chegg, Inc.",Aug 2026,8/15/2026,8/1/2026,USD,61240 Marketing Expenses : Social Media,"REDDIT, INC.","-6,260",USD,204 - Performance Marketing,20 - Learning Services,Jul 2026 - Marketing Accrual,Journal,10750,MKTG-CS-Social-US,MKTG-CS-Social-US,True,,Non-accrual
"2 - Chegg, Inc.",Aug 2026,8/15/2026,8/1/2026,USD,61240 Marketing Expenses : Social Media,"REDDIT, INC.","6,262",USD,204 - Performance Marketing,20 - Learning Services,"JUL26, CS - Social (08-Jul-2026 TO 31-Jul-2026 )",Bill,10750,MKTG-CS-Social-US,MKTG-CS-Social-US,True,,Invoice
"2 - Chegg, Inc.",Aug 2026,8/15/2026,8/1/2026,USD,61240 Marketing Expenses : Social Media,SNAP INC.,"-108,151",USD,204 - Performance Marketing,20 - Learning Services,Jul 2026 - Marketing Accrual,Journal,10834,MKTG-CS-Social-US,MKTG-CS-Social-US,True,,Non-accrual
"2 - Chegg, Inc.",Aug 2026,8/15/2026,8/1/2026,USD,61260 Marketing Expenses : Marketing - Other,APOLLO STRATEGIC COMMUNICATIONS LTD,"-15,000",USD,225 - Partnerships,50 - Skills,Open PO: GTM agency support for Woolf,Journal,10784,MKTG-SkillsB2B-Content-US,MKTG-SkillsB2B-Content-US,True,,Non-accrual
"2 - Chegg, Inc.",Aug 2026,8/15/2026,8/1/2026,USD,62100 Technology Expenses : Web Hosting Expense,AMAZON WEB SERVICES INC,"25,492",USD,122 - Engineering Operations,00 - Corporate,"JUL26, AWS May 01 2024 to Apr 30 2029 (YEAR 2)",Bill,10218,,,False,,
"2 - Chegg, Inc.",Aug 2026,8/15/2026,8/1/2026,USD,62100 Technology Expenses : Web Hosting Expense,AMAZON WEB SERVICES INC,"120,000",USD,122 - Engineering Operations,00 - Corporate,"AUG26, AWS May 01 2024 to Apr 30 2029 (YEAR 2) (1-AUG-2026 TO 31-AUG-2026)",Bill,10218,,,False,,
"2 - Chegg, Inc.",Aug 2026,8/15/2026,8/1/2026,USD,62100 Technology Expenses : Web Hosting Expense,AMAZON WEB SERVICES INC,"738,882",USD,122 - Engineering Operations,00 - Corporate,"Jul26, AWS May 01 2024 to Apr 30 2029 (YEAR 2) (1-JUL-2026 TO 31-JUL-2026)",Bill,10218,,,False,,
"2 - Chegg, Inc.",Aug 2026,8/15/2026,8/1/2026,USD,62110 Technology Expenses : Software License/Renewal/Support - Electronically Delivered,"ADBLOCK, INC.",-262,USD,215 - Advertising Operations,20 - Learning Services,Open PO: Advertising Vendor,Journal,9569,,,False,,
"2 - Chegg, Inc.",Aug 2026,8/15/2026,8/1/2026,USD,62110 Technology Expenses : Software License/Renewal/Support - Electronically Delivered,ANTHROPIC PBC,"-58,845",USD,190 - IT Operations,00 - Corporate,Open PO: PO for Anthropic,Journal,10752,,,False,,
"2 - Chegg, Inc.",Aug 2026,8/15/2026,8/1/2026,USD,62110 Technology Expenses : Software License/Renewal/Support - Electronically Delivered,ANTHROPIC PBC,"58,846",USD,190 - IT Operations,00 - Corporate,"JUL26, PO for Anthropic (1-JUL-2026 TO 31-JUL-2026)",Bill,10752,,,False,,
"2 - Chegg, Inc.",Aug 2026,8/15/2026,8/1/2026,USD,62110 Technology Expenses : Software License/Renewal/Support - Electronically Delivered,CHARGEHOUND LLC,"3,230",USD,325 - FP & A,00 - Corporate,"JUL26-AUG26, Chargehound service to dispute chargebacks (1-JUL-2026 TO 1-AUG-2026)",Bill,8676,,,False,,
"2 - Chegg, Inc.",Aug 2026,8/15/2026,8/1/2026,USD,62110 Technology Expenses : Software License/Renewal/Support - Electronically Delivered,"CLOUDZERO, INC.","-10,937",USD,190 - IT Operations,00 - Corporate,Cloudzero renewal via AWS marketplace,Journal,,,,False,,
"2 - Chegg, Inc.",Aug 2026,8/15/2026,8/1/2026,USD,62110 Technology Expenses : Software License/Renewal/Support - Electronically Delivered,EQUIFAX INC.,"-6,000",USD,325 - FP & A,00 - Corporate,Open PO: Equifax (Kount),Journal,10898,,,False,,
"2 - Chegg, Inc.",Aug 2026,8/15/2026,8/1/2026,USD,62110 Technology Expenses : Software License/Renewal/Support - Electronically Delivered,"EXTERRO, INC.","-22,425",USD,190 - IT Operations,00 - Corporate,"Invoice INV23528 - JUN26-JUN27, Exterro Contractual Invoice for Year 3 (22-JUN-2026 TO 21-JUN-2027)",Journal,10893,LGL-General Corporate,LGL-General Corporate,False,,
"2 - Chegg, Inc.",Aug 2026,8/15/2026,8/1/2026,USD,62110 Technology Expenses : Software License/Renewal/Support - Electronically Delivered,"GLADLY SOFTWARE, INC.","-1,200",USD,580 - Support Operations,10 – Chegg Study,Open PO: Gladly Renewal and Telephony,Journal,10018,,,False,,
"2 - Chegg, Inc.",Aug 2026,8/15/2026,8/1/2026,USD,62110 Technology Expenses : Software License/Renewal/Support - Electronically Delivered,GOOGLE.COM,"-2,661",USD,215 - Advertising Operations,20 - Learning Services,Open PO: Google Ad Serving Fee,Journal,10760,,,False,,
"2 - Chegg, Inc.",Aug 2026,8/15/2026,8/1/2026,USD,62110 Technology Expenses : Software License/Renewal/Support - Electronically Delivered,GOOGLE.COM,"-1,000",USD,137 - Platform - Content Engineering,20 - Learning Services,Open PO: OCR and Translation,Journal,8284,,,False,,
"2 - Chegg, Inc.",Aug 2026,8/15/2026,8/1/2026,USD,62110 Technology Expenses : Software License/Renewal/Support - Electronically Delivered,RECURLY INC.,"-1,143",USD,142 - Engineering Monetization,20 - Learning Services,"Invoice 435340 - JUN26-JAN27, Mathway annual Recurly fees (Jul 29, 2026 â€“ Jan 29, 2027)",Journal,10791,,,False,,
"2 - Chegg, Inc.",Aug 2026,8/15/2026,8/1/2026,USD,62110 Technology Expenses : Software License/Renewal/Support - Electronically Delivered,RECURLY INC.,-19,USD,142 - Engineering Monetization,20 - Learning Services,"Invoice 435338 - July26, Mathway annual Recurly fees",Journal,10791,,,False,,
"2 - Chegg, Inc.",Aug 2026,8/15/2026,8/1/2026,USD,62110 Technology Expenses : Software License/Renewal/Support - Electronically Delivered,"SALESFORCE.COM, INC.","-10,086",USD,225 - Partnerships,20 - Learning Services,"Invoice 38120875 - JUN26 - JAN27,  00 Shared Services Salesforce Subscription ( 6/12/2026 - 1/30/2027)",Journal,10655,,,False,,
"2 - Chegg, Inc.",Aug 2026,8/15/2026,8/1/2026,USD,62110 Technology Expenses : Software License/Renewal/Support - Electronically Delivered,SHI INTERNATIONAL CORP.,"-106,786",USD,190 - IT Operations,00 - Corporate,"Open PO: Microsoft 365 Mar 09, 2026 to Mar 08, 2027",Journal,10695,,,False,,
"2 - Chegg, Inc.",Aug 2026,8/15/2026,8/1/2026,USD,62110 Technology Expenses : Software License/Renewal/Support - Electronically Delivered,SHI INTERNATIONAL CORP.,"-6,794",USD,190 - IT Operations,00 - Corporate,"Invoice B21311184 - JUN26-APR27, Adobe Creative Suite Year 3 of 3yr contract (6-JUN-2026 TO 29-APR-2027)",Journal,8659,,,False,,
"2 - Chegg, Inc.",Aug 2026,8/15/2026,8/1/2026,USD,62110 Technology Expenses : Software License/Renewal/Support - Electronically Delivered,SHI INTERNATIONAL CORP.,-267,USD,190 - IT Operations,00 - Corporate,"Invoice B21052641 - Mar26, Microsoft 365 add funds PO#9995 (3/1/2026- 3/31/2026)",Journal,10353,,,False,,
"2 - Chegg, Inc.",Aug 2026,8/15/2026,8/1/2026,USD,62110 Technology Expenses : Software License/Renewal/Support - Electronically Delivered,SHI INTERNATIONAL CORP.,-180,USD,190 - IT Operations,00 - Corporate,"Invoice B20935338 - MAR26, Microsoft 365 add funds PO#9995 (1-FEB-26 TO 28-FEB-26)",Journal,10353,,,False,,
"2 - Chegg, Inc.",Aug 2026,8/15/2026,8/1/2026,USD,62110 Technology Expenses : Software License/Renewal/Support - Electronically Delivered,SHI INTERNATIONAL CORP.,-180,USD,190 - IT Operations,00 - Corporate,"Invoice B21070131 - MAR26, Microsoft 365 Mar 09, 2026 to Mar 08, 2027",Journal,10695,,,False,,
"2 - Chegg, Inc.",Aug 2026,8/15/2026,8/1/2026,USD,62110 Technology Expenses : Software License/Renewal/Support - Electronically Delivered,"SYCOMP A TECHNOLOGY COMPANY, INC.","-99,999",USD,392 - Information Security,00 - Corporate,"Open PO: CCS-ENT Cribl Suite Cloud Enterprise Bundle - Total Number of Estimated Credits Based on Expected Consumption - QTY 300,001",Journal,10884,,,False,,
"2 - Chegg, Inc.",Aug 2026,8/15/2026,8/1/2026,USD,62110 Technology Expenses : Software License/Renewal/Support - Electronically Delivered,"TEMPORAL TECHNOLOGIES, INC.",-580,USD,141 - Engineering Engagement,50 - Skills,Open PO: Temporal 2026,Journal,10577,,,False,,
"2 - Chegg, Inc.",Aug 2026,8/15/2026,8/1/2026,USD,62110 Technology Expenses : Software License/Renewal/Support - Electronically Delivered,THE MEDIA TRUST,"-5,000",USD,215 - Advertising Operations,20 - Learning Services,Open PO: PO,Journal,10857,,,False,,
"2 - Chegg, Inc.",Aug 2026,8/15/2026,8/1/2026,USD,62110 Technology Expenses : Software License/Renewal/Support - Electronically Delivered,THE MEDIA TRUST,"-4,900",USD,215 - Advertising Operations,20 - Learning Services,Open PO: Advertising Vendor,Journal,10554,,,False,,
"2 - Chegg, Inc.",Aug 2026,8/15/2026,8/1/2026,USD,62110 Technology Expenses : Software License/Renewal/Support - Electronically Delivered,"TRACE3, LLC",-27,USD,190 - IT Operations,00 - Corporate,"Invoice INV1838726 - JUL26, Google Workspace April 2026 to April 2027",Journal,10756,,,False,,
"2 - Chegg, Inc.",Aug 2026,8/15/2026,8/1/2026,USD,62110 Technology Expenses : Software License/Renewal/Support - Electronically Delivered,ZOOM COMMUNICATIONS INC.,"-3,757",USD,190 - IT Operations,00 - Corporate,Invoice INV363791805 -,Journal,,,,False,,
"2 - Chegg, Inc.",Aug 2026,8/15/2026,8/1/2026,USD,62110 Technology Expenses : Software License/Renewal/Support - Electronically Delivered,ZOOM COMMUNICATIONS INC.,-11,USD,190 - IT Operations,00 - Corporate,"Invoice INV363144102 - JUL26, Zoom Rooms Monthly (22-JUL-2026 TO 27-JUL-2026)",Journal,10878,,,False,,
"2 - Chegg, Inc.",Aug 2026,8/15/2026,8/1/2026,USD,62150 Technology Expenses : Other Technology Expense,INTENT IQ LLC,-791,USD,215 - Advertising Operations,20 - Learning Services,Open PO: Advertising Vendor,Journal,8001,,,False,,
"2 - Chegg, Inc.",Aug 2026,8/15/2026,8/1/2026,USD,62150 Technology Expenses : Other Technology Expense,"LIVEINTENT, INC","-1,000",USD,215 - Advertising Operations,20 - Learning Services,Open PO: ID Solution,Journal,9903,,,False,,
"2 - Chegg, Inc.",Aug 2026,8/15/2026,8/1/2026,USD,62150 Technology Expenses : Other Technology Expense,MASTERCARD INTERNATIONAL INCORPORATED,"-2,000",USD,391 - Consumer Operations,00 - Corporate,Open PO: Ethoca Dispute Service,Journal,10531,,,False,,
"2 - Chegg, Inc.",Aug 2026,8/15/2026,8/1/2026,USD,62150 Technology Expenses : Other Technology Expense,"SYCOMP A TECHNOLOGY COMPANY, INC.","-8,310",USD,190 - IT Operations,00 - Corporate,"Invoice 114545 - Jan-Apr-may,26 ad hoc services + freight charges",Journal,10479,,,False,,
"2 - Chegg, Inc.",Aug 2026,8/15/2026,8/1/2026,USD,62150 Technology Expenses : Other Technology Expense,VERCEL INC.,"-118,413",USD,123 - Quality,20 - Learning Services,Open PO: Vercel Developer Ex,Journal,8928,,,False,,
"2 - Chegg, Inc.",Aug 2026,8/15/2026,8/1/2026,USD,63150 Facility Expenses : Rent Expense,SOHO HOUSE & CO INC. DBA SOHO WORKS 875 WASHINGTON LLC,621,USD,301 - CEO,00 - Corporate,"Header Charges for line: AUG26-SEP26, Office Agreement for DR (1-AUG-2026 TO 1-SEP-2026)",Bill,10640,,,False,,
"2 - Chegg, Inc.",Aug 2026,8/15/2026,8/1/2026,USD,63150 Facility Expenses : Rent Expense,SOHO HOUSE & CO INC. DBA SOHO WORKS 875 WASHINGTON LLC,"7,000",USD,301 - CEO,00 - Corporate,"AUG26-SEP26, Office Agreement for DR (1-AUG-2026 TO 1-SEP-2026)",Bill,10640,,,False,,
"2 - Chegg, Inc.",Aug 2026,8/15/2026,8/1/2026,USD,64100 Travel & Entertainment : Airfare,Vendor,"-1,168",USD,301 - CEO,00 - Corporate,Chuck Geiger,Journal,,,,False,,
"2 - Chegg, Inc.",Aug 2026,8/15/2026,8/1/2026,USD,64110 Travel & Entertainment : Car/Taxi,Vendor,-423,USD,301 - CEO,00 - Corporate,Chuck Geiger,Journal,,,,False,,
"2 - Chegg, Inc.",Aug 2026,8/15/2026,8/1/2026,USD,64110 Travel & Entertainment : Car/Taxi,Vendor,-226,USD,102 - Product - Engagement,50 - Skills,Meagan Hedels,Journal,,,,False,,
"2 - Chegg, Inc.",Aug 2026,8/15/2026,8/1/2026,USD,64130 Travel & Entertainment : Personal Meals,Vendor,-69,USD,102 - Product - Engagement,50 - Skills,Meagan Hedels,Journal,,,,False,,
"2 - Chegg, Inc.",Aug 2026,8/15/2026,8/1/2026,USD,64170 Travel & Entertainment : Hotel/Lodging,Vendor,"-1,033",USD,301 - CEO,00 - Corporate,Chuck Geiger,Journal,,,,False,,
"2 - Chegg, Inc.",Aug 2026,8/15/2026,8/1/2026,USD,64170 Travel & Entertainment : Hotel/Lodging,Vendor,-798,USD,366 - Business Operations Management,50 - Skills,Barry Finder,Journal,,,,False,,
"2 - Chegg, Inc.",Aug 2026,8/15/2026,8/1/2026,USD,65190 Professional fees : Other Consulting Fee,"ALVAREZ & MARSAL PRIVATE EQUITY PERFORMANCE IMPROVEMENT GROUP, LLC.","-150,000",USD,301 - CEO,00 - Corporate,July consumption for A&M,Journal,,,,False,,
"2 - Chegg, Inc.",Aug 2026,8/15/2026,8/1/2026,USD,65190 Professional fees : Other Consulting Fee,"AON CONSULTING, INC","-25,000",USD,341 - HR Operations,00 - Corporate,Open PO: Consulting Services,Journal,9789,,,False,,
"2 - Chegg, Inc.",Aug 2026,8/15/2026,8/1/2026,USD,65190 Professional fees : Other Consulting Fee,APOLLO STRATEGIC COMMUNICATIONS LTD,"-15,000",USD,225 - Partnerships,50 - Skills,July26 GTM for Woolf,Journal,,,,False,,
"2 - Chegg, Inc.",Aug 2026,8/15/2026,8/1/2026,USD,65190 Professional fees : Other Consulting Fee,JAMES C. KELLY,"-16,500",USD,380 - Content Operations,46 - Content Services,Consulting Services Invoice # 31,Journal,10761,,,False,,
"2 - Chegg, Inc.",Aug 2026,8/15/2026,8/1/2026,USD,65190 Professional fees : Other Consulting Fee,NABOO GROUP,"-3,368",USD,102 - Product - Engagement,50 - Skills,Open PO: AV Services Product Offsite,Journal,10880,,,False,,
"2 - Chegg, Inc.",Aug 2026,8/15/2026,8/1/2026,USD,65190 Professional fees : Other Consulting Fee,RISC POINT ADVISORY GROUP LLC,"35,792",USD,390 - Compliance,00 - Corporate,"AUG26, FTC & ISO Internal Audit and Risk Assessment",Bill,10630,,,False,,
"2 - Chegg, Inc.",Aug 2026,8/15/2026,8/1/2026,USD,65190 Professional fees : Other Consulting Fee,"STRATEGIC PARTNERSHIPS, LLC","-20,000",USD,225 - Partnerships,50 - Skills,"JUL26, Consulting services",Journal,,,,False,,
"2 - Chegg, Inc.",Aug 2026,8/15/2026,8/1/2026,USD,65230 Legal fees : Legal - Corporate,COOLEY LLP,"-35,485",USD,331 - Legal,00 - Corporate,Jul 2026 -,Journal,,LGL-FTC Investigation (ROSCA),LGL-FTC Investigation (ROSCA),False,,
"2 - Chegg, Inc.",Aug 2026,8/15/2026,8/1/2026,USD,65230 Legal fees : Legal - Corporate,COOLEY LLP,"-35,000",USD,331 - Legal,00 - Corporate,Jul 2026 -,Journal,,LGL-FTC Investigation,LGL-FTC Investigation,False,,
"2 - Chegg, Inc.",Aug 2026,8/15/2026,8/1/2026,USD,65230 Legal fees : Legal - Corporate,COOLEY LLP,"-1,504",USD,331 - Legal,00 - Corporate,Jul 2026 -,Journal,,LGL-Leventhal Litigation,LGL-Leventhal Litigation,False,,
"2 - Chegg, Inc.",Aug 2026,8/15/2026,8/1/2026,USD,65230 Legal fees : Legal - Corporate,COOLEY LLP,-272,USD,331 - Legal,00 - Corporate,Jul 2026 -,Journal,,LGL-N.D. Cal Subpoena,LGL-N.D. Cal Subpoena,False,,
"2 - Chegg, Inc.",Aug 2026,8/15/2026,8/1/2026,USD,65230 Legal fees : Legal - Corporate,CT CORPORATION SYSTEM,-489,USD,331 - Legal,00 - Corporate,Invoice 40808596-RI -,Journal,,,,False,,
"2 - Chegg, Inc.",Aug 2026,8/15/2026,8/1/2026,USD,65230 Legal fees : Legal - Corporate,CT CORPORATION SYSTEM,-275,USD,331 - Legal,00 - Corporate,Invoice 40805354-RI -,Journal,,,,False,,
"2 - Chegg, Inc.",Aug 2026,8/15/2026,8/1/2026,USD,65230 Legal fees : Legal - Corporate,CT CORPORATION SYSTEM,-25,USD,331 - Legal,00 - Corporate,Invoice 40805717-RI -,Journal,,,,False,,
"2 - Chegg, Inc.",Aug 2026,8/15/2026,8/1/2026,USD,65230 Legal fees : Legal - Corporate,DLA PIPER LLP,"-32,132",USD,331 - Legal,00 - Corporate,Jul 2026 -,Journal,,LGL-International Expansion-OFAC-Compliance,LGL-International Expansion-OFAC-Compliance,False,,
"2 - Chegg, Inc.",Aug 2026,8/15/2026,8/1/2026,USD,65230 Legal fees : Legal - Corporate,FAEGRE DRINKER BIDDLE & REATH LLP,"-78,000",USD,331 - Legal,00 - Corporate,Jul 2026 -,Journal,,Securities Compliance & Corporate Governance – Included Services,Securities Compliance & Corporate Governance – Included Services,False,,
"2 - Chegg, Inc.",Aug 2026,8/15/2026,8/1/2026,USD,65230 Legal fees : Legal - Corporate,FAEGRE DRINKER BIDDLE & REATH LLP,"-7,652",USD,331 - Legal,00 - Corporate,Jul 2026 -,Journal,,Securities Compliance & Corporate Governance –Excluded Services,Securities Compliance & Corporate Governance –Excluded Services,False,,
"2 - Chegg, Inc.",Aug 2026,8/15/2026,8/1/2026,USD,65230 Legal fees : Legal - Corporate,FAEGRE DRINKER BIDDLE & REATH LLP,-781,USD,331 - Legal,00 - Corporate,Jul 2026 -,Journal,,Stansell Books & Records Demand,Stansell Books & Records Demand,False,,
"2 - Chegg, Inc.",Aug 2026,8/15/2026,8/1/2026,USD,65230 Legal fees : Legal - Corporate,FOLEY & LARDNER LLP,"-1,000",USD,331 - Legal,00 - Corporate,Jul 2026 -,Journal,,LGL-IP,LGL-IP,False,,
"2 - Chegg, Inc.",Aug 2026,8/15/2026,8/1/2026,USD,65230 Legal fees : Legal - Corporate,LITTLER MENDELSON PC,"-99,400",USD,331 - Legal,00 - Corporate,July 2026 Littler UK Advise,Journal,,LGL-Labor and Employment matters,LGL-Labor and Employment matters,False,,
"2 - Chegg, Inc.",Aug 2026,8/15/2026,8/1/2026,USD,65230 Legal fees : Legal - Corporate,LITTLER MENDELSON PC,"-54,180",USD,331 - Legal,00 - Corporate,"Invoice 7580967 - May26, INDIA ADVICE",Journal,,LGL-Labor and Employment matters,LGL-Labor and Employment matters,False,,
"2 - Chegg, Inc.",Aug 2026,8/15/2026,8/1/2026,USD,65230 Legal fees : Legal - Corporate,LITTLER MENDELSON PC,-500,USD,331 - Legal,00 - Corporate,"July 2026 Littler Remhof, Denise (Litigation)",Journal,,LGL-Remhof Matter,LGL-Remhof Matter,False,,
"2 - Chegg, Inc.",Aug 2026,8/15/2026,8/1/2026,USD,65230 Legal fees : Legal - Corporate,LOEB & LOEB LLP,"-14,976",USD,331 - Legal,00 - Corporate,"Invoice 2665363 - Jun26, PROFESSIONAL SERVICES",Journal,,LGL-CPPA Investigation/Compliance,LGL-CPPA Investigation/Compliance,False,,
"2 - Chegg, Inc.",Aug 2026,8/15/2026,8/1/2026,USD,65230 Legal fees : Legal - Corporate,"ORRICK, HERRINGTON & SUTCLIFFE LLP","-21,834",USD,331 - Legal,00 - Corporate,July 2026 AI & Privacy Advice,Journal,,LGL - EU/GDPR Compliance,LGL - EU/GDPR Compliance,False,,
"2 - Chegg, Inc.",Aug 2026,8/15/2026,8/1/2026,USD,65230 Legal fees : Legal - Corporate,"ORRICK, HERRINGTON & SUTCLIFFE LLP","-12,673",USD,331 - Legal,00 - Corporate,"Invoice 180038826 - Apr26, For legal services in connection with Data Privacy & Privacy",Journal,,LGL - EU/GDPR Compliance,LGL - EU/GDPR Compliance,False,,
"2 - Chegg, Inc.",Aug 2026,8/15/2026,8/1/2026,USD,65230 Legal fees : Legal - Corporate,STINSON LLP,"-2,700",USD,331 - Legal,00 - Corporate,Jul 2026 -,Journal,,LGL-Freeman Litigation,LGL-Freeman Litigation,False,,
"2 - Chegg, Inc.",Aug 2026,8/15/2026,8/1/2026,USD,65240 Legal fees : Legal Fees - Litigation,"ANALYSIS GROUP, INC.","1,869",USD,331 - Legal,00 - Corporate,Estimated Reimbursement - Invoice 1064856,Journal,,LGL-Pearson Insurance Reimbursement,LGL-Pearson Insurance Reimbursement ,False,,
"2 - Chegg, Inc.",Aug 2026,8/15/2026,8/1/2026,USD,65240 Legal fees : Legal Fees - Litigation,"ANALYSIS GROUP, INC.","1,886",USD,331 - Legal,00 - Corporate,Estimated Reimbursement - Invoice 1071724,Journal,,LGL-Pearson Insurance Reimbursement,LGL-Pearson Insurance Reimbursement ,False,,
"2 - Chegg, Inc.",Aug 2026,8/15/2026,8/1/2026,USD,65240 Legal fees : Legal Fees - Litigation,"ANALYSIS GROUP, INC.","9,095",USD,331 - Legal,00 - Corporate,Estimated Reimbursement - Invoice 1056820,Journal,,LGL-Pearson Insurance Reimbursement,LGL-Pearson Insurance Reimbursement ,False,,
"2 - Chegg, Inc.",Aug 2026,8/15/2026,8/1/2026,USD,65240 Legal fees : Legal Fees - Litigation,"ANALYSIS GROUP, INC.","13,443",USD,331 - Legal,00 - Corporate,Estimated Reimbursement - Invoice 1069470,Journal,,LGL-Pearson Insurance Reimbursement,LGL-Pearson Insurance Reimbursement ,False,,
"2 - Chegg, Inc.",Aug 2026,8/15/2026,8/1/2026,USD,65240 Legal fees : Legal Fees - Litigation,"ANALYSIS GROUP, INC.","16,589",USD,331 - Legal,00 - Corporate,Estimated Reimbursement - Invoice 1072505,Journal,,LGL-Pearson Insurance Reimbursement,LGL-Pearson Insurance Reimbursement ,False,,
"2 - Chegg, Inc.",Aug 2026,8/15/2026,8/1/2026,USD,65240 Legal fees : Legal Fees - Litigation,"ANALYSIS GROUP, INC.","26,284",USD,331 - Legal,00 - Corporate,Estimated Reimbursement - Invoice 1058615,Journal,,LGL-Pearson Insurance Reimbursement,LGL-Pearson Insurance Reimbursement ,False,,
"2 - Chegg, Inc.",Aug 2026,8/15/2026,8/1/2026,USD,65240 Legal fees : Legal Fees - Litigation,"ANALYSIS GROUP, INC.","53,717",USD,331 - Legal,00 - Corporate,Estimated Reimbursement - Invoice 1063128,Journal,,LGL-Pearson Insurance Reimbursement,LGL-Pearson Insurance Reimbursement ,False,,
"2 - Chegg, Inc.",Aug 2026,8/15/2026,8/1/2026,USD,65240 Legal fees : Legal Fees - Litigation,"ANALYSIS GROUP, INC.","62,418",USD,331 - Legal,00 - Corporate,Estimated Reimbursement - Invoice 1067167,Journal,,LGL-Pearson Insurance Reimbursement,LGL-Pearson Insurance Reimbursement ,False,,
"2 - Chegg, Inc.",Aug 2026,8/15/2026,8/1/2026,USD,65240 Legal fees : Legal Fees - Litigation,"ANALYSIS GROUP, INC.","112,953",USD,331 - Legal,00 - Corporate,Estimated Reimbursement - Invoice 1068535,Journal,,LGL-Pearson Insurance Reimbursement,LGL-Pearson Insurance Reimbursement ,False,,
"2 - Chegg, Inc.",Aug 2026,8/15/2026,8/1/2026,USD,65240 Legal fees : Legal Fees - Litigation,CHIESA SHAHINIAN & GIANTOMASI PC,911,USD,331 - Legal,00 - Corporate,Estimated Reimbursement - Invoice 629351,Journal,,LGL-Pearson Insurance Reimbursement,LGL-Pearson Insurance Reimbursement ,False,,
"2 - Chegg, Inc.",Aug 2026,8/15/2026,8/1/2026,USD,65240 Legal fees : Legal Fees - Litigation,CHIESA SHAHINIAN & GIANTOMASI PC,"1,940",USD,331 - Legal,00 - Corporate,Estimated Reimbursement - Invoice 616775,Journal,,LGL-Pearson Insurance Reimbursement,LGL-Pearson Insurance Reimbursement ,False,,
"2 - Chegg, Inc.",Aug 2026,8/15/2026,8/1/2026,USD,65240 Legal fees : Legal Fees - Litigation,CHIESA SHAHINIAN & GIANTOMASI PC,"2,703",USD,331 - Legal,00 - Corporate,Estimated Reimbursement - Invoice 602281,Journal,,LGL-Pearson Insurance Reimbursement,LGL-Pearson Insurance Reimbursement ,False,,
"2 - Chegg, Inc.",Aug 2026,8/15/2026,8/1/2026,USD,65240 Legal fees : Legal Fees - Litigation,COOLEY LLP,"1,240",USD,331 - Legal,00 - Corporate,Estimated Reimbursement - Invoice 2912605,Journal,,LGL-Pearson Insurance Reimbursement,LGL-Pearson Insurance Reimbursement ,False,,
"2 - Chegg, Inc.",Aug 2026,8/15/2026,8/1/2026,USD,65240 Legal fees : Legal Fees - Litigation,COOLEY LLP,"4,507",USD,331 - Legal,00 - Corporate,Estimated Reimbursement - Invoice 2606534,Journal,,LGL-Pearson Insurance Reimbursement,LGL-Pearson Insurance Reimbursement ,False,,
"2 - Chegg, Inc.",Aug 2026,8/15/2026,8/1/2026,USD,65240 Legal fees : Legal Fees - Litigation,COOLEY LLP,"5,332",USD,331 - Legal,00 - Corporate,Estimated Reimbursement - Invoice 2961600,Journal,,LGL-Pearson Insurance Reimbursement,LGL-Pearson Insurance Reimbursement ,False,,
"2 - Chegg, Inc.",Aug 2026,8/15/2026,8/1/2026,USD,65240 Legal fees : Legal Fees - Litigation,COOLEY LLP,"22,605",USD,331 - Legal,00 - Corporate,Estimated Reimbursement - Invoice 2948915,Journal,,LGL-Pearson Insurance Reimbursement,LGL-Pearson Insurance Reimbursement ,False,,
"2 - Chegg, Inc.",Aug 2026,8/15/2026,8/1/2026,USD,65240 Legal fees : Legal Fees - Litigation,COOLEY LLP,"152,850",USD,331 - Legal,00 - Corporate,Estimated Reimbursement - Invoice 2936957,Journal,,LGL-Pearson Insurance Reimbursement,LGL-Pearson Insurance Reimbursement ,False,,
"2 - Chegg, Inc.",Aug 2026,8/15/2026,8/1/2026,USD,65240 Legal fees : Legal Fees - Litigation,COOLEY LLP,"203,317",USD,331 - Legal,00 - Corporate,Estimated Reimbursement - Invoice 2787618,Journal,,LGL-Pearson Insurance Reimbursement,LGL-Pearson Insurance Reimbursement ,False,,
"2 - Chegg, Inc.",Aug 2026,8/15/2026,8/1/2026,USD,65240 Legal fees : Legal Fees - Litigation,DANIEL E. INGBERMAN DBA THE RND GROUP,"31,840",USD,331 - Legal,00 - Corporate,Estimated Reimbursement - Invoice RND-Chegg-013,Journal,,LGL-Pearson Insurance Reimbursement,LGL-Pearson Insurance Reimbursement ,False,,
"2 - Chegg, Inc.",Aug 2026,8/15/2026,8/1/2026,USD,65240 Legal fees : Legal Fees - Litigation,DANIEL E. INGBERMAN DBA THE RND GROUP,"77,196",USD,331 - Legal,00 - Corporate,Estimated Reimbursement - Invoice RND-Chegg-003,Journal,,LGL-Pearson Insurance Reimbursement,LGL-Pearson Insurance Reimbursement ,False,,
"2 - Chegg, Inc.",Aug 2026,8/15/2026,8/1/2026,USD,65240 Legal fees : Legal Fees - Litigation,DANIEL E. INGBERMAN DBA THE RND GROUP,"93,151",USD,331 - Legal,00 - Corporate,Estimated Reimbursement - Invoice RND-Chegg-011,Journal,,LGL-Pearson Insurance Reimbursement,LGL-Pearson Insurance Reimbursement ,False,,
"2 - Chegg, Inc.",Aug 2026,8/15/2026,8/1/2026,USD,65240 Legal fees : Legal Fees - Litigation,DANIEL E. INGBERMAN DBA THE RND GROUP,"113,962",USD,331 - Legal,00 - Corporate,Estimated Reimbursement - Invoice RND-Chegg-005,Journal,,LGL-Pearson Insurance Reimbursement,LGL-Pearson Insurance Reimbursement ,False,,
"2 - Chegg, Inc.",Aug 2026,8/15/2026,8/1/2026,USD,65240 Legal fees : Legal Fees - Litigation,DANIEL E. INGBERMAN DBA THE RND GROUP,"114,744",USD,331 - Legal,00 - Corporate,Estimated Reimbursement - Invoice RND-Chegg-002,Journal,,LGL-Pearson Insurance Reimbursement,LGL-Pearson Insurance Reimbursement ,False,,
"2 - Chegg, Inc.",Aug 2026,8/15/2026,8/1/2026,USD,65240 Legal fees : Legal Fees - Litigation,DANIEL E. INGBERMAN DBA THE RND GROUP,"133,096",USD,331 - Legal,00 - Corporate,Estimated Reimbursement - Invoice RND-Chegg-004,Journal,,LGL-Pearson Insurance Reimbursement,LGL-Pearson Insurance Reimbursement ,False,,
"2 - Chegg, Inc.",Aug 2026,8/15/2026,8/1/2026,USD,65240 Legal fees : Legal Fees - Litigation,DANIEL E. INGBERMAN DBA THE RND GROUP,"187,886",USD,331 - Legal,00 - Corporate,Estimated Reimbursement - Invoice RND-Chegg-006,Journal,,LGL-Pearson Insurance Reimbursement,LGL-Pearson Insurance Reimbursement ,False,,
"2 - Chegg, Inc.",Aug 2026,8/15/2026,8/1/2026,USD,65240 Legal fees : Legal Fees - Litigation,DANIEL E. INGBERMAN DBA THE RND GROUP,"204,016",USD,331 - Legal,00 - Corporate,Estimated Reimbursement - Invoice RND-Chegg-010,Journal,,LGL-Pearson Insurance Reimbursement,LGL-Pearson Insurance Reimbursement ,False,,
"2 - Chegg, Inc.",Aug 2026,8/15/2026,8/1/2026,USD,65240 Legal fees : Legal Fees - Litigation,DANIEL E. INGBERMAN DBA THE RND GROUP,"220,332",USD,331 - Legal,00 - Corporate,Estimated Reimbursement - Invoice RND-Chegg-009,Journal,,LGL-Pearson Insurance Reimbursement,LGL-Pearson Insurance Reimbursement ,False,,
"2 - Chegg, Inc.",Aug 2026,8/15/2026,8/1/2026,USD,65240 Legal fees : Legal Fees - Litigation,DANIEL E. INGBERMAN DBA THE RND GROUP,"275,214",USD,331 - Legal,00 - Corporate,Estimated Reimbursement - Invoice RND-Chegg-007,Journal,,LGL-Pearson Insurance Reimbursement,LGL-Pearson Insurance Reimbursement ,False,,
"2 - Chegg, Inc.",Aug 2026,8/15/2026,8/1/2026,USD,65240 Legal fees : Legal Fees - Litigation,DANIEL E. INGBERMAN DBA THE RND GROUP,"369,455",USD,331 - Legal,00 - Corporate,Estimated Reimbursement - Invoice RND-Chegg-008,Journal,,LGL-Pearson Insurance Reimbursement,LGL-Pearson Insurance Reimbursement ,False,,
"2 - Chegg, Inc.",Aug 2026,8/15/2026,8/1/2026,USD,65240 Legal fees : Legal Fees - Litigation,FAEGRE DRINKER BIDDLE & REATH LLP,"-7,652",USD,331 - Legal,00 - Corporate,"Invoice 6264648 - JUN26, Securities Compliance & Corporate Governance - Excluded Services",Journal,,LGL-Securities Compliance & Corporate Governance â€“ Excluded Services,LGL-Securities Compliance & Corporate Governance â€“ Excluded Services,False,,
"2 - Chegg, Inc.",Aug 2026,8/15/2026,8/1/2026,USD,65240 Legal fees : Legal Fees - Litigation,"FENWICK & WEST, LLP",961,USD,331 - Legal,00 - Corporate,Estimated Reimbursement - Invoice 1067709,Journal,,LGL-Pearson Insurance Reimbursement,LGL-Pearson Insurance Reimbursement ,False,,
"2 - Chegg, Inc.",Aug 2026,8/15/2026,8/1/2026,USD,65240 Legal fees : Legal Fees - Litigation,HAL PORET LLC,"27,500",USD,331 - Legal,00 - Corporate,Estimated Reimbursement - Invoice CG-CC-0124,Journal,,LGL-Pearson Insurance Reimbursement,LGL-Pearson Insurance Reimbursement ,False,,
"2 - Chegg, Inc.",Aug 2026,8/15/2026,8/1/2026,USD,65240 Legal fees : Legal Fees - Litigation,"HKA GLOBAL, LLC","1,458",USD,331 - Legal,00 - Corporate,Estimated Reimbursement - Invoice 2001161,Journal,,LGL-Pearson Insurance Reimbursement,LGL-Pearson Insurance Reimbursement ,False,,
"2 - Chegg, Inc.",Aug 2026,8/15/2026,8/1/2026,USD,65240 Legal fees : Legal Fees - Litigation,"HKA GLOBAL, LLC","2,104",USD,331 - Legal,00 - Corporate,Estimated Reimbursement - Invoice 2001723,Journal,,LGL-Pearson Insurance Reimbursement,LGL-Pearson Insurance Reimbursement ,False,,
"2 - Chegg, Inc.",Aug 2026,8/15/2026,8/1/2026,USD,65240 Legal fees : Legal Fees - Litigation,MCCARTER & ENGLISH LLP,633,USD,331 - Legal,00 - Corporate,Estimated Reimbursement - Invoice 9156846,Journal,,LGL-Pearson Insurance Reimbursement,LGL-Pearson Insurance Reimbursement ,False,,
"2 - Chegg, Inc.",Aug 2026,8/15/2026,8/1/2026,USD,65240 Legal fees : Legal Fees - Litigation,MCCARTER & ENGLISH LLP,755,USD,331 - Legal,00 - Corporate,Estimated Reimbursement - Invoice 9163576,Journal,,LGL-Pearson Insurance Reimbursement,LGL-Pearson Insurance Reimbursement ,False,,
"2 - Chegg, Inc.",Aug 2026,8/15/2026,8/1/2026,USD,65240 Legal fees : Legal Fees - Litigation,MCCARTER & ENGLISH LLP,"2,479",USD,331 - Legal,00 - Corporate,Estimated Reimbursement - Invoice 9108987,Journal,,LGL-Pearson Insurance Reimbursement,LGL-Pearson Insurance Reimbursement ,False,,
"2 - Chegg, Inc.",Aug 2026,8/15/2026,8/1/2026,USD,65240 Legal fees : Legal Fees - Litigation,MCCARTER & ENGLISH LLP,"3,015",USD,331 - Legal,00 - Corporate,Estimated Reimbursement - Invoice 9115147,Journal,,LGL-Pearson Insurance Reimbursement,LGL-Pearson Insurance Reimbursement ,False,,
"2 - Chegg, Inc.",Aug 2026,8/15/2026,8/1/2026,USD,65240 Legal fees : Legal Fees - Litigation,MCCARTER & ENGLISH LLP,"3,426",USD,331 - Legal,00 - Corporate,Estimated Reimbursement - Invoice 9127874,Journal,,LGL-Pearson Insurance Reimbursement,LGL-Pearson Insurance Reimbursement ,False,,
"2 - Chegg, Inc.",Aug 2026,8/15/2026,8/1/2026,USD,65240 Legal fees : Legal Fees - Litigation,MCCARTER & ENGLISH LLP,"4,024",USD,331 - Legal,00 - Corporate,Estimated Reimbursement - Invoice 9138343,Journal,,LGL-Pearson Insurance Reimbursement,LGL-Pearson Insurance Reimbursement ,False,,
"2 - Chegg, Inc.",Aug 2026,8/15/2026,8/1/2026,USD,65240 Legal fees : Legal Fees - Litigation,MCCARTER & ENGLISH LLP,"4,454",USD,331 - Legal,00 - Corporate,Estimated Reimbursement - Invoice 9131739,Journal,,LGL-Pearson Insurance Reimbursement,LGL-Pearson Insurance Reimbursement ,False,,
"2 - Chegg, Inc.",Aug 2026,8/15/2026,8/1/2026,USD,65240 Legal fees : Legal Fees - Litigation,MCCARTER & ENGLISH LLP,"4,774",USD,331 - Legal,00 - Corporate,Estimated Reimbursement - Invoice 9065029,Journal,,LGL-Pearson Insurance Reimbursement,LGL-Pearson Insurance Reimbursement ,False,,
"2 - Chegg, Inc.",Aug 2026,8/15/2026,8/1/2026,USD,65240 Legal fees : Legal Fees - Litigation,MCCARTER & ENGLISH LLP,"5,831",USD,331 - Legal,00 - Corporate,Estimated Reimbursement - Invoice 9089619,Journal,,LGL-Pearson Insurance Reimbursement,LGL-Pearson Insurance Reimbursement ,False,,
"2 - Chegg, Inc.",Aug 2026,8/15/2026,8/1/2026,USD,65240 Legal fees : Legal Fees - Litigation,MCCARTER & ENGLISH LLP,"6,008",USD,331 - Legal,00 - Corporate,Estimated Reimbursement - Invoice 9144531,Journal,,LGL-Pearson Insurance Reimbursement,LGL-Pearson Insurance Reimbursement ,False,,
"2 - Chegg, Inc.",Aug 2026,8/15/2026,8/1/2026,USD,65240 Legal fees : Legal Fees - Litigation,MCCARTER & ENGLISH LLP,"18,516",USD,331 - Legal,00 - Corporate,Estimated Reimbursement - Invoice 9040441,Journal,,LGL-Pearson Insurance Reimbursement,LGL-Pearson Insurance Reimbursement ,False,,
"2 - Chegg, Inc.",Aug 2026,8/15/2026,8/1/2026,USD,65240 Legal fees : Legal Fees - Litigation,MCCARTER & ENGLISH LLP,"22,711",USD,331 - Legal,00 - Corporate,Estimated Reimbursement - Invoice 9035758,Journal,,LGL-Pearson Insurance Reimbursement,LGL-Pearson Insurance Reimbursement ,False,,
"2 - Chegg, Inc.",Aug 2026,8/15/2026,8/1/2026,USD,65240 Legal fees : Legal Fees - Litigation,ROBERT DALE PARKER,737,USD,331 - Legal,00 - Corporate,Estimated Reimbursement - Invoice 2,Journal,,LGL-Pearson Insurance Reimbursement,LGL-Pearson Insurance Reimbursement ,False,,
"2 - Chegg, Inc.",Aug 2026,8/15/2026,8/1/2026,USD,65240 Legal fees : Legal Fees - Litigation,ROBERT DALE PARKER,"1,733",USD,331 - Legal,00 - Corporate,Estimated Reimbursement - Invoice 4,Journal,,LGL-Pearson Insurance Reimbursement,LGL-Pearson Insurance Reimbursement ,False,,
"2 - Chegg, Inc.",Aug 2026,8/15/2026,8/1/2026,USD,65240 Legal fees : Legal Fees - Litigation,ROBERT DALE PARKER,"9,840",USD,331 - Legal,00 - Corporate,Estimated Reimbursement - Invoice 3,Journal,,LGL-Pearson Insurance Reimbursement,LGL-Pearson Insurance Reimbursement ,False,,
"2 - Chegg, Inc.",Aug 2026,8/15/2026,8/1/2026,USD,65240 Legal fees : Legal Fees - Litigation,ROBERT DALE PARKER,"15,978",USD,331 - Legal,00 - Corporate,Estimated Reimbursement - Invoice 1,Journal,,LGL-Pearson Insurance Reimbursement,LGL-Pearson Insurance Reimbursement ,False,,
"2 - Chegg, Inc.",Aug 2026,8/15/2026,8/1/2026,USD,65240 Legal fees : Legal Fees - Litigation,"TRANSPERFECT DOCUMENT MANAGEMENT, INC.",413,USD,331 - Legal,00 - Corporate,Estimated Reimbursement - Invoice 233636,Journal,,LGL-Pearson Insurance Reimbursement,LGL-Pearson Insurance Reimbursement ,False,,
"2 - Chegg, Inc.",Aug 2026,8/15/2026,8/1/2026,USD,65720 Outside services : Contractors,DEBRA THOMPSON,"-25,000",USD,301 - CEO,00 - Corporate,Open PO: Contract for Debra Thompson,Journal,10515,,,False,,
"2 - Chegg, Inc.",Aug 2026,8/15/2026,8/1/2026,USD,65720 Outside services : Contractors,INTOUCHCX INC.,"-61,725",USD,580 - Support Operations,10 – Chegg Study,Open PO: BPO support services,Journal,10787,,,False,,
"2 - Chegg, Inc.",Aug 2026,8/15/2026,8/1/2026,USD,65720 Outside services : Contractors,LATITUDE LLC,"-10,000",USD,331 - Legal,00 - Corporate,Open PO: PO For Brian Fleming Latitude Legal,Journal,10749,,,False,,
"2 - Chegg, Inc.",Aug 2026,8/15/2026,8/1/2026,USD,65720 Outside services : Contractors,LATITUDE LLC,"-8,000",USD,331 - Legal,00 - Corporate,Open PO: Legal Ops Contractor,Journal,10576,LGL-Other matters,LGL-Other matters,False,,
"2 - Chegg, Inc.",Aug 2026,8/15/2026,8/1/2026,USD,65720 Outside services : Contractors,LATITUDE LLC,"-5,000",USD,331 - Legal,00 - Corporate,Open PO: Corporate Attorney,Journal,10514,LGL-Other matters,LGL-Other matters,False,,
"2 - Chegg, Inc.",Aug 2026,8/15/2026,8/1/2026,USD,65720 Outside services : Contractors,NOA CARMEL VAN DEN BEUKEL,"-10,000",USD,160 - Commerce Engineering,20 - Learning Services,Open PO: UX research servcies,Journal,10829,,,False,,
"2 - Chegg, Inc.",Aug 2026,8/15/2026,8/1/2026,USD,65720 Outside services : Contractors,NOA CARMEL VAN DEN BEUKEL,"7,700",USD,160 - Commerce Engineering,20 - Learning Services,"July26, UX research servcies",Bill,10829,,,False,,
"2 - Chegg, Inc.",Aug 2026,8/15/2026,8/1/2026,USD,65720 Outside services : Contractors,NOA CARMEL VAN DEN BEUKEL,"13,750",USD,160 - Commerce Engineering,20 - Learning Services,"Jun26, UX research servcies through December",Bill,10829,,,False,,
"2 - Chegg, Inc.",Aug 2026,8/15/2026,8/1/2026,USD,65720 Outside services : Contractors,"QUOTABLY, LLC","-10,000",USD,170 - Engineering Management,20 - Learning Services,Open PO: Consulting Hours of Ben Tucker,Journal,10566,,,False,,
"2 - Chegg, Inc.",Aug 2026,8/15/2026,8/1/2026,USD,65720 Outside services : Contractors,TRACEY FORD,"-27,000",USD,301 - CEO,00 - Corporate,Open PO: Invoice for Tracey Ford (Jan-Jun 2026),Journal,10759,,,False,,
"2 - Chegg, Inc.",Aug 2026,8/15/2026,8/1/2026,USD,65720 Outside services : Contractors,UPWORK GLOBAL INC.,"-30,800",USD,380 - Content Operations,46 - Content Services,Open PO: Contractor payment fees through Upwork,Journal,10795,,,False,,
"2 - Chegg, Inc.",Aug 2026,8/15/2026,8/1/2026,USD,65720 Outside services : Contractors,UPWORK GLOBAL INC.,"-20,000",USD,301 - CEO,00 - Corporate,Open PO: Joseph Ramirez's contract,Journal,10650,,,False,,
"2 - Chegg, Inc.",Aug 2026,8/15/2026,8/1/2026,USD,65720 Outside services : Contractors,UPWORK GLOBAL INC.,"-15,000",USD,190 - IT Operations,00 - Corporate,Open PO: IT Contractor - Ben Cooper,Journal,10727,,,False,,
"2 - Chegg, Inc.",Aug 2026,8/15/2026,8/1/2026,USD,65720 Outside services : Contractors,UPWORK GLOBAL INC.,"-12,000",USD,301 - CEO,00 - Corporate,Open PO: Contract for Cindy Trieu via Upwork,Journal,10604,,,False,,
"2 - Chegg, Inc.",Aug 2026,8/15/2026,8/1/2026,USD,65790 Outside services : Other Outside Services,FOCUS CLOUD LIMITED,"-20,000",USD,345 - Total Rewards,00 - Corporate,Open PO: Workday HCM Optimization Consultant,Journal,10455,,,False,,
"2 - Chegg, Inc.",Aug 2026,8/15/2026,8/1/2026,USD,66300 Office Expenses : Food Services,Vendor,-297,USD,102 - Product - Engagement,50 - Skills,Meagan Hedels,Journal,,,,False,,
"2 - Chegg, Inc.",Aug 2026,8/15/2026,8/1/2026,USD,66300 Office Expenses : Food Services,Vendor,-125,USD,101 - Product - Discovery,20 - Learning Services,Tiffany Poon,Journal,,,,False,,
"2 - Chegg, Inc.",Aug 2026,8/15/2026,8/1/2026,USD,66510 Unrealized Gain/Loss,Vendor,"-753,268",USD,321 - Accounting,00 - Corporate,,Currency Revaluation,,,,False,,
"2 - Chegg, Inc.",Aug 2026,8/15/2026,8/1/2026,USD,66510 Unrealized Gain/Loss,Vendor,-129,USD,321 - Accounting,00 - Corporate,,Currency Revaluation,,,,False,,
"2 - Chegg, Inc.",Aug 2026,8/15/2026,8/1/2026,USD,66510 Unrealized Gain/Loss,Vendor,-33,USD,321 - Accounting,00 - Corporate,,Currency Revaluation,,,,False,,
"2 - Chegg, Inc.",Aug 2026,8/15/2026,8/1/2026,USD,66510 Unrealized Gain/Loss,Vendor,-17,USD,321 - Accounting,00 - Corporate,,Currency Revaluation,,,,False,,
"2 - Chegg, Inc.",Aug 2026,8/15/2026,8/1/2026,USD,66510 Unrealized Gain/Loss,Vendor,-15,USD,321 - Accounting,00 - Corporate,,Currency Revaluation,,,,False,,
"2 - Chegg, Inc.",Aug 2026,8/15/2026,8/1/2026,USD,66510 Unrealized Gain/Loss,Vendor,-13,USD,321 - Accounting,00 - Corporate,,Currency Revaluation,,,,False,,
"2 - Chegg, Inc.",Aug 2026,8/15/2026,8/1/2026,USD,66510 Unrealized Gain/Loss,Vendor,-6,USD,321 - Accounting,00 - Corporate,,Currency Revaluation,,,,False,,
"2 - Chegg, Inc.",Aug 2026,8/15/2026,8/1/2026,USD,66510 Unrealized Gain/Loss,Vendor,-5,USD,321 - Accounting,00 - Corporate,,Currency Revaluation,,,,False,,
"2 - Chegg, Inc.",Aug 2026,8/15/2026,8/1/2026,USD,66510 Unrealized Gain/Loss,Vendor,-5,USD,321 - Accounting,00 - Corporate,,Currency Revaluation,,,,False,,
"2 - Chegg, Inc.",Aug 2026,8/15/2026,8/1/2026,USD,66510 Unrealized Gain/Loss,Vendor,-3,USD,321 - Accounting,00 - Corporate,,Currency Revaluation,,,,False,,
"2 - Chegg, Inc.",Aug 2026,8/15/2026,8/1/2026,USD,66510 Unrealized Gain/Loss,Vendor,-3,USD,321 - Accounting,00 - Corporate,,Currency Revaluation,,,,False,,
"2 - Chegg, Inc.",Aug 2026,8/15/2026,8/1/2026,USD,66510 Unrealized Gain/Loss,Vendor,-2,USD,321 - Accounting,00 - Corporate,,Currency Revaluation,,,,False,,
"2 - Chegg, Inc.",Aug 2026,8/15/2026,8/1/2026,USD,66510 Unrealized Gain/Loss,Vendor,-2,USD,321 - Accounting,00 - Corporate,,Currency Revaluation,,,,False,,
"2 - Chegg, Inc.",Aug 2026,8/15/2026,8/1/2026,USD,66510 Unrealized Gain/Loss,Vendor,-2,USD,321 - Accounting,00 - Corporate,,Currency Revaluation,,,,False,,
"2 - Chegg, Inc.",Aug 2026,8/15/2026,8/1/2026,USD,66510 Unrealized Gain/Loss,Vendor,-1,USD,321 - Accounting,00 - Corporate,,Currency Revaluation,,,,False,,
"2 - Chegg, Inc.",Aug 2026,8/15/2026,8/1/2026,USD,66510 Unrealized Gain/Loss,Vendor,-1,USD,321 - Accounting,00 - Corporate,,Currency Revaluation,,,,False,,
"2 - Chegg, Inc.",Aug 2026,8/15/2026,8/1/2026,USD,66510 Unrealized Gain/Loss,Vendor,-0,USD,321 - Accounting,00 - Corporate,,Currency Revaluation,,,,False,,
"2 - Chegg, Inc.",Aug 2026,8/15/2026,8/1/2026,USD,66510 Unrealized Gain/Loss,Vendor,-0,USD,321 - Accounting,00 - Corporate,,Currency Revaluation,,,,False,,
"2 - Chegg, Inc.",Aug 2026,8/15/2026,8/1/2026,USD,66510 Unrealized Gain/Loss,Vendor,-0,USD,321 - Accounting,00 - Corporate,,Currency Revaluation,,,,False,,
"2 - Chegg, Inc.",Aug 2026,8/15/2026,8/1/2026,USD,66510 Unrealized Gain/Loss,Vendor,-0,USD,321 - Accounting,00 - Corporate,,Currency Revaluation,,,,False,,
"2 - Chegg, Inc.",Aug 2026,8/15/2026,8/1/2026,USD,66510 Unrealized Gain/Loss,Vendor,-0,USD,321 - Accounting,00 - Corporate,,Currency Revaluation,,,,False,,
"2 - Chegg, Inc.",Aug 2026,8/15/2026,8/1/2026,USD,66510 Unrealized Gain/Loss,Vendor,-0,USD,321 - Accounting,00 - Corporate,,Currency Revaluation,,,,False,,
"2 - Chegg, Inc.",Aug 2026,8/15/2026,8/1/2026,USD,66510 Unrealized Gain/Loss,Vendor,-0,USD,321 - Accounting,00 - Corporate,,Currency Revaluation,,,,False,,
"2 - Chegg, Inc.",Aug 2026,8/15/2026,8/1/2026,USD,66510 Unrealized Gain/Loss,Vendor,0,USD,321 - Accounting,00 - Corporate,,Currency Revaluation,,,,False,,
"2 - Chegg, Inc.",Aug 2026,8/15/2026,8/1/2026,USD,66510 Unrealized Gain/Loss,Vendor,0,USD,321 - Accounting,00 - Corporate,,Currency Revaluation,,,,False,,
"2 - Chegg, Inc.",Aug 2026,8/15/2026,8/1/2026,USD,66510 Unrealized Gain/Loss,Vendor,0,USD,321 - Accounting,00 - Corporate,,Currency Revaluation,,,,False,,
"2 - Chegg, Inc.",Aug 2026,8/15/2026,8/1/2026,USD,66510 Unrealized Gain/Loss,Vendor,0,USD,321 - Accounting,00 - Corporate,,Currency Revaluation,,,,False,,
"2 - Chegg, Inc.",Aug 2026,8/15/2026,8/1/2026,USD,66510 Unrealized Gain/Loss,Vendor,0,USD,321 - Accounting,00 - Corporate,,Currency Revaluation,,,,False,,
"2 - Chegg, Inc.",Aug 2026,8/15/2026,8/1/2026,USD,66510 Unrealized Gain/Loss,Vendor,0,USD,321 - Accounting,00 - Corporate,,Currency Revaluation,,,,False,,
"2 - Chegg, Inc.",Aug 2026,8/15/2026,8/1/2026,USD,66510 Unrealized Gain/Loss,Vendor,1,USD,321 - Accounting,00 - Corporate,,Currency Revaluation,,,,False,,
"2 - Chegg, Inc.",Aug 2026,8/15/2026,8/1/2026,USD,66510 Unrealized Gain/Loss,Vendor,1,USD,321 - Accounting,00 - Corporate,,Currency Revaluation,,,,False,,
"2 - Chegg, Inc.",Aug 2026,8/15/2026,8/1/2026,USD,66510 Unrealized Gain/Loss,Vendor,1,USD,321 - Accounting,00 - Corporate,,Currency Revaluation,,,,False,,
"2 - Chegg, Inc.",Aug 2026,8/15/2026,8/1/2026,USD,66510 Unrealized Gain/Loss,Vendor,1,USD,321 - Accounting,00 - Corporate,,Currency Revaluation,,,,False,,
"2 - Chegg, Inc.",Aug 2026,8/15/2026,8/1/2026,USD,66510 Unrealized Gain/Loss,Vendor,1,USD,321 - Accounting,00 - Corporate,,Currency Revaluation,,,,False,,
"2 - Chegg, Inc.",Aug 2026,8/15/2026,8/1/2026,USD,66510 Unrealized Gain/Loss,Vendor,2,USD,321 - Accounting,00 - Corporate,,Currency Revaluation,,,,False,,
"2 - Chegg, Inc.",Aug 2026,8/15/2026,8/1/2026,USD,66510 Unrealized Gain/Loss,Vendor,2,USD,321 - Accounting,00 - Corporate,,Currency Revaluation,,,,False,,
"2 - Chegg, Inc.",Aug 2026,8/15/2026,8/1/2026,USD,66510 Unrealized Gain/Loss,Vendor,2,USD,321 - Accounting,00 - Corporate,,Currency Revaluation,,,,False,,
"2 - Chegg, Inc.",Aug 2026,8/15/2026,8/1/2026,USD,66510 Unrealized Gain/Loss,Vendor,3,USD,321 - Accounting,00 - Corporate,,Currency Revaluation,,,,False,,
"2 - Chegg, Inc.",Aug 2026,8/15/2026,8/1/2026,USD,66510 Unrealized Gain/Loss,Vendor,3,USD,321 - Accounting,00 - Corporate,,Currency Revaluation,,,,False,,
"2 - Chegg, Inc.",Aug 2026,8/15/2026,8/1/2026,USD,66510 Unrealized Gain/Loss,Vendor,4,USD,321 - Accounting,00 - Corporate,,Currency Revaluation,,,,False,,
"2 - Chegg, Inc.",Aug 2026,8/15/2026,8/1/2026,USD,66510 Unrealized Gain/Loss,Vendor,21,USD,321 - Accounting,00 - Corporate,,Currency Revaluation,,,,False,,
"2 - Chegg, Inc.",Aug 2026,8/15/2026,8/1/2026,USD,66510 Unrealized Gain/Loss,Vendor,25,USD,321 - Accounting,00 - Corporate,,Currency Revaluation,,,,False,,
"2 - Chegg, Inc.",Aug 2026,8/15/2026,8/1/2026,USD,66510 Unrealized Gain/Loss,Vendor,164,USD,321 - Accounting,00 - Corporate,,Currency Revaluation,,,,False,,
"2 - Chegg, Inc.",Aug 2026,8/15/2026,8/1/2026,USD,66510 Unrealized Gain/Loss,Vendor,"110,688",USD,321 - Accounting,00 - Corporate,,Currency Revaluation,,,,False,,
"2 - Chegg, Inc.",Aug 2026,8/15/2026,8/1/2026,USD,66510 Unrealized Gain/Loss,Vendor,"135,404",USD,321 - Accounting,00 - Corporate,,Currency Revaluation,,,,False,,
"2 - Chegg, Inc.",Aug 2026,8/15/2026,8/1/2026,USD,66510 Unrealized Gain/Loss,Vendor,"265,046",USD,321 - Accounting,00 - Corporate,Jul-26 Reclass unrealised FX to CTA,Journal,,,,False,,
"2 - Chegg, Inc.",Aug 2026,8/15/2026,8/2/2026,USD,61240 Marketing Expenses : Social Media,SNAP INC.,"45,246",USD,204 - Performance Marketing,20 - Learning Services,"July26, CS - Social (01-Jul-2026 to 31-Jul-2026)",Bill,10834,MKTG-CS-Social-US,MKTG-CS-Social-US,True,,Invoice
"2 - Chegg, Inc.",Aug 2026,8/15/2026,8/2/2026,USD,62110 Technology Expenses : Software License/Renewal/Support - Electronically Delivered,"TEMPORAL TECHNOLOGIES, INC.",943,USD,141 - Engineering Engagement,50 - Skills,"July26, Temporal 2026 (Jul 01 2026 - Jul 31 2026)",Bill,10577,,,False,,
"2 - Chegg, Inc.",Aug 2026,8/15/2026,8/3/2026,USD,60290 Other Compensation and Benefits : Other Employee Benefits,ACA TRACK LLC.,442,USD,345 - Total Rewards,00 - Corporate,"Aug26, 2026 ACA Track 1095-C Services",Bill,10792,,,False,,
"2 - Chegg, Inc.",Aug 2026,8/15/2026,8/3/2026,USD,65120 Professional fees : Tax Fees,RYAN LLC.,"4,974",USD,323 - Tax,00 - Corporate,"JUL26, Sales & Use Tax Compliance Services - 2026",Bill,10690,,,False,,
"2 - Chegg, Inc.",Aug 2026,8/15/2026,8/3/2026,USD,65230 Legal fees : Legal - Corporate,AVIA GLOBAL CONSULTING CORPORATION,"1,125",USD,331 - Legal,00 - Corporate,"JUL26, Work performed by Lillian",Bill,,LGL-Google Litigation,LGL-Google Litigation,False,,
"2 - Chegg, Inc.",Aug 2026,8/15/2026,8/3/2026,USD,65230 Legal fees : Legal - Corporate,MOORGATE PV HOLDINGS LLC DBA PROXYMITY LLC,412,USD,331 - Legal,00 - Corporate,"JUN26, PO for Proxymity LLC",Bill,10887,LGL-Public Company Matters – Proxy and Annual Meeting Costs,LGL-Public Company Matters – Proxy and Annual Meeting Costs,False,,
"2 - Chegg, Inc.",Aug 2026,8/15/2026,8/3/2026,USD,65790 Outside services : Other Outside Services,FACTSET RESEARCH SYSTEMS INC.,955,USD,324 - Investor Relations,00 - Corporate,"Aug26, Service for sellside research and consensus",Bill,9780,,,False,,
"2 - Chegg, Inc.",Aug 2026,8/15/2026,8/3/2026,USD,66180 Office Expenses : Bad Debt Expense,AppNexus Prebid,39,USD,321 - Accounting,00 - Corporate,small amt $39.20 write off invoice no #299535329,Credit Memo,,,,False,,
"2 - Chegg, Inc.",Aug 2026,8/15/2026,8/3/2026,USD,66180 Office Expenses : Bad Debt Expense,Index Exchange,10,USD,321 - Accounting,00 - Corporate,small amt $9.72 write off invoice no #299535285,Credit Memo,,,,False,,
"2 - Chegg, Inc.",Aug 2026,8/15/2026,8/3/2026,USD,66180 Office Expenses : Bad Debt Expense,Index Exchange,422,USD,321 - Accounting,00 - Corporate,small amt $421.89 write off invoice no #299535284,Credit Memo,,,,False,,
"2 - Chegg, Inc.",Aug 2026,8/15/2026,8/3/2026,USD,66180 Office Expenses : Bad Debt Expense,OneTag,38,USD,321 - Accounting,00 - Corporate,small amt $37.84 write off invoice no #299535313,Credit Memo,,,,False,,
"2 - Chegg, Inc.",Aug 2026,8/15/2026,8/3/2026,USD,66180 Office Expenses : Bad Debt Expense,Rubicon Project,144,USD,321 - Accounting,00 - Corporate,small amt $144.41 write off invoice no #299535326,Credit Memo,,,,False,,
"2 - Chegg, Inc.",Aug 2026,8/15/2026,8/4/2026,USD,61220 Marketing Expenses : Trade Shows,"SMARTLY.IO SOLUTIONS, INC.","5,000",USD,204 - Performance Marketing,20 - Learning Services,"Jul26, CS-Agency",Bill,10585,MKTG-CS-Agency-US,MKTG-CS-Agency-US,True,,Invoice
"2 - Chegg, Inc.",Aug 2026,8/15/2026,8/4/2026,USD,62110 Technology Expenses : Software License/Renewal/Support - Electronically Delivered,LOGRHYTHM INC DBA EXABEAM,"44,749",USD,392 - Information Security,00 - Corporate,"AUG26-AUG27, Exabeam New Scale Fusion Subscription (4-AUG-2026 TO 3-AUG-2027)",Bill,10900,,,False,,
"2 - Chegg, Inc.",Aug 2026,8/15/2026,8/4/2026,USD,62110 Technology Expenses : Software License/Renewal/Support - Electronically Delivered,LOGRHYTHM INC DBA EXABEAM,"115,234",USD,392 - Information Security,00 - Corporate,"AUG26-AUG27, Exabeam New Scale Fusion Subscription (4-AUG-2026 TO 3-AUG-2027)",Bill,10900,,,False,,
"2 - Chegg, Inc.",Aug 2026,8/15/2026,8/4/2026,USD,65720 Outside services : Contractors,"QUOTABLY, LLC","6,750",USD,170 - Engineering Management,20 - Learning Services,"JUL26, Consulting Hours of Ben Tucker (20-JUL-2026 TO 26-JUL-2026)",Bill,10566,,,False,,
"2 - Chegg, Inc.",Aug 2026,8/15/2026,8/4/2026,USD,65720 Outside services : Contractors,"QUOTABLY, LLC","6,900",USD,170 - Engineering Management,20 - Learning Services,"JUL26-AUG26, Consulting Hours of Ben Tucker (27th-jul-26 to 2nd-Aug-26)",Bill,10566,,,False,,
"2 - Chegg, Inc.",Aug 2026,8/15/2026,8/4/2026,USD,66180 Office Expenses : Bad Debt Expense,AOL,5,USD,321 - Accounting,00 - Corporate,small amt $5.22 write off invoice no #299535318,Credit Memo,,,,False,,
"2 - Chegg, Inc.",Aug 2026,8/15/2026,8/4/2026,USD,66180 Office Expenses : Bad Debt Expense,Nexxen International Ltd,34,USD,321 - Accounting,00 - Corporate,small amt $33.54 write off invoice no #299535316,Credit Memo,,,,False,,
"2 - Chegg, Inc.",Aug 2026,8/15/2026,8/4/2026,USD,66180 Office Expenses : Bad Debt Expense,SOVRN,0,USD,321 - Accounting,00 - Corporate,small amt $0.02 write off invoice no#299535298,Credit Memo,,,,False,,
"2 - Chegg, Inc.",Aug 2026,8/15/2026,8/5/2026,USD,61150 Marketing Expenses : Paid Media : SEM,INMOBI TECHNOLOGY SERVICES PTE. LTD,"2,997",USD,204 - Performance Marketing,20 - Learning Services,"July26, CW - SEM",Bill,10587,MKTG-CW-SEM-US,MKTG-CW-SEM-US,True,,Invoice
"2 - Chegg, Inc.",Aug 2026,8/15/2026,8/5/2026,USD,61150 Marketing Expenses : Paid Media : SEM,INMOBI TECHNOLOGY SERVICES PTE. LTD,"5,928",USD,204 - Performance Marketing,20 - Learning Services,"JUL26, CW - SEM",Bill,10587,MKTG-CW-SEM-US,MKTG-CW-SEM-US,True,,Invoice
"2 - Chegg, Inc.",Aug 2026,8/15/2026,8/5/2026,USD,65720 Outside services : Contractors,LATITUDE LLC,"8,190",USD,331 - Legal,00 - Corporate,"JUL26-AUG26, Legal Ops Contractor (19th-Jul-26 to 1st-Aug-26)",Bill,10576,LGL-Other matters,LGL-Other matters,False,,
"2 - Chegg, Inc.",Aug 2026,8/15/2026,8/5/2026,USD,65720 Outside services : Contractors,LATITUDE LLC,"12,188",USD,331 - Legal,00 - Corporate,"July26, PO For Brian Fleming Latitude Legal  (19-Jul-2026 to 1-Aug-2026)",Bill,10749,,,False,,
"2 - Chegg, Inc.",Aug 2026,8/15/2026,8/6/2026,USD,62110 Technology Expenses : Software License/Renewal/Support - Electronically Delivered,HackerOne Inc.,"10,000",USD,392 - Information Security,00 - Corporate,"AUG26-JUL27, Bug Bounty Services (1-AUG-2026 TO 31-JUL-2027)",Bill,10901,,,False,,
"2 - Chegg, Inc.",Aug 2026,8/15/2026,8/6/2026,USD,62110 Technology Expenses : Software License/Renewal/Support - Electronically Delivered,HackerOne Inc.,"22,000",USD,392 - Information Security,00 - Corporate,"Aug26, Bug Bounty Services(1-Aug-2026 to 31-Jul-2027)",Bill,10901,,,False,,
"2 - Chegg, Inc.",Aug 2026,8/15/2026,8/6/2026,USD,65190 Professional fees : Other Consulting Fee,"AON CONSULTING, INC","61,400",USD,341 - HR Operations,00 - Corporate,"AUG26-JUL27, Radford Global Data Services (August 2026 - July 2027)",Bill,10914,,,False,,
"2 - Chegg, Inc.",Aug 2026,8/15/2026,8/6/2026,USD,66180 Office Expenses : Bad Debt Expense,Undertone,-1,USD,321 - Accounting,00 - Corporate,small amt $1.09 write off invoice no # 299535323,Invoice,,,,False,,
"2 - Chegg, Inc.",Aug 2026,8/15/2026,8/7/2026,GBP,65120 Professional fees : Tax Fees,VAT COMPLIANCE EUROPE LIMITED,"2,230",USD,323 - Tax,00 - Corporate,"Aug26, International VAT Compliance",Bill,10504,,,False,,
"2 - Chegg, Inc.",Aug 2026,8/15/2026,8/7/2026,USD,61150 Marketing Expenses : Paid Media : SEM,INFOTRUST LLC,136,USD,204 - Performance Marketing,20 - Learning Services,"JUL26, CW - SEM",Bill,10573,MKTG-CW-SEM-US,MKTG-CW-SEM-US,True,,Invoice
"2 - Chegg, Inc.",Aug 2026,8/15/2026,8/7/2026,USD,61220 Marketing Expenses : Trade Shows,INFOTRUST LLC,202,USD,204 - Performance Marketing,20 - Learning Services,"JUL26, CS - Agency",Bill,10573,MKTG-CS-Agency-US,MKTG-CS-Agency-US,True,,Invoice
"2 - Chegg, Inc.",Aug 2026,8/15/2026,8/7/2026,USD,65230 Legal fees : Legal - Corporate,COOLEY LLP,807,USD,331 - Legal,00 - Corporate,"JUL26, FTC Compliance",Bill,,LGL-FTC Investigation,LGL-FTC Investigation,False,,
"2 - Chegg, Inc.",Aug 2026,8/15/2026,8/7/2026,USD,65230 Legal fees : Legal - Corporate,COOLEY LLP,"35,000",USD,331 - Legal,00 - Corporate,"JUL26, FTC Compliance",Bill,,LGL-FTC Investigation,LGL-FTC Investigation,False,,
"2 - Chegg, Inc.",Aug 2026,8/15/2026,8/7/2026,USD,65230 Legal fees : Legal - Corporate,LOEB & LOEB LLP,"2,390",USD,331 - Legal,00 - Corporate,"JUL26, PROFESSIONAL SERVICES",Bill,,LGL-CPPA Investigation/Compliance,LGL-CPPA Investigation/Compliance,False,,
"2 - Chegg, Inc.",Aug 2026,8/15/2026,8/7/2026,USD,65230 Legal fees : Legal - Corporate,LOEB & LOEB LLP,"4,125",USD,331 - Legal,00 - Corporate,"JUL26, PROFESSIONAL SERVICES",Bill,,LGL-CPPA Investigation/Compliance,LGL-CPPA Investigation/Compliance,False,,
"2 - Chegg, Inc.",Aug 2026,8/15/2026,8/7/2026,USD,65240 Legal fees : Legal Fees - Litigation,COOLEY LLP,"1,504",USD,331 - Legal,00 - Corporate,"JUL26, SECURITIES LITIGATION",Bill,,LGL-Leventhal Litigation,LGL-Leventhal Litigation,False,,
"2 - Chegg, Inc.",Aug 2026,8/15/2026,8/7/2026,USD,65720 Outside services : Contractors,"ROTH STAFFING COMPANIES, L.P.","3,600",USD,113 - User Experience - Monetization,20 - Learning Services,"Aug26, Hiring Product Designer",Bill,10003,,,False,,
"2 - Chegg, Inc.",Aug 2026,8/15/2026,8/7/2026,USD,"66160 Office Expenses : Freight, Shipping & Handling",FEDEX,35,USD,350 - Workplace Services,00 - Corporate,"Aug26,  ACCOUNT 4125-4110-3 Inv 9-384-56178",Bill,,,,False,,
"2 - Chegg, Inc.",Aug 2026,8/15/2026,8/10/2026,USD,61120 Marketing Expenses : Paid Media : Affiliate Commission,"IMPACT TECH, INC.","14,586",USD,204 - Performance Marketing,20 - Learning Services,"JUL26, CS-Affiliate Commission",Bill,10567,MKTG-CS-Affil-US,MKTG-CS-Affil-US,True,,Invoice
"2 - Chegg, Inc.",Aug 2026,8/15/2026,8/10/2026,USD,63140 Facility Expenses : Utilities,CITY OF SANTA CLARA MUNICIPAL UTILITIES,133,USD,350 - Workplace Services,00 - Corporate,"AUG26, WATER/SEWER/SOLAR",Bill,,,,False,,
"2 - Chegg, Inc.",Aug 2026,8/15/2026,8/10/2026,USD,63140 Facility Expenses : Utilities,CITY OF SANTA CLARA MUNICIPAL UTILITIES,203,USD,350 - Workplace Services,00 - Corporate,"AUG26, WATER/SEWER/SOLAR",Bill,,,,False,,
"2 - Chegg, Inc.",Aug 2026,8/15/2026,8/10/2026,USD,65230 Legal fees : Legal - Corporate,"EQUINITI TRUST COMPANY, LLC","2,537",USD,332 - Stock Administration,00 - Corporate,"AUG26, Stock Transfer Agent Services",Bill,10590,LGL-Stock Administration,LGL-Stock Administration,False,,
"2 - Chegg, Inc.",Aug 2026,8/15/2026,8/10/2026,USD,65230 Legal fees : Legal - Corporate,LITTLER MENDELSON PC,"1,691",USD,331 - Legal,00 - Corporate,"JUL26, REMHOF, DENISE (AGENCY)",Bill,,LGL-Labor and Employment matters,LGL-Labor and Employment matters,False,,
"2 - Chegg, Inc.",Aug 2026,8/15/2026,8/10/2026,USD,66180 Office Expenses : Bad Debt Expense,Amazon A9,280,USD,321 - Accounting,00 - Corporate,small amt $280.44 write off invoice no #299536463,Credit Memo,,,,False,,
"2 - Chegg, Inc.",Aug 2026,8/15/2026,8/10/2026,USD,66180 Office Expenses : Bad Debt Expense,"Cadent, LLC",-4,USD,321 - Accounting,00 - Corporate,small amt $3.95 write off invoice no#299535281,Invoice,,,,False,,
"2 - Chegg, Inc.",Aug 2026,8/15/2026,8/11/2026,USD,66520 Realized Gain/Loss,Vendor,0,USD,000 - Central,00 - Corporate,,Currency Revaluation,,,,False,,
"2 - Chegg, Inc.",Aug 2026,8/15/2026,8/11/2026,USD,66520 Realized Gain/Loss,Vendor,3,USD,000 - Central,00 - Corporate,,Currency Revaluation,,,,False,,
"2 - Chegg, Inc.",Aug 2026,8/15/2026,8/11/2026,USD,66520 Realized Gain/Loss,Vendor,17,USD,000 - Central,00 - Corporate,,Currency Revaluation,,,,False,,
"2 - Chegg, Inc.",Aug 2026,8/15/2026,8/11/2026,USD,66520 Realized Gain/Loss,Vendor,18,USD,000 - Central,00 - Corporate,,Currency Revaluation,,,,False,,
"2 - Chegg, Inc.",Aug 2026,8/15/2026,8/11/2026,USD,66520 Realized Gain/Loss,Vendor,35,USD,000 - Central,00 - Corporate,,Currency Revaluation,,,,False,,
"2 - Chegg, Inc.",Aug 2026,8/15/2026,8/11/2026,USD,66520 Realized Gain/Loss,Vendor,165,USD,000 - Central,00 - Corporate,,Currency Revaluation,,,,False,,
"2 - Chegg, Inc.",Aug 2026,8/15/2026,8/11/2026,USD,66520 Realized Gain/Loss,Vendor,197,USD,000 - Central,00 - Corporate,,Currency Revaluation,,,,False,,
"2 - Chegg, Inc.",Aug 2026,8/15/2026,8/12/2026,USD,61220 Marketing Expenses : Trade Shows,TINUITI INC.,"8,779",USD,204 - Performance Marketing,20 - Learning Services,"JUL26, CS-Agency",Bill,10586,MKTG-CS-Agency-US,MKTG-CS-Agency-US,True,,Invoice
"2 - Chegg, Inc.",Aug 2026,8/15/2026,8/12/2026,USD,65230 Legal fees : Legal - Corporate,CT CORPORATION SYSTEM,"34,641",USD,331 - Legal,00 - Corporate,"AUG26, PO for CT Corporation for 2026",Bill,10929,LGL-General Corporate,LGL-General Corporate,False,,
"2 - Chegg, Inc.",Aug 2026,8/15/2026,8/12/2026,USD,66180 Office Expenses : Bad Debt Expense,"Kargo Global, LLC",-0,USD,321 - Accounting,00 - Corporate,small amt $0.13 write off invoice no #299534304,Invoice,,,,False,,
"2 - Chegg, Inc.",Aug 2026,8/15/2026,8/13/2026,USD,62110 Technology Expenses : Software License/Renewal/Support - Electronically Delivered,HEX TECHNOLOGIES INC.,"1,900",USD,180 - Data Science,50 - Skills,"JUL26-AUG26, 2026 Licenses (Jul 13–Aug 13, 2026)",Bill,10166,,,False,,
"2 - Chegg, Inc.",Aug 2026,8/15/2026,8/13/2026,USD,62110 Technology Expenses : Software License/Renewal/Support - Electronically Delivered,"PITCHBOOK DATA, INC.","13,000",USD,305 - Strategy,20 - Learning Services,"AUG26-NOV26, Platform Fee (28-AUG-2026 TO 27-NOV-2026)",Bill,9676,,,False,,
"2 - Chegg, Inc.",Aug 2026,8/15/2026,8/13/2026,USD,65530 Taxes : Tax Filing Fee,RYAN LLC,1,USD,323 - Tax,00 - Corporate,Tax Filing Fee,Bill,,,,False,,
"2 - Chegg, Inc.",Aug 2026,8/15/2026,8/13/2026,USD,65590 Taxes : Tax - Other,RYAN LLC,615,USD,323 - Tax,50 - Skills,Tax-Other (B&O),Bill,,,,False,,
"2 - Chegg, Inc.",Aug 2026,8/15/2026,8/13/2026,USD,65720 Outside services : Contractors,INTOUCHCX INC.,"2,905",USD,580 - Support Operations,10 – Chegg Study,"Header Charges for line: JUN26, BPO support services (1-JUL-2026 TO 31-JUL-2026)",Bill,10787,,,False,,
"2 - Chegg, Inc.",Aug 2026,8/15/2026,8/13/2026,USD,65720 Outside services : Contractors,INTOUCHCX INC.,"58,108",USD,580 - Support Operations,10 – Chegg Study,"JUL26, BPO support services (1-JUL-2026 TO 31-JUL-2026)",Bill,10787,,,False,,
"2 - Chegg, Inc.",Aug 2026,8/15/2026,8/13/2026,USD,66520 Realized Gain/Loss,Vendor,2,USD,000 - Central,00 - Corporate,,Currency Revaluation,,,,False,,
"2 - Chegg, Inc.",Aug 2026,8/15/2026,8/13/2026,USD,66520 Realized Gain/Loss,Vendor,24,USD,000 - Central,00 - Corporate,,Currency Revaluation,,,,False,,
"2 - Chegg, Inc.",Aug 2026,8/15/2026,8/13/2026,USD,66900 Office Expenses : Miscellaneous Expense,RYAN LLC,1,USD,323 - Tax,00 - Corporate,Misc Expense,Bill,,,,False,,
"2 - Chegg, Inc.",Aug 2026,8/15/2026,8/14/2026,USD,65720 Outside services : Contractors,LATITUDE LLC,"9,192",USD,331 - Legal,00 - Corporate,"JUL26-AUG26, Corporate Attorney (26th-Jul-26 to 8th-Aug-26)",Bill,10514,LGL-Other matters,LGL-Other matters,False,,
"2 - Chegg, Inc.",Aug 2026,8/15/2026,8/14/2026,USD,65720 Outside services : Contractors,"ROTH STAFFING COMPANIES, L.P.","3,600",USD,113 - User Experience - Monetization,20 - Learning Services,"AUG26, Hiring Product Designer",Bill,10003,,,False,,
"2 - Chegg, Inc.",Aug 2026,8/15/2026,8/14/2026,USD,65720 Outside services : Contractors,"SYCOMP A TECHNOLOGY COMPANY, INC.",523,USD,190 - IT Operations,00 - Corporate,"AUG26, Travel Expenses to Madrid Office",Bill,10743,,,False,,
"2 - Chegg, Inc.",Aug 2026,8/15/2026,8/14/2026,USD,66120 Office Expenses : Due and Subscriptions,BUSINESS WIRE,"3,500",USD,301 - CEO,00 - Corporate,"Aug-Nov26, Business Wire Subscription ( 6-Aug-2026 to 10 Nov-2026)",Bill,10856,,,False,,
"2 - Chegg, Inc.",Aug 2026,8/15/2026,8/14/2026,USD,66180 Office Expenses : Bad Debt Expense,Criteo Corp,-675,USD,321 - Accounting,00 - Corporate,small amt $675.37 write off invoice no #299535342,Invoice,,,,False,,
"2 - Chegg, Inc.",Aug 2026,8/15/2026,8/14/2026,USD,66180 Office Expenses : Bad Debt Expense,"Nativo, Inc",-319,USD,321 - Accounting,00 - Corporate,small amt overpaid write off,Invoice,,,,False,,
"2 - Chegg, Inc.",Aug 2026,8/15/2026,8/14/2026,USD,66180 Office Expenses : Bad Debt Expense,"Yieldmo, Inc.",-25,USD,321 - Accounting,00 - Corporate,small amt $24.64 write off invoice no #299536310,Invoice,,,,False,,
"2 - Chegg, Inc.",Aug 2026,8/15/2026,8/14/2026,USD,66520 Realized Gain/Loss,Vendor,9,USD,000 - Central,00 - Corporate,,Currency Revaluation,,,,False,,
"2 - Chegg, Inc.",Aug 2026,8/15/2026,8/14/2026,USD,66520 Realized Gain/Loss,Vendor,42,USD,000 - Central,00 - Corporate,,Currency Revaluation,,,,False,,
"2 - Chegg, Inc.",Aug 2026,8/15/2026,8/15/2026,USD,60100 Salary & Wages : Salary Expense,Vendor,"2,979",USD,521 - Academic Advising,20 - Learning Services,701-Payroll-Exp1-15 Aug 2026,Journal,,,,False,,
"2 - Chegg, Inc.",Aug 2026,8/15/2026,8/15/2026,USD,60100 Salary & Wages : Salary Expense,Vendor,"3,434",USD,525 - Career Services,50 - Skills,701-Payroll-Exp1-15 Aug 2026,Journal,,,,False,,
"2 - Chegg, Inc.",Aug 2026,8/15/2026,8/15/2026,USD,60100 Salary & Wages : Salary Expense,Vendor,"4,275",USD,225 - Partnerships,60 - Busuu,701-Payroll-Exp1-15 Aug 2026,Journal,,,,False,,
"2 - Chegg, Inc.",Aug 2026,8/15/2026,8/15/2026,USD,60100 Salary & Wages : Salary Expense,Vendor,"5,305",USD,206 - Customer Relationship Marketing,50 - Skills,701-Payroll-Exp1-15 Aug 2026,Journal,,,,False,,
"2 - Chegg, Inc.",Aug 2026,8/15/2026,8/15/2026,USD,60100 Salary & Wages : Salary Expense,Vendor,"5,417",USD,225 - Partnerships,50 - Skills,701-Payroll-Exp1-15 Aug 2026,Journal,,,,False,,
"2 - Chegg, Inc.",Aug 2026,8/15/2026,8/15/2026,USD,60100 Salary & Wages : Salary Expense,Vendor,"6,646",USD,180 - Data Science,50 - Skills,701-Payroll-Exp1-15 Aug 2026,Journal,,,,False,,
"2 - Chegg, Inc.",Aug 2026,8/15/2026,8/15/2026,USD,60100 Salary & Wages : Salary Expense,Vendor,"6,875",USD,366 - Business Operations Management,20 - Learning Services,701-Payroll-Exp1-15 Aug 2026,Journal,,,,False,,
"2 - Chegg, Inc.",Aug 2026,8/15/2026,8/15/2026,USD,60100 Salary & Wages : Salary Expense,Vendor,"7,500",USD,345 - Total Rewards,00 - Corporate,701-Payroll-Exp1-15 Aug 2026,Journal,,,,False,,
"2 - Chegg, Inc.",Aug 2026,8/15/2026,8/15/2026,USD,60100 Salary & Wages : Salary Expense,Vendor,"7,500",USD,346 - Employee Experience,00 - Corporate,701-Payroll-Exp1-15 Aug 2026,Journal,,,,False,,
"2 - Chegg, Inc.",Aug 2026,8/15/2026,8/15/2026,USD,60100 Salary & Wages : Salary Expense,Vendor,"7,563",USD,215 - Advertising Operations,20 - Learning Services,701-Payroll-Exp1-15 Aug 2026,Journal,,,,False,,
"2 - Chegg, Inc.",Aug 2026,8/15/2026,8/15/2026,USD,60100 Salary & Wages : Salary Expense,Vendor,"8,750",USD,101 - Product - Discovery,20 - Learning Services,701-Payroll-Exp1-15 Aug 2026,Journal,,,,False,,
"2 - Chegg, Inc.",Aug 2026,8/15/2026,8/15/2026,USD,60100 Salary & Wages : Salary Expense,Vendor,"10,000",USD,200 - Marketing Operations,50 - Skills,701-Payroll-Exp1-15 Aug 2026,Journal,,,,False,,
"2 - Chegg, Inc.",Aug 2026,8/15/2026,8/15/2026,USD,60100 Salary & Wages : Salary Expense,Vendor,"10,496",USD,385 - Content Development,50 - Skills,701-Payroll-Exp1-15 Aug 2026,Journal,,,,False,,
"2 - Chegg, Inc.",Aug 2026,8/15/2026,8/15/2026,USD,60100 Salary & Wages : Salary Expense,Vendor,"11,660",USD,380 - Content Operations,50 - Skills,701-Payroll-Exp1-15 Aug 2026,Journal,,,,False,,
"2 - Chegg, Inc.",Aug 2026,8/15/2026,8/15/2026,USD,60100 Salary & Wages : Salary Expense,Vendor,"11,818",USD,190 - IT Operations,20 - Learning Services,701-Payroll-Exp1-15 Aug 2026,Journal,,,,False,,
"2 - Chegg, Inc.",Aug 2026,8/15/2026,8/15/2026,USD,60100 Salary & Wages : Salary Expense,Vendor,"13,008",USD,322 - Internal Audit,00 - Corporate,701-Payroll-Exp1-15 Aug 2026,Journal,,,,False,,
"2 - Chegg, Inc.",Aug 2026,8/15/2026,8/15/2026,USD,60100 Salary & Wages : Salary Expense,Vendor,"13,125",USD,204 - Performance Marketing,50 - Skills,701-Payroll-Exp1-15 Aug 2026,Journal,,,,False,,
"2 - Chegg, Inc.",Aug 2026,8/15/2026,8/15/2026,USD,60100 Salary & Wages : Salary Expense,Vendor,"16,698",USD,360 - General Management,46 - Content Services,701-Payroll-Exp1-15 Aug 2026,Journal,,,,False,,
"2 - Chegg, Inc.",Aug 2026,8/15/2026,8/15/2026,USD,60100 Salary & Wages : Salary Expense,Vendor,"17,974",USD,160 - Commerce Engineering,20 - Learning Services,701-Payroll-Exp1-15 Aug 2026,Journal,,,,False,,
"2 - Chegg, Inc.",Aug 2026,8/15/2026,8/15/2026,USD,60100 Salary & Wages : Salary Expense,Vendor,"20,979",USD,105 - Product Marketing Management,50 - Skills,701-Payroll-Exp1-15 Aug 2026,Journal,,,,False,,
"2 - Chegg, Inc.",Aug 2026,8/15/2026,8/15/2026,USD,60100 Salary & Wages : Salary Expense,Vendor,"23,611",USD,324 - Investor Relations,00 - Corporate,701-Payroll-Exp1-15 Aug 2026,Journal,,,,False,,
"2 - Chegg, Inc.",Aug 2026,8/15/2026,8/15/2026,USD,60100 Salary & Wages : Salary Expense,Vendor,"24,479",USD,205 - SEO Marketing,20 - Learning Services,701-Payroll-Exp1-15 Aug 2026,Journal,,,,False,,
"2 - Chegg, Inc.",Aug 2026,8/15/2026,8/15/2026,USD,60100 Salary & Wages : Salary Expense,Vendor,"24,544",USD,323 - Tax,00 - Corporate,701-Payroll-Exp1-15 Aug 2026,Journal,,,,False,,
"2 - Chegg, Inc.",Aug 2026,8/15/2026,8/15/2026,USD,60100 Salary & Wages : Salary Expense,Vendor,"25,000",USD,360 - General Management,50 - Skills,701-Payroll-Exp1-15 Aug 2026,Journal,,,,False,,
"2 - Chegg, Inc.",Aug 2026,8/15/2026,8/15/2026,USD,60100 Salary & Wages : Salary Expense,Vendor,"31,250",USD,331 - Legal,00 - Corporate,701-Payroll-Exp1-15 Aug 2026,Journal,,,,False,,
"2 - Chegg, Inc.",Aug 2026,8/15/2026,8/15/2026,USD,60100 Salary & Wages : Salary Expense,Vendor,"32,430",USD,392 - Information Security,00 - Corporate,701-Payroll-Exp1-15 Aug 2026,Journal,,,,False,,
"2 - Chegg, Inc.",Aug 2026,8/15/2026,8/15/2026,USD,60100 Salary & Wages : Salary Expense,Vendor,"36,930",USD,390 - Compliance,00 - Corporate,701-Payroll-Exp1-15 Aug 2026,Journal,,,,False,,
"2 - Chegg, Inc.",Aug 2026,8/15/2026,8/15/2026,USD,60100 Salary & Wages : Salary Expense,Vendor,"37,566",USD,360 - General Management,20 - Learning Services,701-Payroll-Exp1-15 Aug 2026,Journal,,,,False,,
"2 - Chegg, Inc.",Aug 2026,8/15/2026,8/15/2026,USD,60100 Salary & Wages : Salary Expense,Vendor,"40,625",USD,325 - FP & A,00 - Corporate,701-Payroll-Exp1-15 Aug 2026,Journal,,,,False,,
"2 - Chegg, Inc.",Aug 2026,8/15/2026,8/15/2026,USD,60100 Salary & Wages : Salary Expense,Vendor,"44,697",USD,521 - Academic Advising,50 - Skills,701-Payroll-Exp1-15 Aug 2026,Journal,,,,False,,
"2 - Chegg, Inc.",Aug 2026,8/15/2026,8/15/2026,USD,60100 Salary & Wages : Salary Expense,Vendor,"56,303",USD,321 - Accounting,00 - Corporate,701-Payroll-Exp1-15 Aug 2026,Journal,,,,False,,
"2 - Chegg, Inc.",Aug 2026,8/15/2026,8/15/2026,USD,60100 Salary & Wages : Salary Expense,Vendor,"62,239",USD,102 - Product - Engagement,50 - Skills,701-Payroll-Exp1-15 Aug 2026,Journal,,,,False,,
"2 - Chegg, Inc.",Aug 2026,8/15/2026,8/15/2026,USD,60100 Salary & Wages : Salary Expense,Vendor,"68,015",USD,170 - Engineering Management,20 - Learning Services,701-Payroll-Exp1-15 Aug 2026,Journal,,,,False,,
"2 - Chegg, Inc.",Aug 2026,8/15/2026,8/15/2026,USD,60100 Salary & Wages : Salary Expense,Vendor,"71,942",USD,366 - Business Operations Management,50 - Skills,701-Payroll-Exp1-15 Aug 2026,Journal,,,,False,,
"2 - Chegg, Inc.",Aug 2026,8/15/2026,8/15/2026,USD,60100 Salary & Wages : Salary Expense,Vendor,"127,778",USD,301 - CEO,00 - Corporate,701-Payroll-Exp1-15 Aug 2026,Journal,,,,False,,
"2 - Chegg, Inc.",Aug 2026,8/15/2026,8/15/2026,USD,60110 Salary & Wages : Direct Labor Expense,Vendor,"1,276",USD,525 - Career Services,50 - Skills,701-Payroll-Exp1-15 Aug 2026,Journal,,,,False,,
"2 - Chegg, Inc.",Aug 2026,8/15/2026,8/15/2026,USD,60110 Salary & Wages : Direct Labor Expense,Vendor,"1,634",USD,230 - Admissions,50 - Skills,701-Payroll-Exp1-15 Aug 2026,Journal,,,,False,,
"2 - Chegg, Inc.",Aug 2026,8/15/2026,8/15/2026,USD,60110 Salary & Wages : Direct Labor Expense,Vendor,"4,639",USD,520 - Educators,50 - Skills,701-Payroll-Exp1-15 Aug 2026,Journal,,,,False,,
"2 - Chegg, Inc.",Aug 2026,8/15/2026,8/15/2026,USD,60110 Salary & Wages : Direct Labor Expense,Vendor,"7,100",USD,380 - Content Operations,50 - Skills,701-Payroll-Exp1-15 Aug 2026,Journal,,,,False,,
"2 - Chegg, Inc.",Aug 2026,8/15/2026,8/15/2026,USD,60170 Salary & Wages : PTO Expenses,Vendor,228,USD,520 - Educators,50 - Skills,701-Payroll-Exp1-15 Aug 2026,Journal,,,,False,,
"2 - Chegg, Inc.",Aug 2026,8/15/2026,8/15/2026,USD,60170 Salary & Wages : PTO Expenses,Vendor,"1,634",USD,230 - Admissions,50 - Skills,701-Payroll-Exp1-15 Aug 2026,Journal,,,,False,,
"2 - Chegg, Inc.",Aug 2026,8/15/2026,8/15/2026,USD,60180 Salary & Wages : Employer Payroll Taxes,Vendor,167,USD,190 - IT Operations,20 - Learning Services,701-Payroll-Exp1-15 Aug 2026,Journal,,,,False,,
"2 - Chegg, Inc.",Aug 2026,8/15/2026,8/15/2026,USD,60180 Salary & Wages : Employer Payroll Taxes,Vendor,244,USD,230 - Admissions,50 - Skills,701-Payroll-Exp1-15 Aug 2026,Journal,,,,False,,
"2 - Chegg, Inc.",Aug 2026,8/15/2026,8/15/2026,USD,60180 Salary & Wages : Employer Payroll Taxes,Vendor,261,USD,160 - Commerce Engineering,20 - Learning Services,701-Payroll-Exp1-15 Aug 2026,Journal,,,,False,,
"2 - Chegg, Inc.",Aug 2026,8/15/2026,8/15/2026,USD,60180 Salary & Wages : Employer Payroll Taxes,Vendor,280,USD,322 - Internal Audit,00 - Corporate,701-Payroll-Exp1-15 Aug 2026,Journal,,,,False,,
"2 - Chegg, Inc.",Aug 2026,8/15/2026,8/15/2026,USD,60180 Salary & Wages : Employer Payroll Taxes,Vendor,328,USD,225 - Partnerships,60 - Busuu,701-Payroll-Exp1-15 Aug 2026,Journal,,,,False,,
"2 - Chegg, Inc.",Aug 2026,8/15/2026,8/15/2026,USD,60180 Salary & Wages : Employer Payroll Taxes,Vendor,330,USD,521 - Academic Advising,20 - Learning Services,701-Payroll-Exp1-15 Aug 2026,Journal,,,,False,,
"2 - Chegg, Inc.",Aug 2026,8/15/2026,8/15/2026,USD,60180 Salary & Wages : Employer Payroll Taxes,Vendor,342,USD,324 - Investor Relations,00 - Corporate,701-Payroll-Exp1-15 Aug 2026,Journal,,,,False,,
"2 - Chegg, Inc.",Aug 2026,8/15/2026,8/15/2026,USD,60180 Salary & Wages : Employer Payroll Taxes,Vendor,359,USD,360 - General Management,50 - Skills,701-Payroll-Exp1-15 Aug 2026,Journal,,,,False,,
"2 - Chegg, Inc.",Aug 2026,8/15/2026,8/15/2026,USD,60180 Salary & Wages : Employer Payroll Taxes,Vendor,377,USD,520 - Educators,50 - Skills,701-Payroll-Exp1-15 Aug 2026,Journal,,,,False,,
"2 - Chegg, Inc.",Aug 2026,8/15/2026,8/15/2026,USD,60180 Salary & Wages : Employer Payroll Taxes,Vendor,396,USD,206 - Customer Relationship Marketing,50 - Skills,701-Payroll-Exp1-15 Aug 2026,Journal,,,,False,,
"2 - Chegg, Inc.",Aug 2026,8/15/2026,8/15/2026,USD,60180 Salary & Wages : Employer Payroll Taxes,Vendor,396,USD,225 - Partnerships,50 - Skills,701-Payroll-Exp1-15 Aug 2026,Journal,,,,False,,
"2 - Chegg, Inc.",Aug 2026,8/15/2026,8/15/2026,USD,60180 Salary & Wages : Employer Payroll Taxes,Vendor,440,USD,525 - Career Services,50 - Skills,701-Payroll-Exp1-15 Aug 2026,Journal,,,,False,,
"2 - Chegg, Inc.",Aug 2026,8/15/2026,8/15/2026,USD,60180 Salary & Wages : Employer Payroll Taxes,Vendor,489,USD,180 - Data Science,50 - Skills,701-Payroll-Exp1-15 Aug 2026,Journal,,,,False,,
"2 - Chegg, Inc.",Aug 2026,8/15/2026,8/15/2026,USD,60180 Salary & Wages : Employer Payroll Taxes,Vendor,527,USD,345 - Total Rewards,00 - Corporate,701-Payroll-Exp1-15 Aug 2026,Journal,,,,False,,
"2 - Chegg, Inc.",Aug 2026,8/15/2026,8/15/2026,USD,60180 Salary & Wages : Employer Payroll Taxes,Vendor,560,USD,215 - Advertising Operations,20 - Learning Services,701-Payroll-Exp1-15 Aug 2026,Journal,,,,False,,
"2 - Chegg, Inc.",Aug 2026,8/15/2026,8/15/2026,USD,60180 Salary & Wages : Employer Payroll Taxes,Vendor,629,USD,346 - Employee Experience,00 - Corporate,701-Payroll-Exp1-15 Aug 2026,Journal,,,,False,,
"2 - Chegg, Inc.",Aug 2026,8/15/2026,8/15/2026,USD,60180 Salary & Wages : Employer Payroll Taxes,Vendor,666,USD,101 - Product - Discovery,20 - Learning Services,701-Payroll-Exp1-15 Aug 2026,Journal,,,,False,,
"2 - Chegg, Inc.",Aug 2026,8/15/2026,8/15/2026,USD,60180 Salary & Wages : Employer Payroll Taxes,Vendor,690,USD,200 - Marketing Operations,50 - Skills,701-Payroll-Exp1-15 Aug 2026,Journal,,,,False,,
"2 - Chegg, Inc.",Aug 2026,8/15/2026,8/15/2026,USD,60180 Salary & Wages : Employer Payroll Taxes,Vendor,758,USD,385 - Content Development,50 - Skills,701-Payroll-Exp1-15 Aug 2026,Journal,,,,False,,
"2 - Chegg, Inc.",Aug 2026,8/15/2026,8/15/2026,USD,60180 Salary & Wages : Employer Payroll Taxes,Vendor,844,USD,205 - SEO Marketing,20 - Learning Services,701-Payroll-Exp1-15 Aug 2026,Journal,,,,False,,
"2 - Chegg, Inc.",Aug 2026,8/15/2026,8/15/2026,USD,60180 Salary & Wages : Employer Payroll Taxes,Vendor,884,USD,323 - Tax,00 - Corporate,701-Payroll-Exp1-15 Aug 2026,Journal,,,,False,,
"2 - Chegg, Inc.",Aug 2026,8/15/2026,8/15/2026,USD,60180 Salary & Wages : Employer Payroll Taxes,Vendor,"1,000",USD,204 - Performance Marketing,50 - Skills,701-Payroll-Exp1-15 Aug 2026,Journal,,,,False,,
"2 - Chegg, Inc.",Aug 2026,8/15/2026,8/15/2026,USD,60180 Salary & Wages : Employer Payroll Taxes,Vendor,"1,117",USD,366 - Business Operations Management,20 - Learning Services,701-Payroll-Exp1-15 Aug 2026,Journal,,,,False,,
"2 - Chegg, Inc.",Aug 2026,8/15/2026,8/15/2026,USD,60180 Salary & Wages : Employer Payroll Taxes,Vendor,"1,157",USD,360 - General Management,20 - Learning Services,701-Payroll-Exp1-15 Aug 2026,Journal,,,,False,,
"2 - Chegg, Inc.",Aug 2026,8/15/2026,8/15/2026,USD,60180 Salary & Wages : Employer Payroll Taxes,Vendor,"1,281",USD,360 - General Management,46 - Content Services,701-Payroll-Exp1-15 Aug 2026,Journal,,,,False,,
"2 - Chegg, Inc.",Aug 2026,8/15/2026,8/15/2026,USD,60180 Salary & Wages : Employer Payroll Taxes,Vendor,"1,493",USD,380 - Content Operations,50 - Skills,701-Payroll-Exp1-15 Aug 2026,Journal,,,,False,,
"2 - Chegg, Inc.",Aug 2026,8/15/2026,8/15/2026,USD,60180 Salary & Wages : Employer Payroll Taxes,Vendor,"1,569",USD,105 - Product Marketing Management,50 - Skills,701-Payroll-Exp1-15 Aug 2026,Journal,,,,False,,
"2 - Chegg, Inc.",Aug 2026,8/15/2026,8/15/2026,USD,60180 Salary & Wages : Employer Payroll Taxes,Vendor,"1,689",USD,170 - Engineering Management,20 - Learning Services,701-Payroll-Exp1-15 Aug 2026,Journal,,,,False,,
"2 - Chegg, Inc.",Aug 2026,8/15/2026,8/15/2026,USD,60180 Salary & Wages : Employer Payroll Taxes,Vendor,"1,875",USD,390 - Compliance,00 - Corporate,701-Payroll-Exp1-15 Aug 2026,Journal,,,,False,,
"2 - Chegg, Inc.",Aug 2026,8/15/2026,8/15/2026,USD,60180 Salary & Wages : Employer Payroll Taxes,Vendor,"1,917",USD,325 - FP & A,00 - Corporate,701-Payroll-Exp1-15 Aug 2026,Journal,,,,False,,
"2 - Chegg, Inc.",Aug 2026,8/15/2026,8/15/2026,USD,60180 Salary & Wages : Employer Payroll Taxes,Vendor,"2,053",USD,331 - Legal,00 - Corporate,701-Payroll-Exp1-15 Aug 2026,Journal,,,,False,,
"2 - Chegg, Inc.",Aug 2026,8/15/2026,8/15/2026,USD,60180 Salary & Wages : Employer Payroll Taxes,Vendor,"2,407",USD,321 - Accounting,00 - Corporate,701-Payroll-Exp1-15 Aug 2026,Journal,,,,False,,
"2 - Chegg, Inc.",Aug 2026,8/15/2026,8/15/2026,USD,60180 Salary & Wages : Employer Payroll Taxes,Vendor,"2,448",USD,392 - Information Security,00 - Corporate,701-Payroll-Exp1-15 Aug 2026,Journal,,,,False,,
"2 - Chegg, Inc.",Aug 2026,8/15/2026,8/15/2026,USD,60180 Salary & Wages : Employer Payroll Taxes,Vendor,"3,431",USD,521 - Academic Advising,50 - Skills,701-Payroll-Exp1-15 Aug 2026,Journal,,,,False,,
"2 - Chegg, Inc.",Aug 2026,8/15/2026,8/15/2026,USD,60180 Salary & Wages : Employer Payroll Taxes,Vendor,"3,696",USD,102 - Product - Engagement,50 - Skills,701-Payroll-Exp1-15 Aug 2026,Journal,,,,False,,
"2 - Chegg, Inc.",Aug 2026,8/15/2026,8/15/2026,USD,60180 Salary & Wages : Employer Payroll Taxes,Vendor,"4,539",USD,366 - Business Operations Management,50 - Skills,701-Payroll-Exp1-15 Aug 2026,Journal,,,,False,,
"2 - Chegg, Inc.",Aug 2026,8/15/2026,8/15/2026,USD,60180 Salary & Wages : Employer Payroll Taxes,Vendor,"5,933",USD,301 - CEO,00 - Corporate,701-Payroll-Exp1-15 Aug 2026,Journal,,,,False,,
"2 - Chegg, Inc.",Aug 2026,8/15/2026,8/15/2026,USD,60220 Other Compensation and Benefits : Employer 401K Matching,Vendor,107,USD,520 - Educators,50 - Skills,701-Payroll-EXP-2-15-15 Aug 2026,Journal,,,,False,,
"2 - Chegg, Inc.",Aug 2026,8/15/2026,8/15/2026,USD,60220 Other Compensation and Benefits : Employer 401K Matching,Vendor,131,USD,230 - Admissions,50 - Skills,701-Payroll-EXP-2-15-15 Aug 2026,Journal,,,,False,,
"2 - Chegg, Inc.",Aug 2026,8/15/2026,8/15/2026,USD,60220 Other Compensation and Benefits : Employer 401K Matching,Vendor,171,USD,225 - Partnerships,60 - Busuu,701-Payroll-EXP-2-15-15 Aug 2026,Journal,,,,False,,
"2 - Chegg, Inc.",Aug 2026,8/15/2026,8/15/2026,USD,60220 Other Compensation and Benefits : Employer 401K Matching,Vendor,188,USD,360 - General Management,20 - Learning Services,701-Payroll-EXP-2-15-15 Aug 2026,Journal,,,,False,,
"2 - Chegg, Inc.",Aug 2026,8/15/2026,8/15/2026,USD,60220 Other Compensation and Benefits : Employer 401K Matching,Vendor,212,USD,206 - Customer Relationship Marketing,50 - Skills,701-Payroll-EXP-2-15-15 Aug 2026,Journal,,,,False,,
"2 - Chegg, Inc.",Aug 2026,8/15/2026,8/15/2026,USD,60220 Other Compensation and Benefits : Employer 401K Matching,Vendor,266,USD,180 - Data Science,50 - Skills,701-Payroll-EXP-2-15-15 Aug 2026,Journal,,,,False,,
"2 - Chegg, Inc.",Aug 2026,8/15/2026,8/15/2026,USD,60220 Other Compensation and Benefits : Employer 401K Matching,Vendor,300,USD,204 - Performance Marketing,50 - Skills,701-Payroll-EXP-2-15-15 Aug 2026,Journal,,,,False,,
"2 - Chegg, Inc.",Aug 2026,8/15/2026,8/15/2026,USD,60220 Other Compensation and Benefits : Employer 401K Matching,Vendor,300,USD,345 - Total Rewards,00 - Corporate,701-Payroll-EXP-2-15-15 Aug 2026,Journal,,,,False,,
"2 - Chegg, Inc.",Aug 2026,8/15/2026,8/15/2026,USD,60220 Other Compensation and Benefits : Employer 401K Matching,Vendor,300,USD,346 - Employee Experience,00 - Corporate,701-Payroll-EXP-2-15-15 Aug 2026,Journal,,,,False,,
"2 - Chegg, Inc.",Aug 2026,8/15/2026,8/15/2026,USD,60220 Other Compensation and Benefits : Employer 401K Matching,Vendor,303,USD,215 - Advertising Operations,20 - Learning Services,701-Payroll-EXP-2-15-15 Aug 2026,Journal,,,,False,,
"2 - Chegg, Inc.",Aug 2026,8/15/2026,8/15/2026,USD,60220 Other Compensation and Benefits : Employer 401K Matching,Vendor,350,USD,101 - Product - Discovery,20 - Learning Services,701-Payroll-EXP-2-15-15 Aug 2026,Journal,,,,False,,
"2 - Chegg, Inc.",Aug 2026,8/15/2026,8/15/2026,USD,60220 Other Compensation and Benefits : Employer 401K Matching,Vendor,400,USD,200 - Marketing Operations,50 - Skills,701-Payroll-EXP-2-15-15 Aug 2026,Journal,,,,False,,
"2 - Chegg, Inc.",Aug 2026,8/15/2026,8/15/2026,USD,60220 Other Compensation and Benefits : Employer 401K Matching,Vendor,400,USD,360 - General Management,50 - Skills,701-Payroll-EXP-2-15-15 Aug 2026,Journal,,,,False,,
"2 - Chegg, Inc.",Aug 2026,8/15/2026,8/15/2026,USD,60220 Other Compensation and Benefits : Employer 401K Matching,Vendor,420,USD,385 - Content Development,50 - Skills,701-Payroll-EXP-2-15-15 Aug 2026,Journal,,,,False,,
"2 - Chegg, Inc.",Aug 2026,8/15/2026,8/15/2026,USD,60220 Other Compensation and Benefits : Employer 401K Matching,Vendor,433,USD,225 - Partnerships,50 - Skills,701-Payroll-EXP-2-15-15 Aug 2026,Journal,,,,False,,
"2 - Chegg, Inc.",Aug 2026,8/15/2026,8/15/2026,USD,60220 Other Compensation and Benefits : Employer 401K Matching,Vendor,442,USD,325 - FP & A,00 - Corporate,701-Payroll-EXP-2-15-15 Aug 2026,Journal,,,,False,,
"2 - Chegg, Inc.",Aug 2026,8/15/2026,8/15/2026,USD,60220 Other Compensation and Benefits : Employer 401K Matching,Vendor,473,USD,190 - IT Operations,20 - Learning Services,701-Payroll-EXP-2-15-15 Aug 2026,Journal,,,,False,,
"2 - Chegg, Inc.",Aug 2026,8/15/2026,8/15/2026,USD,60220 Other Compensation and Benefits : Employer 401K Matching,Vendor,520,USD,322 - Internal Audit,00 - Corporate,701-Payroll-EXP-2-15-15 Aug 2026,Journal,,,,False,,
"2 - Chegg, Inc.",Aug 2026,8/15/2026,8/15/2026,USD,60220 Other Compensation and Benefits : Employer 401K Matching,Vendor,583,USD,380 - Content Operations,50 - Skills,701-Payroll-EXP-2-15-15 Aug 2026,Journal,,,,False,,
"2 - Chegg, Inc.",Aug 2026,8/15/2026,8/15/2026,USD,60220 Other Compensation and Benefits : Employer 401K Matching,Vendor,583,USD,331 - Legal,00 - Corporate,701-Payroll-EXP-2-15-15 Aug 2026,Journal,,,,False,,
"2 - Chegg, Inc.",Aug 2026,8/15/2026,8/15/2026,USD,60220 Other Compensation and Benefits : Employer 401K Matching,Vendor,719,USD,160 - Commerce Engineering,20 - Learning Services,701-Payroll-EXP-2-15-15 Aug 2026,Journal,,,,False,,
"2 - Chegg, Inc.",Aug 2026,8/15/2026,8/15/2026,USD,60220 Other Compensation and Benefits : Employer 401K Matching,Vendor,760,USD,521 - Academic Advising,50 - Skills,701-Payroll-EXP-2-15-15 Aug 2026,Journal,,,,False,,
"2 - Chegg, Inc.",Aug 2026,8/15/2026,8/15/2026,USD,60220 Other Compensation and Benefits : Employer 401K Matching,Vendor,839,USD,105 - Product Marketing Management,50 - Skills,701-Payroll-EXP-2-15-15 Aug 2026,Journal,,,,False,,
"2 - Chegg, Inc.",Aug 2026,8/15/2026,8/15/2026,USD,60220 Other Compensation and Benefits : Employer 401K Matching,Vendor,930,USD,392 - Information Security,00 - Corporate,701-Payroll-EXP-2-15-15 Aug 2026,Journal,,,,False,,
"2 - Chegg, Inc.",Aug 2026,8/15/2026,8/15/2026,USD,60220 Other Compensation and Benefits : Employer 401K Matching,Vendor,979,USD,205 - SEO Marketing,20 - Learning Services,701-Payroll-EXP-2-15-15 Aug 2026,Journal,,,,False,,
"2 - Chegg, Inc.",Aug 2026,8/15/2026,8/15/2026,USD,60220 Other Compensation and Benefits : Employer 401K Matching,Vendor,982,USD,323 - Tax,00 - Corporate,701-Payroll-EXP-2-15-15 Aug 2026,Journal,,,,False,,
"2 - Chegg, Inc.",Aug 2026,8/15/2026,8/15/2026,USD,60220 Other Compensation and Benefits : Employer 401K Matching,Vendor,"1,340",USD,170 - Engineering Management,20 - Learning Services,701-Payroll-EXP-2-15-15 Aug 2026,Journal,,,,False,,
"2 - Chegg, Inc.",Aug 2026,8/15/2026,8/15/2026,USD,60220 Other Compensation and Benefits : Employer 401K Matching,Vendor,"1,477",USD,390 - Compliance,00 - Corporate,701-Payroll-EXP-2-15-15 Aug 2026,Journal,,,,False,,
"2 - Chegg, Inc.",Aug 2026,8/15/2026,8/15/2026,USD,60220 Other Compensation and Benefits : Employer 401K Matching,Vendor,"2,137",USD,321 - Accounting,00 - Corporate,701-Payroll-EXP-2-15-15 Aug 2026,Journal,,,,False,,
"2 - Chegg, Inc.",Aug 2026,8/15/2026,8/15/2026,USD,60220 Other Compensation and Benefits : Employer 401K Matching,Vendor,"2,240",USD,102 - Product - Engagement,50 - Skills,701-Payroll-EXP-2-15-15 Aug 2026,Journal,,,,False,,
"2 - Chegg, Inc.",Aug 2026,8/15/2026,8/15/2026,USD,60220 Other Compensation and Benefits : Employer 401K Matching,Vendor,"2,481",USD,366 - Business Operations Management,50 - Skills,701-Payroll-EXP-2-15-15 Aug 2026,Journal,,,,False,,
"2 - Chegg, Inc.",Aug 2026,8/15/2026,8/15/2026,USD,60220 Other Compensation and Benefits : Employer 401K Matching,Vendor,"2,814",USD,301 - CEO,00 - Corporate,701-Payroll-EXP-2-15-15 Aug 2026,Journal,,,,False,,
"2 - Chegg, Inc.",Aug 2026,8/15/2026,8/15/2026,USD,60240 Other Compensation and Benefits : Employee Benefits,Vendor,"-1,066",USD,521 - Academic Advising,50 - Skills,701-Payroll-EXP-3-15-15 Aug 2026,Journal,,,,False,,
"2 - Chegg, Inc.",Aug 2026,8/15/2026,8/15/2026,USD,60240 Other Compensation and Benefits : Employee Benefits,Vendor,"-1,014",USD,366 - Business Operations Management,50 - Skills,701-Payroll-EXP-3-15-15 Aug 2026,Journal,,,,False,,
"2 - Chegg, Inc.",Aug 2026,8/15/2026,8/15/2026,USD,60240 Other Compensation and Benefits : Employee Benefits,Vendor,-885,USD,301 - CEO,00 - Corporate,701-Payroll-EXP-3-15-15 Aug 2026,Journal,,,,False,,
"2 - Chegg, Inc.",Aug 2026,8/15/2026,8/15/2026,USD,60240 Other Compensation and Benefits : Employee Benefits,Vendor,-727,USD,102 - Product - Engagement,50 - Skills,701-Payroll-EXP-3-15-15 Aug 2026,Journal,,,,False,,
"2 - Chegg, Inc.",Aug 2026,8/15/2026,8/15/2026,USD,60240 Other Compensation and Benefits : Employee Benefits,Vendor,-384,USD,390 - Compliance,00 - Corporate,701-Payroll-EXP-3-15-15 Aug 2026,Journal,,,,False,,
"2 - Chegg, Inc.",Aug 2026,8/15/2026,8/15/2026,USD,60240 Other Compensation and Benefits : Employee Benefits,Vendor,-374,USD,385 - Content Development,50 - Skills,701-Payroll-EXP-3-15-15 Aug 2026,Journal,,,,False,,
"2 - Chegg, Inc.",Aug 2026,8/15/2026,8/15/2026,USD,60240 Other Compensation and Benefits : Employee Benefits,Vendor,-355,USD,325 - FP & A,00 - Corporate,701-Payroll-EXP-3-15-15 Aug 2026,Journal,,,,False,,
"2 - Chegg, Inc.",Aug 2026,8/15/2026,8/15/2026,USD,60240 Other Compensation and Benefits : Employee Benefits,Vendor,-347,USD,105 - Product Marketing Management,50 - Skills,701-Payroll-EXP-3-15-15 Aug 2026,Journal,,,,False,,
"2 - Chegg, Inc.",Aug 2026,8/15/2026,8/15/2026,USD,60240 Other Compensation and Benefits : Employee Benefits,Vendor,-329,USD,321 - Accounting,00 - Corporate,701-Payroll-EXP-3-15-15 Aug 2026,Journal,,,,False,,
"2 - Chegg, Inc.",Aug 2026,8/15/2026,8/15/2026,USD,60240 Other Compensation and Benefits : Employee Benefits,Vendor,-326,USD,331 - Legal,00 - Corporate,701-Payroll-EXP-3-15-15 Aug 2026,Journal,,,,False,,
"2 - Chegg, Inc.",Aug 2026,8/15/2026,8/15/2026,USD,60240 Other Compensation and Benefits : Employee Benefits,Vendor,-323,USD,360 - General Management,20 - Learning Services,701-Payroll-EXP-3-15-15 Aug 2026,Journal,,,,False,,
"2 - Chegg, Inc.",Aug 2026,8/15/2026,8/15/2026,USD,60240 Other Compensation and Benefits : Employee Benefits,Vendor,-280,USD,205 - SEO Marketing,20 - Learning Services,701-Payroll-EXP-3-15-15 Aug 2026,Journal,,,,False,,
"2 - Chegg, Inc.",Aug 2026,8/15/2026,8/15/2026,USD,60240 Other Compensation and Benefits : Employee Benefits,Vendor,-269,USD,180 - Data Science,50 - Skills,701-Payroll-EXP-3-15-15 Aug 2026,Journal,,,,False,,
"2 - Chegg, Inc.",Aug 2026,8/15/2026,8/15/2026,USD,60240 Other Compensation and Benefits : Employee Benefits,Vendor,-267,USD,360 - General Management,50 - Skills,701-Payroll-EXP-3-15-15 Aug 2026,Journal,,,,False,,
"2 - Chegg, Inc.",Aug 2026,8/15/2026,8/15/2026,USD,60240 Other Compensation and Benefits : Employee Benefits,Vendor,-260,USD,170 - Engineering Management,20 - Learning Services,701-Payroll-EXP-3-15-15 Aug 2026,Journal,,,,False,,
"2 - Chegg, Inc.",Aug 2026,8/15/2026,8/15/2026,USD,60240 Other Compensation and Benefits : Employee Benefits,Vendor,-249,USD,200 - Marketing Operations,50 - Skills,701-Payroll-EXP-3-15-15 Aug 2026,Journal,,,,False,,
"2 - Chegg, Inc.",Aug 2026,8/15/2026,8/15/2026,USD,60240 Other Compensation and Benefits : Employee Benefits,Vendor,-246,USD,380 - Content Operations,50 - Skills,701-Payroll-EXP-3-15-15 Aug 2026,Journal,,,,False,,
"2 - Chegg, Inc.",Aug 2026,8/15/2026,8/15/2026,USD,60240 Other Compensation and Benefits : Employee Benefits,Vendor,-245,USD,225 - Partnerships,50 - Skills,701-Payroll-EXP-3-15-15 Aug 2026,Journal,,,,False,,
"2 - Chegg, Inc.",Aug 2026,8/15/2026,8/15/2026,USD,60240 Other Compensation and Benefits : Employee Benefits,Vendor,-225,USD,323 - Tax,00 - Corporate,701-Payroll-EXP-3-15-15 Aug 2026,Journal,,,,False,,
"2 - Chegg, Inc.",Aug 2026,8/15/2026,8/15/2026,USD,60240 Other Compensation and Benefits : Employee Benefits,Vendor,-177,USD,322 - Internal Audit,00 - Corporate,701-Payroll-EXP-3-15-15 Aug 2026,Journal,,,,False,,
"2 - Chegg, Inc.",Aug 2026,8/15/2026,8/15/2026,USD,60240 Other Compensation and Benefits : Employee Benefits,Vendor,-164,USD,345 - Total Rewards,00 - Corporate,701-Payroll-EXP-3-15-15 Aug 2026,Journal,,,,False,,
"2 - Chegg, Inc.",Aug 2026,8/15/2026,8/15/2026,USD,60240 Other Compensation and Benefits : Employee Benefits,Vendor,-154,USD,392 - Information Security,00 - Corporate,701-Payroll-EXP-3-15-15 Aug 2026,Journal,,,,False,,
"2 - Chegg, Inc.",Aug 2026,8/15/2026,8/15/2026,USD,60240 Other Compensation and Benefits : Employee Benefits,Vendor,-148,USD,206 - Customer Relationship Marketing,50 - Skills,701-Payroll-EXP-3-15-15 Aug 2026,Journal,,,,False,,
"2 - Chegg, Inc.",Aug 2026,8/15/2026,8/15/2026,USD,60240 Other Compensation and Benefits : Employee Benefits,Vendor,-147,USD,525 - Career Services,50 - Skills,701-Payroll-EXP-3-15-15 Aug 2026,Journal,,,,False,,
"2 - Chegg, Inc.",Aug 2026,8/15/2026,8/15/2026,USD,60240 Other Compensation and Benefits : Employee Benefits,Vendor,-130,USD,204 - Performance Marketing,50 - Skills,701-Payroll-EXP-3-15-15 Aug 2026,Journal,,,,False,,
"2 - Chegg, Inc.",Aug 2026,8/15/2026,8/15/2026,USD,60240 Other Compensation and Benefits : Employee Benefits,Vendor,-120,USD,215 - Advertising Operations,20 - Learning Services,701-Payroll-EXP-3-15-15 Aug 2026,Journal,,,,False,,
"2 - Chegg, Inc.",Aug 2026,8/15/2026,8/15/2026,USD,60240 Other Compensation and Benefits : Employee Benefits,Vendor,-60,USD,101 - Product - Discovery,20 - Learning Services,701-Payroll-EXP-3-15-15 Aug 2026,Journal,,,,False,,
"2 - Chegg, Inc.",Aug 2026,8/15/2026,8/15/2026,USD,60240 Other Compensation and Benefits : Employee Benefits,Vendor,-59,USD,521 - Academic Advising,20 - Learning Services,701-Payroll-EXP-3-15-15 Aug 2026,Journal,,,,False,,
"2 - Chegg, Inc.",Aug 2026,8/15/2026,8/15/2026,USD,60240 Other Compensation and Benefits : Employee Benefits,Vendor,-40,USD,190 - IT Operations,20 - Learning Services,701-Payroll-EXP-3-15-15 Aug 2026,Journal,,,,False,,
"2 - Chegg, Inc.",Aug 2026,8/15/2026,8/15/2026,USD,60240 Other Compensation and Benefits : Employee Benefits,Vendor,-11,USD,160 - Commerce Engineering,20 - Learning Services,701-Payroll-EXP-3-15-15 Aug 2026,Journal,,,,False,,
"2 - Chegg, Inc.",Aug 2026,8/15/2026,8/15/2026,USD,60240 Other Compensation and Benefits : Employee Benefits,Vendor,-4,USD,346 - Employee Experience,00 - Corporate,701-Payroll-EXP-3-15-15 Aug 2026,Journal,,,,False,,
"2 - Chegg, Inc.",Aug 2026,8/15/2026,8/15/2026,USD,60240 Other Compensation and Benefits : Employee Benefits,Vendor,-3,USD,230 - Admissions,50 - Skills,701-Payroll-EXP-3-15-15 Aug 2026,Journal,,,,False,,
"2 - Chegg, Inc.",Aug 2026,8/15/2026,8/15/2026,USD,60240 Other Compensation and Benefits : Employee Benefits,Vendor,100,USD,160 - Commerce Engineering,20 - Learning Services,701-Payroll-EXP-3-15-15 Aug 2026,Journal,,,,False,,
"2 - Chegg, Inc.",Aug 2026,8/15/2026,8/15/2026,USD,60240 Other Compensation and Benefits : Employee Benefits,Vendor,100,USD,205 - SEO Marketing,20 - Learning Services,701-Payroll-EXP-3-15-15 Aug 2026,Journal,,,,False,,
"2 - Chegg, Inc.",Aug 2026,8/15/2026,8/15/2026,USD,60240 Other Compensation and Benefits : Employee Benefits,Vendor,100,USD,230 - Admissions,50 - Skills,701-Payroll-EXP-3-15-15 Aug 2026,Journal,,,,False,,
"2 - Chegg, Inc.",Aug 2026,8/15/2026,8/15/2026,USD,60240 Other Compensation and Benefits : Employee Benefits,Vendor,100,USD,321 - Accounting,00 - Corporate,701-Payroll-EXP-3-15-15 Aug 2026,Journal,,,,False,,
"2 - Chegg, Inc.",Aug 2026,8/15/2026,8/15/2026,USD,60240 Other Compensation and Benefits : Employee Benefits,Vendor,100,USD,325 - FP & A,00 - Corporate,701-Payroll-EXP-3-15-15 Aug 2026,Journal,,,,False,,
"2 - Chegg, Inc.",Aug 2026,8/15/2026,8/15/2026,USD,60240 Other Compensation and Benefits : Employee Benefits,Vendor,100,USD,331 - Legal,00 - Corporate,701-Payroll-EXP-3-15-15 Aug 2026,Journal,,,,False,,
"2 - Chegg, Inc.",Aug 2026,8/15/2026,8/15/2026,USD,60240 Other Compensation and Benefits : Employee Benefits,Vendor,150,USD,105 - Product Marketing Management,50 - Skills,701-Payroll-EXP-3-15-15 Aug 2026,Journal,,,,False,,
"2 - Chegg, Inc.",Aug 2026,8/15/2026,8/15/2026,USD,60240 Other Compensation and Benefits : Employee Benefits,Vendor,150,USD,323 - Tax,00 - Corporate,701-Payroll-EXP-3-15-15 Aug 2026,Journal,,,,False,,
"2 - Chegg, Inc.",Aug 2026,8/15/2026,8/15/2026,USD,60240 Other Compensation and Benefits : Employee Benefits,Vendor,150,USD,345 - Total Rewards,00 - Corporate,701-Payroll-EXP-3-15-15 Aug 2026,Journal,,,,False,,
"2 - Chegg, Inc.",Aug 2026,8/15/2026,8/15/2026,USD,60240 Other Compensation and Benefits : Employee Benefits,Vendor,150,USD,360 - General Management,20 - Learning Services,701-Payroll-EXP-3-15-15 Aug 2026,Journal,,,,False,,
"2 - Chegg, Inc.",Aug 2026,8/15/2026,8/15/2026,USD,60240 Other Compensation and Benefits : Employee Benefits,Vendor,150,USD,380 - Content Operations,50 - Skills,701-Payroll-EXP-3-15-15 Aug 2026,Journal,,,,False,,
"2 - Chegg, Inc.",Aug 2026,8/15/2026,8/15/2026,USD,60240 Other Compensation and Benefits : Employee Benefits,Vendor,250,USD,204 - Performance Marketing,50 - Skills,701-Payroll-EXP-3-15-15 Aug 2026,Journal,,,,False,,
"2 - Chegg, Inc.",Aug 2026,8/15/2026,8/15/2026,USD,60240 Other Compensation and Benefits : Employee Benefits,Vendor,250,USD,390 - Compliance,00 - Corporate,701-Payroll-EXP-3-15-15 Aug 2026,Journal,,,,False,,
"2 - Chegg, Inc.",Aug 2026,8/15/2026,8/15/2026,USD,60240 Other Compensation and Benefits : Employee Benefits,Vendor,250,USD,392 - Information Security,00 - Corporate,701-Payroll-EXP-3-15-15 Aug 2026,Journal,,,,False,,
"2 - Chegg, Inc.",Aug 2026,8/15/2026,8/15/2026,USD,60240 Other Compensation and Benefits : Employee Benefits,Vendor,268,USD,346 - Employee Experience,00 - Corporate,701-Payroll-EXP-3-15-15 Aug 2026,Journal,,,,False,,
"2 - Chegg, Inc.",Aug 2026,8/15/2026,8/15/2026,USD,60240 Other Compensation and Benefits : Employee Benefits,Vendor,300,USD,170 - Engineering Management,20 - Learning Services,701-Payroll-EXP-3-15-15 Aug 2026,Journal,,,,False,,
"2 - Chegg, Inc.",Aug 2026,8/15/2026,8/15/2026,USD,60240 Other Compensation and Benefits : Employee Benefits,Vendor,350,USD,521 - Academic Advising,50 - Skills,701-Payroll-EXP-3-15-15 Aug 2026,Journal,,,,False,,
"2 - Chegg, Inc.",Aug 2026,8/15/2026,8/15/2026,USD,60240 Other Compensation and Benefits : Employee Benefits,Vendor,600,USD,102 - Product - Engagement,50 - Skills,701-Payroll-EXP-3-15-15 Aug 2026,Journal,,,,False,,
"2 - Chegg, Inc.",Aug 2026,8/15/2026,8/15/2026,USD,60240 Other Compensation and Benefits : Employee Benefits,Vendor,600,USD,366 - Business Operations Management,50 - Skills,701-Payroll-EXP-3-15-15 Aug 2026,Journal,,,,False,,
"2 - Chegg, Inc.",Aug 2026,8/15/2026,8/15/2026,USD,60250 Other Compensation and Benefits : Disability Insurance,Vendor,-3,USD,301 - CEO,00 - Corporate,701-Payroll-EXP-1-15-15 Aug 2026,Journal,,,,False,,
"2 - Chegg, Inc.",Aug 2026,8/15/2026,8/15/2026,USD,60250 Other Compensation and Benefits : Disability Insurance,Vendor,-1,USD,525 - Career Services,50 - Skills,701-Payroll-EXP-1-15-15 Aug 2026,Journal,,,,False,,
"2 - Chegg, Inc.",Aug 2026,8/15/2026,8/15/2026,USD,60250 Other Compensation and Benefits : Disability Insurance,Vendor,-1,USD,102 - Product - Engagement,50 - Skills,701-Payroll-EXP-1-15-15 Aug 2026,Journal,,,,False,,
"2 - Chegg, Inc.",Aug 2026,8/15/2026,8/15/2026,USD,60250 Other Compensation and Benefits : Disability Insurance,Vendor,-1,USD,170 - Engineering Management,20 - Learning Services,701-Payroll-EXP-1-15-15 Aug 2026,Journal,,,,False,,
"2 - Chegg, Inc.",Aug 2026,8/15/2026,8/15/2026,USD,60250 Other Compensation and Benefits : Disability Insurance,Vendor,-1,USD,321 - Accounting,00 - Corporate,701-Payroll-EXP-1-15-15 Aug 2026,Journal,,,,False,,
"2 - Chegg, Inc.",Aug 2026,8/15/2026,8/15/2026,USD,60250 Other Compensation and Benefits : Disability Insurance,Vendor,-1,USD,366 - Business Operations Management,20 - Learning Services,701-Payroll-EXP-1-15-15 Aug 2026,Journal,,,,False,,
"2 - Chegg, Inc.",Aug 2026,8/15/2026,8/15/2026,USD,60250 Other Compensation and Benefits : Disability Insurance,Vendor,-1,USD,366 - Business Operations Management,50 - Skills,701-Payroll-EXP-1-15-15 Aug 2026,Journal,,,,False,,
"2 - Chegg, Inc.",Aug 2026,8/15/2026,8/15/2026,USD,60250 Other Compensation and Benefits : Disability Insurance,Vendor,-1,USD,380 - Content Operations,50 - Skills,701-Payroll-EXP-1-15-15 Aug 2026,Journal,,,,False,,
"2 - Chegg, Inc.",Aug 2026,8/15/2026,8/15/2026,USD,60290 Other Compensation and Benefits : Other Employee Benefits,Vendor,28,USD,390 - Compliance,00 - Corporate,701-Payroll-EXP-3-15-15 Aug 2026,Journal,,,,False,,
"2 - Chegg, Inc.",Aug 2026,8/15/2026,8/15/2026,USD,60290 Other Compensation and Benefits : Other Employee Benefits,Vendor,28,USD,160 - Commerce Engineering,20 - Learning Services,701-Payroll-EXP-3-15-15 Aug 2026,Journal,,,,False,,
"2 - Chegg, Inc.",Aug 2026,8/15/2026,8/15/2026,USD,60290 Other Compensation and Benefits : Other Employee Benefits,Vendor,28,USD,180 - Data Science,50 - Skills,701-Payroll-EXP-3-15-15 Aug 2026,Journal,,,,False,,
"2 - Chegg, Inc.",Aug 2026,8/15/2026,8/15/2026,USD,60290 Other Compensation and Benefits : Other Employee Benefits,Vendor,28,USD,190 - IT Operations,20 - Learning Services,701-Payroll-EXP-3-15-15 Aug 2026,Journal,,,,False,,
"2 - Chegg, Inc.",Aug 2026,8/15/2026,8/15/2026,USD,60290 Other Compensation and Benefits : Other Employee Benefits,Vendor,28,USD,205 - SEO Marketing,20 - Learning Services,701-Payroll-EXP-3-15-15 Aug 2026,Journal,,,,False,,
"2 - Chegg, Inc.",Aug 2026,8/15/2026,8/15/2026,USD,60290 Other Compensation and Benefits : Other Employee Benefits,Vendor,28,USD,206 - Customer Relationship Marketing,50 - Skills,701-Payroll-EXP-3-15-15 Aug 2026,Journal,,,,False,,
"2 - Chegg, Inc.",Aug 2026,8/15/2026,8/15/2026,USD,60290 Other Compensation and Benefits : Other Employee Benefits,Vendor,28,USD,215 - Advertising Operations,20 - Learning Services,701-Payroll-EXP-3-15-15 Aug 2026,Journal,,,,False,,
"2 - Chegg, Inc.",Aug 2026,8/15/2026,8/15/2026,USD,60290 Other Compensation and Benefits : Other Employee Benefits,Vendor,28,USD,366 - Business Operations Management,50 - Skills,701-Payroll-EXP-3-15-15 Aug 2026,Journal,,,,False,,
"2 - Chegg, Inc.",Aug 2026,8/15/2026,8/15/2026,USD,60290 Other Compensation and Benefits : Other Employee Benefits,Vendor,28,USD,322 - Internal Audit,00 - Corporate,701-Payroll-EXP-3-15-15 Aug 2026,Journal,,,,False,,
"2 - Chegg, Inc.",Aug 2026,8/15/2026,8/15/2026,USD,60290 Other Compensation and Benefits : Other Employee Benefits,Vendor,29,USD,360 - General Management,46 - Content Services,701-Payroll-EXP-3-15-15 Aug 2026,Journal,,,,False,,
"2 - Chegg, Inc.",Aug 2026,8/15/2026,8/15/2026,USD,60290 Other Compensation and Benefits : Other Employee Benefits,Vendor,29,USD,324 - Investor Relations,00 - Corporate,701-Payroll-EXP-3-15-15 Aug 2026,Journal,,,,False,,
"2 - Chegg, Inc.",Aug 2026,8/15/2026,8/15/2026,USD,60290 Other Compensation and Benefits : Other Employee Benefits,Vendor,29,USD,170 - Engineering Management,20 - Learning Services,701-Payroll-EXP-3-15-15 Aug 2026,Journal,,,,False,,
"2 - Chegg, Inc.",Aug 2026,8/15/2026,8/15/2026,USD,60290 Other Compensation and Benefits : Other Employee Benefits,Vendor,29,USD,360 - General Management,50 - Skills,701-Payroll-EXP-3-15-15 Aug 2026,Journal,,,,False,,
"2 - Chegg, Inc.",Aug 2026,8/15/2026,8/15/2026,USD,60290 Other Compensation and Benefits : Other Employee Benefits,Vendor,57,USD,392 - Information Security,00 - Corporate,701-Payroll-EXP-3-15-15 Aug 2026,Journal,,,,False,,
"2 - Chegg, Inc.",Aug 2026,8/15/2026,8/15/2026,USD,60290 Other Compensation and Benefits : Other Employee Benefits,Vendor,57,USD,323 - Tax,00 - Corporate,701-Payroll-EXP-3-15-15 Aug 2026,Journal,,,,False,,
"2 - Chegg, Inc.",Aug 2026,8/15/2026,8/15/2026,USD,60290 Other Compensation and Benefits : Other Employee Benefits,Vendor,57,USD,360 - General Management,20 - Learning Services,701-Payroll-EXP-3-15-15 Aug 2026,Journal,,,,False,,
"2 - Chegg, Inc.",Aug 2026,8/15/2026,8/15/2026,USD,60290 Other Compensation and Benefits : Other Employee Benefits,Vendor,57,USD,301 - CEO,00 - Corporate,701-Payroll-EXP-3-15-15 Aug 2026,Journal,,,,False,,
"2 - Chegg, Inc.",Aug 2026,8/15/2026,8/15/2026,USD,60290 Other Compensation and Benefits : Other Employee Benefits,Vendor,84,USD,102 - Product - Engagement,50 - Skills,701-Payroll-EXP-3-15-15 Aug 2026,Journal,,,,False,,
"2 - Chegg, Inc.",Aug 2026,8/15/2026,8/15/2026,USD,60290 Other Compensation and Benefits : Other Employee Benefits,Vendor,85,USD,325 - FP & A,00 - Corporate,701-Payroll-EXP-3-15-15 Aug 2026,Journal,,,,False,,
"2 - Chegg, Inc.",Aug 2026,8/15/2026,8/15/2026,USD,60290 Other Compensation and Benefits : Other Employee Benefits,Vendor,113,USD,321 - Accounting,00 - Corporate,701-Payroll-EXP-3-15-15 Aug 2026,Journal,,,,False,,
"2 - Chegg, Inc.",Aug 2026,8/15/2026,8/16/2026,ILS,67410 Non-GAAP One Time Expenses : Non-GAAP One Time Expenses,MORAD LAHAM CONTROL AND MANAGEMENT LTD,305,USD,321 - Accounting,00 - Corporate,"Header Charges for line: JUL26, ME Liquidation Support",Bill,9924,,,False,,
"2 - Chegg, Inc.",Aug 2026,8/15/2026,8/16/2026,ILS,67410 Non-GAAP One Time Expenses : Non-GAAP One Time Expenses,MORAD LAHAM CONTROL AND MANAGEMENT LTD,"1,692",USD,321 - Accounting,00 - Corporate,"JUL26, ME Liquidation Support",Bill,9924,,,False,,
"2 - Chegg, Inc.",Aug 2026,8/15/2026,8/16/2026,USD,65720 Outside services : Contractors,"ALKU TECHNOLOGIES, LLC",131,USD,326 - Enterprise Systems & Applications,00 - Corporate,"AUG26, Professional Services (Renewal for Adaptive Support - Mikah)",Bill,10453,,,False,,
"2 - Chegg, Inc.",Aug 2026,8/15/2026,8/16/2026,USD,65720 Outside services : Contractors,"ALKU TECHNOLOGIES, LLC",263,USD,326 - Enterprise Systems & Applications,00 - Corporate,"Aug26, Professional Services (Renewal for Adaptive Support - Mikah)",Bill,10453,,,False,,
"2 - Chegg, Inc.",Aug 2026,8/15/2026,8/17/2026,USD,62110 Technology Expenses : Software License/Renewal/Support - Electronically Delivered,"LABELBOX, INC.","-84,267",USD,180 - Data Science,20 - Learning Services,"AUG25, Labelbox Annotation Platform",Bill Credit,8582,SWD-22H2107 Content Automation,SWD-22H2107 Content Automation,False,,
"2 - Chegg, Inc.",Aug 2026,8/15/2026,8/17/2026,USD,62110 Technology Expenses : Software License/Renewal/Support - Electronically Delivered,"LABELBOX, INC.","-73,734",USD,180 - Data Science,20 - Learning Services,"SEP25, Labelbox Annotation Platform",Bill Credit,8582,SWD-22H2107 Content Automation,SWD-22H2107 Content Automation,False,,
"2 - Chegg, Inc.",Aug 2026,8/15/2026,8/17/2026,USD,62110 Technology Expenses : Software License/Renewal/Support - Electronically Delivered,Woolf Inc.,"3,200",USD,225 - Partnerships,50 - Skills,"AUG26-AUG27, Udacity tuition for Woolf student",Bill,10905,,,False,,
"2 - Chegg, Inc.",Aug 2026,8/15/2026,8/17/2026,USD,63140 Facility Expenses : Utilities,CITY OF SANTA CLARA MUNICIPAL UTILITIES,"1,228",USD,350 - Workplace Services,00 - Corporate,"AUG26, SILICON VALLEY POWER",Bill,,,,False,,
"2 - Chegg, Inc.",Aug 2026,8/15/2026,8/17/2026,USD,66180 Office Expenses : Bad Debt Expense,Applovin Corp,-94,USD,321 - Accounting,00 - Corporate,small amt $94.12 write off invoice no #299536441,Invoice,,,,False,,
"2 - Chegg, Inc.",Aug 2026,8/15/2026,8/17/2026,USD,66180 Office Expenses : Bad Debt Expense,Applovin Corp,-1,USD,321 - Accounting,00 - Corporate,small amt $1.00 write off invoice no #299536441,Invoice,,,,False,,
"2 - Chegg, Inc.",Aug 2026,8/15/2026,8/17/2026,USD,66180 Office Expenses : Bad Debt Expense,"Longitude Ads, LLC",684,USD,321 - Accounting,00 - Corporate,small amt $684.14 write off invoice no #299535314,Credit Memo,,,,False,,
"2 - Chegg, Inc.",Aug 2026,8/15/2026,8/17/2026,USD,66180 Office Expenses : Bad Debt Expense,M.D. PRIMIS TECHNOLOGIES LTD,807,USD,321 - Accounting,00 - Corporate,Small amt write off,Credit Memo,,,,False,,
"2 - Chegg, Inc.",Aug 2026,8/15/2026,8/17/2026,USD,66180 Office Expenses : Bad Debt Expense,Wavemaker Global,-0,USD,321 - Accounting,00 - Corporate,small amt $0.01 write off invoice no #299535289,Invoice,,,,False,,
"2 - Chegg, Inc.",Aug 2026,8/15/2026,8/18/2026,USD,65100 Professional fees : Accounting Fees,GRANT THORNTON LLP,"73,500",USD,321 - Accounting,00 - Corporate,"AUG26, Audit Fee FY26",Bill,10810,,,False,,
"2 - Chegg, Inc.",Aug 2026,8/15/2026,8/18/2026,USD,65720 Outside services : Contractors,DEBRA THOMPSON,"2,499",USD,301 - CEO,00 - Corporate,"AUG26, Contract for Debra Thompson",Bill,10515,,,False,,
"2 - Chegg, Inc.",Aug 2026,8/15/2026,8/18/2026,USD,65720 Outside services : Contractors,"QUOTABLY, LLC","12,300",USD,170 - Engineering Management,20 - Learning Services,"AUG26, Consulting Hours of Ben Tucker (3rd-Aug-26 to 9th-Aug-26)",Bill,10566,,,False,,
"2 - Chegg, Inc.",Aug 2026,8/15/2026,8/18/2026,USD,65720 Outside services : Contractors,"QUOTABLY, LLC","13,650",USD,170 - Engineering Management,20 - Learning Services,"Aug26,Consulting Hours of Ben Tucker (10-Aug-2026 to 16-Aug-2026)",Bill,10566,,,False,,
"2 - Chegg, Inc.",Aug 2026,8/15/2026,8/18/2026,USD,66210 Office Expenses : Conferencing Expenses,"SYCOMP A TECHNOLOGY COMPANY, INC.","1,069",USD,139 - Platform - CloudOps,20 - Learning Services,"Aug26, A/V Assessment for London Office",Bill,10896,,,False,,
"2 - Chegg, Inc.",Aug 2026,8/15/2026,8/19/2026,USD,61100 Marketing Expenses : Advertisement / Promotion,DATAFORSEO OU,"20,000",USD,205 - SEO Marketing,20 - Learning Services,"Aug26, SS - Dataforseo api",Bill,10578,MKTG-SS-SEO,MKTG-SS-SEO,True,,Invoice
"2 - Chegg, Inc.",Aug 2026,8/15/2026,8/19/2026,USD,62110 Technology Expenses : Software License/Renewal/Support - Electronically Delivered,EQUIFAX INC.,"2,091",USD,325 - FP & A,00 - Corporate,"JUL26, Equifax (Kount)",Bill,10786,,,False,,
"2 - Chegg, Inc.",Aug 2026,8/15/2026,8/19/2026,USD,62110 Technology Expenses : Software License/Renewal/Support - Electronically Delivered,"PRINTERLOGIC, INC. DBA VASION","1,280",USD,190 - IT Operations,00 - Corporate,P-C-SAS-AS1-25+ Commercial - SaaS - Advanced Security 1:1 - 25-49(23-Aug-2026 to 22-Aug-2027),Bill,10922,,,False,,
"2 - Chegg, Inc.",Aug 2026,8/15/2026,8/19/2026,USD,62110 Technology Expenses : Software License/Renewal/Support - Electronically Delivered,"PRINTERLOGIC, INC. DBA VASION","3,168",USD,190 - IT Operations,00 - Corporate,"Aug26, P-C-SAS-PR-25+ Commercial - SaaS - Vasion Print - 25-49 (23-Aug-2026 to 22-Aug-2027)",Bill,10922,,,False,,
"2 - Chegg, Inc.",Aug 2026,8/15/2026,8/19/2026,USD,62110 Technology Expenses : Software License/Renewal/Support - Electronically Delivered,"SYCOMP A TECHNOLOGY COMPANY, INC.","99,999",USD,392 - Information Security,00 - Corporate,"July26, CCS-ENT Cribl Suite Cloud Enterprise Bundle - Total Number of Estimated Credits Based on Expected Consumption - QTY 300,001 (31-July-2026 to 30-July-2027)",Bill,10884,,,False,,
"2 - Chegg, Inc.",Aug 2026,8/15/2026,8/19/2026,USD,62110 Technology Expenses : Software License/Renewal/Support - Electronically Delivered,XYLEME INC.,"1,935",USD,522 - Content Delivery,50 - Skills,"Jun--Jul26, Xyleme Implementation Fees",Bill,10500,,,False,,
"2 - Chegg, Inc.",Aug 2026,8/15/2026,8/19/2026,USD,65720 Outside services : Contractors,LATITUDE LLC,"8,190",USD,331 - Legal,00 - Corporate,"AUG26, Legal Ops Contractor (2-AUG-2026 TO 15-AUG-2026)",Bill,10576,LGL-Other matters,LGL-Other matters,False,,
"2 - Chegg, Inc.",Aug 2026,8/15/2026,8/19/2026,USD,65720 Outside services : Contractors,LATITUDE LLC,"12,324",USD,331 - Legal,00 - Corporate,"AUG26, PO For Brian Fleming Latitude Legal ( 2nd-Aug-2026 to 15th-Aug-2026)",Bill,10749,,,False,,
"2 - Chegg, Inc.",Aug 2026,8/15/2026,8/20/2026,USD,62110 Technology Expenses : Software License/Renewal/Support - Electronically Delivered,RECURLY INC.,"60,300",USD,142 - Engineering Monetization,20 - Learning Services,"AUG26, Recurly Site-to-Site Billing Info Migration",Bill,10932,,,False,,
"2 - Chegg, Inc.",Aug 2026,8/15/2026,8/20/2026,USD,63140 Facility Expenses : Utilities,PG&E,54,USD,350 - Workplace Services,00 - Corporate,"AUG26, ACCT 8579088493-7",Bill,,,,False,,
"2 - Chegg, Inc.",Aug 2026,8/15/2026,8/21/2026,USD,61190 Marketing Expenses : Mobile Advertising,APPLE INC.,"1,056",USD,204 - Performance Marketing,20 - Learning Services,REFUNDAPPLE AUG2026,Bill,,MKTG-MW-ASA-UNKNOWN,MKTG-MW-ASA-UNKNOWN,True,,Invoice
"2 - Chegg, Inc.",Aug 2026,8/15/2026,8/21/2026,USD,65190 Professional fees : Other Consulting Fee,JAMES C. KELLY,"16,500",USD,380 - Content Operations,46 - Content Services,"AUG26, Consulting Services",Bill,10761,,,False,,
"2 - Chegg, Inc.",Aug 2026,8/15/2026,8/21/2026,USD,65720 Outside services : Contractors,"ROTH STAFFING COMPANIES, L.P.","3,600",USD,113 - User Experience - Monetization,20 - Learning Services,"AUG26, Hiring Product Designer",Bill,10003,,,False,,
"2 - Chegg, Inc.",Aug 2026,8/15/2026,8/21/2026,USD,"66160 Office Expenses : Freight, Shipping & Handling",FEDEX,34,USD,350 - Workplace Services,00 - Corporate,"AUG26, ACCOUNT 4125-4110-3 INV 9-432-13637",Bill,,,,False,,
"2 - Chegg, Inc.",Aug 2026,8/15/2026,8/21/2026,USD,66180 Office Expenses : Bad Debt Expense,Conversant,-0,USD,321 - Accounting,00 - Corporate,small amt $0.09 write off invoice no # 299536468,Invoice,,,,False,,
"2 - Chegg, Inc.",Aug 2026,8/15/2026,8/21/2026,USD,66180 Office Expenses : Bad Debt Expense,Ozone Project Ltd ,369,USD,321 - Accounting,00 - Corporate,small amt $368.73 write off invoice no #299535340,Credit Memo,,,,False,,
"2 - Chegg, Inc.",Aug 2026,8/15/2026,8/22/2026,USD,65190 Professional fees : Other Consulting Fee,"AON CONSULTING, INC","7,192",USD,341 - HR Operations,00 - Corporate,"JUL26, Consulting Services",Bill,9789,,,False,,
"2 - Chegg, Inc.",Aug 2026,8/15/2026,8/24/2026,USD,65100 Professional fees : Accounting Fees,"DELOITTE & TOUCHE, LLP","54,796",USD,321 - Accounting,00 - Corporate,"AUG26, Deloitte provided access to Fiscal 2025 Audit/ Quarterly review files to Grant Thornton as successor auditor.",Bill,10936,,,False,,
"2 - Chegg, Inc.",Aug 2026,8/15/2026,8/24/2026,USD,65230 Legal fees : Legal - Corporate,I.B.I. CAPITAL LTD,994,USD,332 - Stock Administration,00 - Corporate,"Aug26, Retainer for trust & stock services",Bill,4471,LGL-Stock Administration,LGL-Stock Administration,False,,
"2 - Chegg, Inc.",Aug 2026,8/15/2026,8/24/2026,USD,65230 Legal fees : Legal - Corporate,"STOKES LAWRENCE, P.S.","1,705",USD,331 - Legal,00 - Corporate,"JUL26, General Advisory Services",Bill,,LGL-Stokes,LGL-Stokes,False,,
"2 - Chegg, Inc.",Aug 2026,8/15/2026,8/24/2026,USD,66180 Office Expenses : Bad Debt Expense,Unity Technologies ,735,USD,321 - Accounting,00 - Corporate,small amt $734.9 write off Invoice no #299536347,Credit Memo,,,,False,,
"2 - Chegg, Inc.",Aug 2026,8/15/2026,8/25/2026,USD,65240 Legal fees : Legal Fees - Litigation,FAEGRE DRINKER BIDDLE & REATH LLP,"2,627",USD,331 - Legal,00 - Corporate,"JUL26, Securities Compliance & Corporate Governance - Excluded Services",Bill,,LGL-Securities Compliance & Corporate Governance – Excluded Services,LGL-Securities Compliance & Corporate Governance – Excluded Services,False,,
"2 - Chegg, Inc.",Aug 2026,8/15/2026,8/25/2026,USD,65240 Legal fees : Legal Fees - Litigation,FAEGRE DRINKER BIDDLE & REATH LLP,"39,000",USD,331 - Legal,00 - Corporate,"JUL26, Securities Compliance & Corporate Governance - Included Services",Bill,,LGL-Securities Compliance & Corporate Governance – Excluded Services,LGL-Securities Compliance & Corporate Governance – Excluded Services,False,,
"2 - Chegg, Inc.",Aug 2026,8/15/2026,8/25/2026,USD,66520 Realized Gain/Loss,Vendor,6,USD,000 - Central,00 - Corporate,,Currency Revaluation,,,,False,,
"2 - Chegg, Inc.",Aug 2026,8/15/2026,8/26/2026,USD,65720 Outside services : Contractors,LATITUDE LLC,"6,461",USD,331 - Legal,00 - Corporate,"Aug26, Corporate Attorney (9-Aug-2026 to 22-Aug-2026)",Bill,10514,LGL-Other matters,LGL-Other matters,False,,
"2 - Chegg, Inc.",Aug 2026,8/15/2026,8/26/2026,USD,65790 Outside services : Other Outside Services,VIAVID BROADCASTING CORPORATION,"3,304",USD,324 - Investor Relations,00 - Corporate,"AUG26, Earnings Calls Hosting",Bill,9777,,,False,,
"2 - Chegg, Inc.",Aug 2026,8/15/2026,8/27/2026,USD,65720 Outside services : Contractors,LAYNE AARON BUCKLEY,"40,425",USD,301 - CEO,00 - Corporate,"AUG26, Contract for Layne Buckley",Bill,10634,,,False,,
"2 - Chegg, Inc.",Aug 2026,8/15/2026,8/27/2026,USD,66180 Office Expenses : Bad Debt Expense,"The Trade Desk, Inc",582,USD,321 - Accounting,00 - Corporate,small amt $581.5 write off Invoice no #299535337,Credit Memo,,,,False,,
"2 - Chegg, Inc.",Aug 2026,8/15/2026,8/28/2026,USD,62110 Technology Expenses : Software License/Renewal/Support - Electronically Delivered,HEY TACO LLC,510,USD,366 - Business Operations Management,50 - Skills,"AUG26-SEP26, HeyTaco monthly subscription and gift card balance. (28th- Aug-2026 to 28th-Sep-2026)",Bill,10848,,,False,,
"2 - Chegg, Inc.",Aug 2026,8/15/2026,8/28/2026,USD,66180 Office Expenses : Bad Debt Expense,Media net Advertising FZ-LLC,-0,USD,321 - Accounting,00 - Corporate,small amt $0.28 write off invoice no #299536354,Invoice,,,,False,,
"2 - Chegg, Inc.",Aug 2026,8/15/2026,8/28/2026,USD,66180 Office Expenses : Bad Debt Expense,OpenX,"-1,998",USD,321 - Accounting,00 - Corporate,"small amt $1,998.18 write off invoice no #299536306",Invoice,,,,False,,
"2 - Chegg, Inc.",Aug 2026,8/15/2026,8/30/2026,USD,62110 Technology Expenses : Software License/Renewal/Support - Electronically Delivered,WPENGINE INC.,"2,150",USD,130 - Platform - Marketing Technology,20 - Learning Services,"Aug-sep26, WPEngine (20-Aug-2026 to 29-Sep-2026)",Bill,10547,,,False,,
"2 - Chegg, Inc.",Aug 2026,8/15/2026,8/31/2026,ILS,67410 Non-GAAP One Time Expenses : Non-GAAP One Time Expenses,Vendor,"-1,673",USD,321 - Accounting,00 - Corporate,Aug-26 ME Adj - Morad Bookkeeping,Journal,,,,False,,
"2 - Chegg, Inc.",Aug 2026,8/15/2026,8/31/2026,ILS,67410 Non-GAAP One Time Expenses : Non-GAAP One Time Expenses,Vendor,-301,USD,321 - Accounting,00 - Corporate,Aug-26 ME Adj - Morad Bookkeeping,Journal,,,,False,,
"2 - Chegg, Inc.",Aug 2026,8/15/2026,8/31/2026,USD,60100 Salary & Wages : Salary Expense,Vendor,"-18,437",USD,181 - Data Analytics,60 - Busuu,Aug26 - Cross Charge to Busuu - India Wages (India > Chegg),Journal,,,,False,,
"2 - Chegg, Inc.",Aug 2026,8/15/2026,8/31/2026,USD,60100 Salary & Wages : Salary Expense,Vendor,"-16,992",USD,321 - Accounting,60 - Busuu,Aug26 - Cross Charge to Busuu - India Wages (India > Chegg),Journal,,,,False,,
"2 - Chegg, Inc.",Aug 2026,8/15/2026,8/31/2026,USD,60100 Salary & Wages : Salary Expense,Vendor,"-11,034",USD,204 - Performance Marketing,60 - Busuu,Aug26 - Cross Charge to Busuu - India Wages (India > Chegg),Journal,,,,False,,
"2 - Chegg, Inc.",Aug 2026,8/15/2026,8/31/2026,USD,60100 Salary & Wages : Salary Expense,Vendor,"-9,571",USD,225 - Partnerships,60 - Busuu,Aug26 - Cross Charge to Busuu - Employee Cross Charge,Journal,,,,False,,
"2 - Chegg, Inc.",Aug 2026,8/15/2026,8/31/2026,USD,60100 Salary & Wages : Salary Expense,Vendor,"3,434",USD,525 - Career Services,50 - Skills,702-Payroll-EXP-1-30-31 Aug 2026,Journal,,,,False,,
"2 - Chegg, Inc.",Aug 2026,8/15/2026,8/31/2026,USD,60100 Salary & Wages : Salary Expense,Vendor,"4,275",USD,225 - Partnerships,60 - Busuu,702-Payroll-EXP-1-30-31 Aug 2026,Journal,,,,False,,
"2 - Chegg, Inc.",Aug 2026,8/15/2026,8/31/2026,USD,60100 Salary & Wages : Salary Expense,Vendor,"5,305",USD,206 - Customer Relationship Marketing,50 - Skills,702-Payroll-EXP-1-30-31 Aug 2026,Journal,,,,False,,
"2 - Chegg, Inc.",Aug 2026,8/15/2026,8/31/2026,USD,60100 Salary & Wages : Salary Expense,Vendor,"6,646",USD,180 - Data Science,50 - Skills,702-Payroll-EXP-1-30-31 Aug 2026,Journal,,,,False,,
"2 - Chegg, Inc.",Aug 2026,8/15/2026,8/31/2026,USD,60100 Salary & Wages : Salary Expense,Vendor,"6,875",USD,366 - Business Operations Management,20 - Learning Services,702-Payroll-EXP-1-30-31 Aug 2026,Journal,,,,False,,
"2 - Chegg, Inc.",Aug 2026,8/15/2026,8/31/2026,USD,60100 Salary & Wages : Salary Expense,Vendor,"7,500",USD,345 - Total Rewards,00 - Corporate,702-Payroll-EXP-1-30-31 Aug 2026,Journal,,,,False,,
"2 - Chegg, Inc.",Aug 2026,8/15/2026,8/31/2026,USD,60100 Salary & Wages : Salary Expense,Vendor,"7,500",USD,346 - Employee Experience,00 - Corporate,702-Payroll-EXP-1-30-31 Aug 2026,Journal,,,,False,,
"2 - Chegg, Inc.",Aug 2026,8/15/2026,8/31/2026,USD,60100 Salary & Wages : Salary Expense,Vendor,"7,563",USD,215 - Advertising Operations,20 - Learning Services,702-Payroll-EXP-1-30-31 Aug 2026,Journal,,,,False,,
"2 - Chegg, Inc.",Aug 2026,8/15/2026,8/31/2026,USD,60100 Salary & Wages : Salary Expense,Vendor,"8,750",USD,101 - Product - Discovery,20 - Learning Services,702-Payroll-EXP-1-30-31 Aug 2026,Journal,,,,False,,
"2 - Chegg, Inc.",Aug 2026,8/15/2026,8/31/2026,USD,60100 Salary & Wages : Salary Expense,Vendor,"10,000",USD,200 - Marketing Operations,50 - Skills,702-Payroll-EXP-1-30-31 Aug 2026,Journal,,,,False,,
"2 - Chegg, Inc.",Aug 2026,8/15/2026,8/31/2026,USD,60100 Salary & Wages : Salary Expense,Vendor,"11,660",USD,380 - Content Operations,50 - Skills,702-Payroll-EXP-1-30-31 Aug 2026,Journal,,,,False,,
"2 - Chegg, Inc.",Aug 2026,8/15/2026,8/31/2026,USD,60100 Salary & Wages : Salary Expense,Vendor,"11,818",USD,190 - IT Operations,20 - Learning Services,702-Payroll-EXP-1-30-31 Aug 2026,Journal,,,,False,,
"2 - Chegg, Inc.",Aug 2026,8/15/2026,8/31/2026,USD,60100 Salary & Wages : Salary Expense,Vendor,"13,008",USD,322 - Internal Audit,00 - Corporate,702-Payroll-EXP-1-30-31 Aug 2026,Journal,,,,False,,
"2 - Chegg, Inc.",Aug 2026,8/15/2026,8/31/2026,USD,60100 Salary & Wages : Salary Expense,Vendor,"13,125",USD,204 - Performance Marketing,50 - Skills,702-Payroll-EXP-1-30-31 Aug 2026,Journal,,,,False,,
"2 - Chegg, Inc.",Aug 2026,8/15/2026,8/31/2026,USD,60100 Salary & Wages : Salary Expense,Vendor,"16,667",USD,324 - Investor Relations,00 - Corporate,702-Payroll-EXP-1-30-31 Aug 2026,Journal,,,,False,,
"2 - Chegg, Inc.",Aug 2026,8/15/2026,8/31/2026,USD,60100 Salary & Wages : Salary Expense,Vendor,"16,698",USD,360 - General Management,46 - Content Services,702-Payroll-EXP-1-30-31 Aug 2026,Journal,,,,False,,
"2 - Chegg, Inc.",Aug 2026,8/15/2026,8/31/2026,USD,60100 Salary & Wages : Salary Expense,Vendor,"16,958",USD,385 - Content Development,50 - Skills,702-Payroll-EXP-1-30-31 Aug 2026,Journal,,,,False,,
"2 - Chegg, Inc.",Aug 2026,8/15/2026,8/31/2026,USD,60100 Salary & Wages : Salary Expense,Vendor,"17,974",USD,160 - Commerce Engineering,20 - Learning Services,702-Payroll-EXP-1-30-31 Aug 2026,Journal,,,,False,,
"2 - Chegg, Inc.",Aug 2026,8/15/2026,8/31/2026,USD,60100 Salary & Wages : Salary Expense,Vendor,"18,854",USD,225 - Partnerships,50 - Skills,702-Payroll-EXP-1-30-31 Aug 2026,Journal,,,,False,,
"2 - Chegg, Inc.",Aug 2026,8/15/2026,8/31/2026,USD,60100 Salary & Wages : Salary Expense,Vendor,"20,979",USD,105 - Product Marketing Management,50 - Skills,702-Payroll-EXP-1-30-31 Aug 2026,Journal,,,,False,,
"2 - Chegg, Inc.",Aug 2026,8/15/2026,8/31/2026,USD,60100 Salary & Wages : Salary Expense,Vendor,"24,479",USD,205 - SEO Marketing,20 - Learning Services,702-Payroll-EXP-1-30-31 Aug 2026,Journal,,,,False,,
"2 - Chegg, Inc.",Aug 2026,8/15/2026,8/31/2026,USD,60100 Salary & Wages : Salary Expense,Vendor,"24,544",USD,323 - Tax,00 - Corporate,702-Payroll-EXP-1-30-31 Aug 2026,Journal,,,,False,,
"2 - Chegg, Inc.",Aug 2026,8/15/2026,8/31/2026,USD,60100 Salary & Wages : Salary Expense,Vendor,"25,000",USD,360 - General Management,50 - Skills,702-Payroll-EXP-1-30-31 Aug 2026,Journal,,,,False,,
"2 - Chegg, Inc.",Aug 2026,8/15/2026,8/31/2026,USD,60100 Salary & Wages : Salary Expense,Vendor,"31,250",USD,331 - Legal,00 - Corporate,702-Payroll-EXP-1-30-31 Aug 2026,Journal,,,,False,,
"2 - Chegg, Inc.",Aug 2026,8/15/2026,8/31/2026,USD,60100 Salary & Wages : Salary Expense,Vendor,"32,430",USD,392 - Information Security,00 - Corporate,702-Payroll-EXP-1-30-31 Aug 2026,Journal,,,,False,,
"2 - Chegg, Inc.",Aug 2026,8/15/2026,8/31/2026,USD,60100 Salary & Wages : Salary Expense,Vendor,"36,930",USD,390 - Compliance,00 - Corporate,702-Payroll-EXP-1-30-31 Aug 2026,Journal,,,,False,,
"2 - Chegg, Inc.",Aug 2026,8/15/2026,8/31/2026,USD,60100 Salary & Wages : Salary Expense,Vendor,"37,566",USD,360 - General Management,20 - Learning Services,702-Payroll-EXP-1-30-31 Aug 2026,Journal,,,,False,,
"2 - Chegg, Inc.",Aug 2026,8/15/2026,8/31/2026,USD,60100 Salary & Wages : Salary Expense,Vendor,"40,625",USD,325 - FP & A,00 - Corporate,702-Payroll-EXP-1-30-31 Aug 2026,Journal,,,,False,,
"2 - Chegg, Inc.",Aug 2026,8/15/2026,8/31/2026,USD,60100 Salary & Wages : Salary Expense,Vendor,"47,676",USD,521 - Academic Advising,50 - Skills,702-Payroll-EXP-1-30-31 Aug 2026,Journal,,,,False,,
"2 - Chegg, Inc.",Aug 2026,8/15/2026,8/31/2026,USD,60100 Salary & Wages : Salary Expense,Vendor,"56,303",USD,321 - Accounting,00 - Corporate,702-Payroll-EXP-1-30-31 Aug 2026,Journal,,,,False,,
"2 - Chegg, Inc.",Aug 2026,8/15/2026,8/31/2026,USD,60100 Salary & Wages : Salary Expense,Vendor,"62,239",USD,102 - Product - Engagement,50 - Skills,702-Payroll-EXP-1-30-31 Aug 2026,Journal,,,,False,,
"2 - Chegg, Inc.",Aug 2026,8/15/2026,8/31/2026,USD,60100 Salary & Wages : Salary Expense,Vendor,"68,015",USD,170 - Engineering Management,20 - Learning Services,702-Payroll-EXP-1-30-31 Aug 2026,Journal,,,,False,,
"2 - Chegg, Inc.",Aug 2026,8/15/2026,8/31/2026,USD,60100 Salary & Wages : Salary Expense,Vendor,"73,514",USD,366 - Business Operations Management,50 - Skills,702-Payroll-EXP-1-30-31 Aug 2026,Journal,,,,False,,
"2 - Chegg, Inc.",Aug 2026,8/15/2026,8/31/2026,USD,60100 Salary & Wages : Salary Expense,Vendor,"120,833",USD,301 - CEO,00 - Corporate,702-Payroll-EXP-1-30-31 Aug 2026,Journal,,,,False,,
"2 - Chegg, Inc.",Aug 2026,8/15/2026,8/31/2026,USD,60110 Salary & Wages : Direct Labor Expense,Vendor,-38,USD,366 - Business Operations Management,50 - Skills,702-Payroll-EXP-1-30-31 Aug 2026,Journal,,,,False,,
"2 - Chegg, Inc.",Aug 2026,8/15/2026,8/31/2026,USD,60110 Salary & Wages : Direct Labor Expense,Vendor,752,USD,366 - Business Operations Management,50 - Skills,Chegg Salary Accrual - Aug2026,Journal,,,,False,9/1/2026,
"2 - Chegg, Inc.",Aug 2026,8/15/2026,8/31/2026,USD,60110 Salary & Wages : Direct Labor Expense,Vendor,"1,378",USD,366 - Business Operations Management,50 - Skills,702-Payroll-EXP-1-30-31 Aug 2026,Journal,,,,False,,
"2 - Chegg, Inc.",Aug 2026,8/15/2026,8/31/2026,USD,60110 Salary & Wages : Direct Labor Expense,Vendor,"1,932",USD,230 - Admissions,50 - Skills,Chegg Salary Accrual - Aug2026,Journal,,,,False,9/1/2026,
"2 - Chegg, Inc.",Aug 2026,8/15/2026,8/31/2026,USD,60110 Salary & Wages : Direct Labor Expense,Vendor,"2,724",USD,520 - Educators,50 - Skills,Chegg Salary Accrual - Aug2026,Journal,,,,False,9/1/2026,
"2 - Chegg, Inc.",Aug 2026,8/15/2026,8/31/2026,USD,60110 Salary & Wages : Direct Labor Expense,Vendor,"3,596",USD,230 - Admissions,50 - Skills,702-Payroll-EXP-1-30-31 Aug 2026,Journal,,,,False,,
"2 - Chegg, Inc.",Aug 2026,8/15/2026,8/31/2026,USD,60110 Salary & Wages : Direct Labor Expense,Vendor,"4,507",USD,380 - Content Operations,50 - Skills,Chegg Salary Accrual - Aug2026,Journal,,,,False,9/1/2026,
"2 - Chegg, Inc.",Aug 2026,8/15/2026,8/31/2026,USD,60110 Salary & Wages : Direct Labor Expense,Vendor,"5,059",USD,520 - Educators,50 - Skills,702-Payroll-EXP-1-30-31 Aug 2026,Journal,,,,False,,
"2 - Chegg, Inc.",Aug 2026,8/15/2026,8/31/2026,USD,60110 Salary & Wages : Direct Labor Expense,Vendor,"8,373",USD,380 - Content Operations,50 - Skills,702-Payroll-EXP-1-30-31 Aug 2026,Journal,,,,False,,
"2 - Chegg, Inc.",Aug 2026,8/15/2026,8/31/2026,USD,60150 Salary & Wages : Bonus,Vendor,"250,000",USD,301 - CEO,00 - Corporate,Quarterly bonus,Journal,,,,False,9/1/2026,
"2 - Chegg, Inc.",Aug 2026,8/15/2026,8/31/2026,USD,60170 Salary & Wages : PTO Expenses,Vendor,"2,043",USD,230 - Admissions,50 - Skills,PTO ACCRUAL - Aug26,Journal,,,,False,9/1/2026,
"2 - Chegg, Inc.",Aug 2026,8/15/2026,8/31/2026,USD,60180 Salary & Wages : Employer Payroll Taxes,Vendor,"-1,482",USD,350 - Workplace Services,00 - Corporate,State of New York,Journal,,,,False,,
"2 - Chegg, Inc.",Aug 2026,8/15/2026,8/31/2026,USD,60180 Salary & Wages : Employer Payroll Taxes,Vendor,8,USD,325 - FP & A,00 - Corporate,Stock - Employer taxes- DR,Journal,,,,False,,
"2 - Chegg, Inc.",Aug 2026,8/15/2026,8/31/2026,USD,60180 Salary & Wages : Employer Payroll Taxes,Vendor,11,USD,521 - Academic Advising,50 - Skills,Stock - Employer taxes- DR,Journal,,,,False,,
"2 - Chegg, Inc.",Aug 2026,8/15/2026,8/31/2026,USD,60180 Salary & Wages : Employer Payroll Taxes,Vendor,12,USD,102 - Product - Engagement,50 - Skills,Stock - Employer taxes- DR,Journal,,,,False,,
"2 - Chegg, Inc.",Aug 2026,8/15/2026,8/31/2026,USD,60180 Salary & Wages : Employer Payroll Taxes,Vendor,33,USD,366 - Business Operations Management,50 - Skills,Stock - Employer taxes- DR,Journal,,,,False,,
"2 - Chegg, Inc.",Aug 2026,8/15/2026,8/31/2026,USD,60180 Salary & Wages : Employer Payroll Taxes,Vendor,149,USD,360 - General Management,50 - Skills,Stock - Employer taxes- DR,Journal,,,,False,,
"2 - Chegg, Inc.",Aug 2026,8/15/2026,8/31/2026,USD,60180 Salary & Wages : Employer Payroll Taxes,Vendor,167,USD,190 - IT Operations,20 - Learning Services,702-Payroll-EXP-1-30-31 Aug 2026,Journal,,,,False,,
"2 - Chegg, Inc.",Aug 2026,8/15/2026,8/31/2026,USD,60180 Salary & Wages : Employer Payroll Taxes,Vendor,187,USD,322 - Internal Audit,00 - Corporate,702-Payroll-EXP-1-30-31 Aug 2026,Journal,,,,False,,
"2 - Chegg, Inc.",Aug 2026,8/15/2026,8/31/2026,USD,60180 Salary & Wages : Employer Payroll Taxes,Vendor,239,USD,324 - Investor Relations,00 - Corporate,702-Payroll-EXP-1-30-31 Aug 2026,Journal,,,,False,,
"2 - Chegg, Inc.",Aug 2026,8/15/2026,8/31/2026,USD,60180 Salary & Wages : Employer Payroll Taxes,Vendor,261,USD,160 - Commerce Engineering,20 - Learning Services,702-Payroll-EXP-1-30-31 Aug 2026,Journal,,,,False,,
"2 - Chegg, Inc.",Aug 2026,8/15/2026,8/31/2026,USD,60180 Salary & Wages : Employer Payroll Taxes,Vendor,267,USD,525 - Career Services,50 - Skills,702-Payroll-EXP-1-30-31 Aug 2026,Journal,,,,False,,
"2 - Chegg, Inc.",Aug 2026,8/15/2026,8/31/2026,USD,60180 Salary & Wages : Employer Payroll Taxes,Vendor,269,USD,230 - Admissions,50 - Skills,702-Payroll-EXP-1-30-31 Aug 2026,Journal,,,,False,,
"2 - Chegg, Inc.",Aug 2026,8/15/2026,8/31/2026,USD,60180 Salary & Wages : Employer Payroll Taxes,Vendor,328,USD,225 - Partnerships,60 - Busuu,702-Payroll-EXP-1-30-31 Aug 2026,Journal,,,,False,,
"2 - Chegg, Inc.",Aug 2026,8/15/2026,8/31/2026,USD,60180 Salary & Wages : Employer Payroll Taxes,Vendor,359,USD,360 - General Management,50 - Skills,702-Payroll-EXP-1-30-31 Aug 2026,Journal,,,,False,,
"2 - Chegg, Inc.",Aug 2026,8/15/2026,8/31/2026,USD,60180 Salary & Wages : Employer Payroll Taxes,Vendor,389,USD,520 - Educators,50 - Skills,702-Payroll-EXP-1-30-31 Aug 2026,Journal,,,,False,,
"2 - Chegg, Inc.",Aug 2026,8/15/2026,8/31/2026,USD,60180 Salary & Wages : Employer Payroll Taxes,Vendor,396,USD,206 - Customer Relationship Marketing,50 - Skills,702-Payroll-EXP-1-30-31 Aug 2026,Journal,,,,False,,
"2 - Chegg, Inc.",Aug 2026,8/15/2026,8/31/2026,USD,60180 Salary & Wages : Employer Payroll Taxes,Vendor,489,USD,180 - Data Science,50 - Skills,702-Payroll-EXP-1-30-31 Aug 2026,Journal,,,,False,,
"2 - Chegg, Inc.",Aug 2026,8/15/2026,8/31/2026,USD,60180 Salary & Wages : Employer Payroll Taxes,Vendor,527,USD,345 - Total Rewards,00 - Corporate,702-Payroll-EXP-1-30-31 Aug 2026,Journal,,,,False,,
"2 - Chegg, Inc.",Aug 2026,8/15/2026,8/31/2026,USD,60180 Salary & Wages : Employer Payroll Taxes,Vendor,560,USD,215 - Advertising Operations,20 - Learning Services,702-Payroll-EXP-1-30-31 Aug 2026,Journal,,,,False,,
"2 - Chegg, Inc.",Aug 2026,8/15/2026,8/31/2026,USD,60180 Salary & Wages : Employer Payroll Taxes,Vendor,666,USD,101 - Product - Discovery,20 - Learning Services,702-Payroll-EXP-1-30-31 Aug 2026,Journal,,,,False,,
"2 - Chegg, Inc.",Aug 2026,8/15/2026,8/31/2026,USD,60180 Salary & Wages : Employer Payroll Taxes,Vendor,667,USD,346 - Employee Experience,00 - Corporate,702-Payroll-EXP-1-30-31 Aug 2026,Journal,,,,False,,
"2 - Chegg, Inc.",Aug 2026,8/15/2026,8/31/2026,USD,60180 Salary & Wages : Employer Payroll Taxes,Vendor,690,USD,200 - Marketing Operations,50 - Skills,702-Payroll-EXP-1-30-31 Aug 2026,Journal,,,,False,,
"2 - Chegg, Inc.",Aug 2026,8/15/2026,8/31/2026,USD,60180 Salary & Wages : Employer Payroll Taxes,Vendor,844,USD,205 - SEO Marketing,20 - Learning Services,702-Payroll-EXP-1-30-31 Aug 2026,Journal,,,,False,,
"2 - Chegg, Inc.",Aug 2026,8/15/2026,8/31/2026,USD,60180 Salary & Wages : Employer Payroll Taxes,Vendor,884,USD,323 - Tax,00 - Corporate,702-Payroll-EXP-1-30-31 Aug 2026,Journal,,,,False,,
"2 - Chegg, Inc.",Aug 2026,8/15/2026,8/31/2026,USD,60180 Salary & Wages : Employer Payroll Taxes,Vendor,"1,000",USD,204 - Performance Marketing,50 - Skills,702-Payroll-EXP-1-30-31 Aug 2026,Journal,,,,False,,
"2 - Chegg, Inc.",Aug 2026,8/15/2026,8/31/2026,USD,60180 Salary & Wages : Employer Payroll Taxes,Vendor,"1,073",USD,366 - Business Operations Management,20 - Learning Services,702-Payroll-EXP-1-30-31 Aug 2026,Journal,,,,False,,
"2 - Chegg, Inc.",Aug 2026,8/15/2026,8/31/2026,USD,60180 Salary & Wages : Employer Payroll Taxes,Vendor,"1,157",USD,360 - General Management,20 - Learning Services,702-Payroll-EXP-1-30-31 Aug 2026,Journal,,,,False,,
"2 - Chegg, Inc.",Aug 2026,8/15/2026,8/31/2026,USD,60180 Salary & Wages : Employer Payroll Taxes,Vendor,"1,252",USD,385 - Content Development,50 - Skills,702-Payroll-EXP-1-30-31 Aug 2026,Journal,,,,False,,
"2 - Chegg, Inc.",Aug 2026,8/15/2026,8/31/2026,USD,60180 Salary & Wages : Employer Payroll Taxes,Vendor,"1,281",USD,360 - General Management,46 - Content Services,702-Payroll-EXP-1-30-31 Aug 2026,Journal,,,,False,,
"2 - Chegg, Inc.",Aug 2026,8/15/2026,8/31/2026,USD,60180 Salary & Wages : Employer Payroll Taxes,Vendor,"1,469",USD,225 - Partnerships,50 - Skills,702-Payroll-EXP-1-30-31 Aug 2026,Journal,,,,False,,
"2 - Chegg, Inc.",Aug 2026,8/15/2026,8/31/2026,USD,60180 Salary & Wages : Employer Payroll Taxes,Vendor,"1,569",USD,105 - Product Marketing Management,50 - Skills,702-Payroll-EXP-1-30-31 Aug 2026,Journal,,,,False,,
"2 - Chegg, Inc.",Aug 2026,8/15/2026,8/31/2026,USD,60180 Salary & Wages : Employer Payroll Taxes,Vendor,"1,599",USD,380 - Content Operations,50 - Skills,702-Payroll-EXP-1-30-31 Aug 2026,Journal,,,,False,,
"2 - Chegg, Inc.",Aug 2026,8/15/2026,8/31/2026,USD,60180 Salary & Wages : Employer Payroll Taxes,Vendor,"1,689",USD,170 - Engineering Management,20 - Learning Services,702-Payroll-EXP-1-30-31 Aug 2026,Journal,,,,False,,
"2 - Chegg, Inc.",Aug 2026,8/15/2026,8/31/2026,USD,60180 Salary & Wages : Employer Payroll Taxes,Vendor,"1,875",USD,390 - Compliance,00 - Corporate,702-Payroll-EXP-1-30-31 Aug 2026,Journal,,,,False,,
"2 - Chegg, Inc.",Aug 2026,8/15/2026,8/31/2026,USD,60180 Salary & Wages : Employer Payroll Taxes,Vendor,"1,917",USD,325 - FP & A,00 - Corporate,702-Payroll-EXP-1-30-31 Aug 2026,Journal,,,,False,,
"2 - Chegg, Inc.",Aug 2026,8/15/2026,8/31/2026,USD,60180 Salary & Wages : Employer Payroll Taxes,Vendor,"2,050",USD,331 - Legal,00 - Corporate,702-Payroll-EXP-1-30-31 Aug 2026,Journal,,,,False,,
"2 - Chegg, Inc.",Aug 2026,8/15/2026,8/31/2026,USD,60180 Salary & Wages : Employer Payroll Taxes,Vendor,"2,407",USD,321 - Accounting,00 - Corporate,702-Payroll-EXP-1-30-31 Aug 2026,Journal,,,,False,,
"2 - Chegg, Inc.",Aug 2026,8/15/2026,8/31/2026,USD,60180 Salary & Wages : Employer Payroll Taxes,Vendor,"2,448",USD,392 - Information Security,00 - Corporate,702-Payroll-EXP-1-30-31 Aug 2026,Journal,,,,False,,
"2 - Chegg, Inc.",Aug 2026,8/15/2026,8/31/2026,USD,60180 Salary & Wages : Employer Payroll Taxes,Vendor,"3,696",USD,102 - Product - Engagement,50 - Skills,702-Payroll-EXP-1-30-31 Aug 2026,Journal,,,,False,,
"2 - Chegg, Inc.",Aug 2026,8/15/2026,8/31/2026,USD,60180 Salary & Wages : Employer Payroll Taxes,Vendor,"3,738",USD,521 - Academic Advising,50 - Skills,702-Payroll-EXP-1-30-31 Aug 2026,Journal,,,,False,,
"2 - Chegg, Inc.",Aug 2026,8/15/2026,8/31/2026,USD,60180 Salary & Wages : Employer Payroll Taxes,Vendor,"4,004",USD,301 - CEO,00 - Corporate,702-Payroll-EXP-1-30-31 Aug 2026,Journal,,,,False,,
"2 - Chegg, Inc.",Aug 2026,8/15/2026,8/31/2026,USD,60180 Salary & Wages : Employer Payroll Taxes,Vendor,"4,826",USD,366 - Business Operations Management,50 - Skills,702-Payroll-EXP-1-30-31 Aug 2026,Journal,,,,False,,
"2 - Chegg, Inc.",Aug 2026,8/15/2026,8/31/2026,USD,60220 Other Compensation and Benefits : Employer 401K Matching,Vendor,98,USD,520 - Educators,50 - Skills,702-Payroll-EXP-2-30-31 Aug 2026,Journal,,,,False,,
"2 - Chegg, Inc.",Aug 2026,8/15/2026,8/31/2026,USD,60220 Other Compensation and Benefits : Employer 401K Matching,Vendor,144,USD,230 - Admissions,50 - Skills,702-Payroll-EXP-2-30-31 Aug 2026,Journal,,,,False,,
"2 - Chegg, Inc.",Aug 2026,8/15/2026,8/31/2026,USD,60220 Other Compensation and Benefits : Employer 401K Matching,Vendor,171,USD,225 - Partnerships,60 - Busuu,702-Payroll-EXP-2-30-31 Aug 2026,Journal,,,,False,,
"2 - Chegg, Inc.",Aug 2026,8/15/2026,8/31/2026,USD,60220 Other Compensation and Benefits : Employer 401K Matching,Vendor,188,USD,360 - General Management,20 - Learning Services,702-Payroll-EXP-2-30-31 Aug 2026,Journal,,,,False,,
"2 - Chegg, Inc.",Aug 2026,8/15/2026,8/31/2026,USD,60220 Other Compensation and Benefits : Employer 401K Matching,Vendor,212,USD,206 - Customer Relationship Marketing,50 - Skills,702-Payroll-EXP-2-30-31 Aug 2026,Journal,,,,False,,
"2 - Chegg, Inc.",Aug 2026,8/15/2026,8/31/2026,USD,60220 Other Compensation and Benefits : Employer 401K Matching,Vendor,266,USD,180 - Data Science,50 - Skills,702-Payroll-EXP-2-30-31 Aug 2026,Journal,,,,False,,
"2 - Chegg, Inc.",Aug 2026,8/15/2026,8/31/2026,USD,60220 Other Compensation and Benefits : Employer 401K Matching,Vendor,300,USD,204 - Performance Marketing,50 - Skills,702-Payroll-EXP-2-30-31 Aug 2026,Journal,,,,False,,
"2 - Chegg, Inc.",Aug 2026,8/15/2026,8/31/2026,USD,60220 Other Compensation and Benefits : Employer 401K Matching,Vendor,300,USD,345 - Total Rewards,00 - Corporate,702-Payroll-EXP-2-30-31 Aug 2026,Journal,,,,False,,
"2 - Chegg, Inc.",Aug 2026,8/15/2026,8/31/2026,USD,60220 Other Compensation and Benefits : Employer 401K Matching,Vendor,300,USD,346 - Employee Experience,00 - Corporate,702-Payroll-EXP-2-30-31 Aug 2026,Journal,,,,False,,
"2 - Chegg, Inc.",Aug 2026,8/15/2026,8/31/2026,USD,60220 Other Compensation and Benefits : Employer 401K Matching,Vendor,303,USD,215 - Advertising Operations,20 - Learning Services,702-Payroll-EXP-2-30-31 Aug 2026,Journal,,,,False,,
"2 - Chegg, Inc.",Aug 2026,8/15/2026,8/31/2026,USD,60220 Other Compensation and Benefits : Employer 401K Matching,Vendor,350,USD,101 - Product - Discovery,20 - Learning Services,702-Payroll-EXP-2-30-31 Aug 2026,Journal,,,,False,,
"2 - Chegg, Inc.",Aug 2026,8/15/2026,8/31/2026,USD,60220 Other Compensation and Benefits : Employer 401K Matching,Vendor,400,USD,200 - Marketing Operations,50 - Skills,702-Payroll-EXP-2-30-31 Aug 2026,Journal,,,,False,,
"2 - Chegg, Inc.",Aug 2026,8/15/2026,8/31/2026,USD,60220 Other Compensation and Benefits : Employer 401K Matching,Vendor,433,USD,225 - Partnerships,50 - Skills,702-Payroll-EXP-2-30-31 Aug 2026,Journal,,,,False,,
"2 - Chegg, Inc.",Aug 2026,8/15/2026,8/31/2026,USD,60220 Other Compensation and Benefits : Employer 401K Matching,Vendor,442,USD,325 - FP & A,00 - Corporate,702-Payroll-EXP-2-30-31 Aug 2026,Journal,,,,False,,
"2 - Chegg, Inc.",Aug 2026,8/15/2026,8/31/2026,USD,60220 Other Compensation and Benefits : Employer 401K Matching,Vendor,473,USD,190 - IT Operations,20 - Learning Services,702-Payroll-EXP-2-30-31 Aug 2026,Journal,,,,False,,
"2 - Chegg, Inc.",Aug 2026,8/15/2026,8/31/2026,USD,60220 Other Compensation and Benefits : Employer 401K Matching,Vendor,476,USD,170 - Engineering Management,20 - Learning Services,702-Payroll-EXP-2-30-31 Aug 2026,Journal,,,,False,,
"2 - Chegg, Inc.",Aug 2026,8/15/2026,8/31/2026,USD,60220 Other Compensation and Benefits : Employer 401K Matching,Vendor,520,USD,322 - Internal Audit,00 - Corporate,702-Payroll-EXP-2-30-31 Aug 2026,Journal,,,,False,,
"2 - Chegg, Inc.",Aug 2026,8/15/2026,8/31/2026,USD,60220 Other Compensation and Benefits : Employer 401K Matching,Vendor,663,USD,380 - Content Operations,50 - Skills,702-Payroll-EXP-2-30-31 Aug 2026,Journal,,,,False,,
"2 - Chegg, Inc.",Aug 2026,8/15/2026,8/31/2026,USD,60220 Other Compensation and Benefits : Employer 401K Matching,Vendor,678,USD,385 - Content Development,50 - Skills,702-Payroll-EXP-2-30-31 Aug 2026,Journal,,,,False,,
"2 - Chegg, Inc.",Aug 2026,8/15/2026,8/31/2026,USD,60220 Other Compensation and Benefits : Employer 401K Matching,Vendor,719,USD,160 - Commerce Engineering,20 - Learning Services,702-Payroll-EXP-2-30-31 Aug 2026,Journal,,,,False,,
"2 - Chegg, Inc.",Aug 2026,8/15/2026,8/31/2026,USD,60220 Other Compensation and Benefits : Employer 401K Matching,Vendor,839,USD,105 - Product Marketing Management,50 - Skills,702-Payroll-EXP-2-30-31 Aug 2026,Journal,,,,False,,
"2 - Chegg, Inc.",Aug 2026,8/15/2026,8/31/2026,USD,60220 Other Compensation and Benefits : Employer 401K Matching,Vendor,930,USD,392 - Information Security,00 - Corporate,702-Payroll-EXP-2-30-31 Aug 2026,Journal,,,,False,,
"2 - Chegg, Inc.",Aug 2026,8/15/2026,8/31/2026,USD,60220 Other Compensation and Benefits : Employer 401K Matching,Vendor,979,USD,205 - SEO Marketing,20 - Learning Services,702-Payroll-EXP-2-30-31 Aug 2026,Journal,,,,False,,
"2 - Chegg, Inc.",Aug 2026,8/15/2026,8/31/2026,USD,60220 Other Compensation and Benefits : Employer 401K Matching,Vendor,982,USD,323 - Tax,00 - Corporate,702-Payroll-EXP-2-30-31 Aug 2026,Journal,,,,False,,
"2 - Chegg, Inc.",Aug 2026,8/15/2026,8/31/2026,USD,60220 Other Compensation and Benefits : Employer 401K Matching,Vendor,998,USD,521 - Academic Advising,50 - Skills,702-Payroll-EXP-2-30-31 Aug 2026,Journal,,,,False,,
"2 - Chegg, Inc.",Aug 2026,8/15/2026,8/31/2026,USD,60220 Other Compensation and Benefits : Employer 401K Matching,Vendor,"1,477",USD,390 - Compliance,00 - Corporate,702-Payroll-EXP-2-30-31 Aug 2026,Journal,,,,False,,
"2 - Chegg, Inc.",Aug 2026,8/15/2026,8/31/2026,USD,60220 Other Compensation and Benefits : Employer 401K Matching,Vendor,"1,544",USD,321 - Accounting,00 - Corporate,702-Payroll-EXP-2-30-31 Aug 2026,Journal,,,,False,,
"2 - Chegg, Inc.",Aug 2026,8/15/2026,8/31/2026,USD,60220 Other Compensation and Benefits : Employer 401K Matching,Vendor,"2,240",USD,102 - Product - Engagement,50 - Skills,702-Payroll-EXP-2-30-31 Aug 2026,Journal,,,,False,,
"2 - Chegg, Inc.",Aug 2026,8/15/2026,8/31/2026,USD,60220 Other Compensation and Benefits : Employer 401K Matching,Vendor,"2,544",USD,366 - Business Operations Management,50 - Skills,702-Payroll-EXP-2-30-31 Aug 2026,Journal,,,,False,,
"2 - Chegg, Inc.",Aug 2026,8/15/2026,8/31/2026,USD,60220 Other Compensation and Benefits : Employer 401K Matching,Vendor,"2,708",USD,301 - CEO,00 - Corporate,702-Payroll-EXP-2-30-31 Aug 2026,Journal,,,,False,,
"2 - Chegg, Inc.",Aug 2026,8/15/2026,8/31/2026,USD,60220 Other Compensation and Benefits : Employer 401K Matching,Vendor,"2,765",USD,331 - Legal,00 - Corporate,702-Payroll-EXP-2-30-31 Aug 2026,Journal,,,,False,,
"2 - Chegg, Inc.",Aug 2026,8/15/2026,8/31/2026,USD,60240 Other Compensation and Benefits : Employee Benefits,Vendor,"-1,124",USD,521 - Academic Advising,50 - Skills,702-Payroll-EXP-3-30-31 Aug 2026,Journal,,,,False,,
"2 - Chegg, Inc.",Aug 2026,8/15/2026,8/31/2026,USD,60240 Other Compensation and Benefits : Employee Benefits,Vendor,"-1,014",USD,366 - Business Operations Management,50 - Skills,702-Payroll-EXP-3-30-31 Aug 2026,Journal,,,,False,,
"2 - Chegg, Inc.",Aug 2026,8/15/2026,8/31/2026,USD,60240 Other Compensation and Benefits : Employee Benefits,Vendor,-912,USD,301 - CEO,00 - Corporate,702-Payroll-EXP-3-30-31 Aug 2026,Journal,,,,False,,
"2 - Chegg, Inc.",Aug 2026,8/15/2026,8/31/2026,USD,60240 Other Compensation and Benefits : Employee Benefits,Vendor,-727,USD,102 - Product - Engagement,50 - Skills,702-Payroll-EXP-3-30-31 Aug 2026,Journal,,,,False,,
"2 - Chegg, Inc.",Aug 2026,8/15/2026,8/31/2026,USD,60240 Other Compensation and Benefits : Employee Benefits,Vendor,-384,USD,390 - Compliance,00 - Corporate,702-Payroll-EXP-3-30-31 Aug 2026,Journal,,,,False,,
"2 - Chegg, Inc.",Aug 2026,8/15/2026,8/31/2026,USD,60240 Other Compensation and Benefits : Employee Benefits,Vendor,-374,USD,385 - Content Development,50 - Skills,702-Payroll-EXP-3-30-31 Aug 2026,Journal,,,,False,,
"2 - Chegg, Inc.",Aug 2026,8/15/2026,8/31/2026,USD,60240 Other Compensation and Benefits : Employee Benefits,Vendor,-355,USD,325 - FP & A,00 - Corporate,702-Payroll-EXP-3-30-31 Aug 2026,Journal,,,,False,,
"2 - Chegg, Inc.",Aug 2026,8/15/2026,8/31/2026,USD,60240 Other Compensation and Benefits : Employee Benefits,Vendor,-347,USD,105 - Product Marketing Management,50 - Skills,702-Payroll-EXP-3-30-31 Aug 2026,Journal,,,,False,,
"2 - Chegg, Inc.",Aug 2026,8/15/2026,8/31/2026,USD,60240 Other Compensation and Benefits : Employee Benefits,Vendor,-329,USD,321 - Accounting,00 - Corporate,702-Payroll-EXP-3-30-31 Aug 2026,Journal,,,,False,,
"2 - Chegg, Inc.",Aug 2026,8/15/2026,8/31/2026,USD,60240 Other Compensation and Benefits : Employee Benefits,Vendor,-326,USD,331 - Legal,00 - Corporate,702-Payroll-EXP-3-30-31 Aug 2026,Journal,,,,False,,
"2 - Chegg, Inc.",Aug 2026,8/15/2026,8/31/2026,USD,60240 Other Compensation and Benefits : Employee Benefits,Vendor,-323,USD,360 - General Management,20 - Learning Services,702-Payroll-EXP-3-30-31 Aug 2026,Journal,,,,False,,
"2 - Chegg, Inc.",Aug 2026,8/15/2026,8/31/2026,USD,60240 Other Compensation and Benefits : Employee Benefits,Vendor,-308,USD,225 - Partnerships,50 - Skills,702-Payroll-EXP-3-30-31 Aug 2026,Journal,,,,False,,
"2 - Chegg, Inc.",Aug 2026,8/15/2026,8/31/2026,USD,60240 Other Compensation and Benefits : Employee Benefits,Vendor,-280,USD,205 - SEO Marketing,20 - Learning Services,702-Payroll-EXP-3-30-31 Aug 2026,Journal,,,,False,,
"2 - Chegg, Inc.",Aug 2026,8/15/2026,8/31/2026,USD,60240 Other Compensation and Benefits : Employee Benefits,Vendor,-269,USD,180 - Data Science,50 - Skills,702-Payroll-EXP-3-30-31 Aug 2026,Journal,,,,False,,
"2 - Chegg, Inc.",Aug 2026,8/15/2026,8/31/2026,USD,60240 Other Compensation and Benefits : Employee Benefits,Vendor,-267,USD,360 - General Management,50 - Skills,702-Payroll-EXP-3-30-31 Aug 2026,Journal,,,,False,,
"2 - Chegg, Inc.",Aug 2026,8/15/2026,8/31/2026,USD,60240 Other Compensation and Benefits : Employee Benefits,Vendor,-264,USD,324 - Investor Relations,00 - Corporate,702-Payroll-EXP-3-30-31 Aug 2026,Journal,,,,False,,
"2 - Chegg, Inc.",Aug 2026,8/15/2026,8/31/2026,USD,60240 Other Compensation and Benefits : Employee Benefits,Vendor,-260,USD,170 - Engineering Management,20 - Learning Services,702-Payroll-EXP-3-30-31 Aug 2026,Journal,,,,False,,
"2 - Chegg, Inc.",Aug 2026,8/15/2026,8/31/2026,USD,60240 Other Compensation and Benefits : Employee Benefits,Vendor,-249,USD,200 - Marketing Operations,50 - Skills,702-Payroll-EXP-3-30-31 Aug 2026,Journal,,,,False,,
"2 - Chegg, Inc.",Aug 2026,8/15/2026,8/31/2026,USD,60240 Other Compensation and Benefits : Employee Benefits,Vendor,-246,USD,380 - Content Operations,50 - Skills,702-Payroll-EXP-3-30-31 Aug 2026,Journal,,,,False,,
"2 - Chegg, Inc.",Aug 2026,8/15/2026,8/31/2026,USD,60240 Other Compensation and Benefits : Employee Benefits,Vendor,-225,USD,323 - Tax,00 - Corporate,702-Payroll-EXP-3-30-31 Aug 2026,Journal,,,,False,,
"2 - Chegg, Inc.",Aug 2026,8/15/2026,8/31/2026,USD,60240 Other Compensation and Benefits : Employee Benefits,Vendor,-177,USD,322 - Internal Audit,00 - Corporate,702-Payroll-EXP-3-30-31 Aug 2026,Journal,,,,False,,
"2 - Chegg, Inc.",Aug 2026,8/15/2026,8/31/2026,USD,60240 Other Compensation and Benefits : Employee Benefits,Vendor,-164,USD,345 - Total Rewards,00 - Corporate,702-Payroll-EXP-3-30-31 Aug 2026,Journal,,,,False,,
"2 - Chegg, Inc.",Aug 2026,8/15/2026,8/31/2026,USD,60240 Other Compensation and Benefits : Employee Benefits,Vendor,-154,USD,392 - Information Security,00 - Corporate,702-Payroll-EXP-3-30-31 Aug 2026,Journal,,,,False,,
"2 - Chegg, Inc.",Aug 2026,8/15/2026,8/31/2026,USD,60240 Other Compensation and Benefits : Employee Benefits,Vendor,-148,USD,206 - Customer Relationship Marketing,50 - Skills,702-Payroll-EXP-3-30-31 Aug 2026,Journal,,,,False,,
"2 - Chegg, Inc.",Aug 2026,8/15/2026,8/31/2026,USD,60240 Other Compensation and Benefits : Employee Benefits,Vendor,-147,USD,525 - Career Services,50 - Skills,702-Payroll-EXP-3-30-31 Aug 2026,Journal,,,,False,,
"2 - Chegg, Inc.",Aug 2026,8/15/2026,8/31/2026,USD,60240 Other Compensation and Benefits : Employee Benefits,Vendor,-130,USD,204 - Performance Marketing,50 - Skills,702-Payroll-EXP-3-30-31 Aug 2026,Journal,,,,False,,
"2 - Chegg, Inc.",Aug 2026,8/15/2026,8/31/2026,USD,60240 Other Compensation and Benefits : Employee Benefits,Vendor,-120,USD,215 - Advertising Operations,20 - Learning Services,702-Payroll-EXP-3-30-31 Aug 2026,Journal,,,,False,,
"2 - Chegg, Inc.",Aug 2026,8/15/2026,8/31/2026,USD,60240 Other Compensation and Benefits : Employee Benefits,Vendor,-60,USD,101 - Product - Discovery,20 - Learning Services,702-Payroll-EXP-3-30-31 Aug 2026,Journal,,,,False,,
"2 - Chegg, Inc.",Aug 2026,8/15/2026,8/31/2026,USD,60240 Other Compensation and Benefits : Employee Benefits,Vendor,-60,USD,366 - Business Operations Management,20 - Learning Services,702-Payroll-EXP-3-30-31 Aug 2026,Journal,,,,False,,
"2 - Chegg, Inc.",Aug 2026,8/15/2026,8/31/2026,USD,60240 Other Compensation and Benefits : Employee Benefits,Vendor,-40,USD,190 - IT Operations,20 - Learning Services,702-Payroll-EXP-3-30-31 Aug 2026,Journal,,,,False,,
"2 - Chegg, Inc.",Aug 2026,8/15/2026,8/31/2026,USD,60240 Other Compensation and Benefits : Employee Benefits,Vendor,-11,USD,160 - Commerce Engineering,20 - Learning Services,702-Payroll-EXP-3-30-31 Aug 2026,Journal,,,,False,,
"2 - Chegg, Inc.",Aug 2026,8/15/2026,8/31/2026,USD,60240 Other Compensation and Benefits : Employee Benefits,Vendor,-4,USD,346 - Employee Experience,00 - Corporate,702-Payroll-EXP-3-30-31 Aug 2026,Journal,,,,False,,
"2 - Chegg, Inc.",Aug 2026,8/15/2026,8/31/2026,USD,60240 Other Compensation and Benefits : Employee Benefits,Vendor,-3,USD,230 - Admissions,50 - Skills,702-Payroll-EXP-3-30-31 Aug 2026,Journal,,,,False,,
"2 - Chegg, Inc.",Aug 2026,8/15/2026,8/31/2026,USD,60240 Other Compensation and Benefits : Employee Benefits,Vendor,52,USD,350 - Workplace Services,00 - Corporate,HSAPlan Employee Fees,Journal,,,,False,,
"2 - Chegg, Inc.",Aug 2026,8/15/2026,8/31/2026,USD,60240 Other Compensation and Benefits : Employee Benefits,Vendor,100,USD,160 - Commerce Engineering,20 - Learning Services,702-Payroll-EXP-3-30-31 Aug 2026,Journal,,,,False,,
"2 - Chegg, Inc.",Aug 2026,8/15/2026,8/31/2026,USD,60240 Other Compensation and Benefits : Employee Benefits,Vendor,100,USD,205 - SEO Marketing,20 - Learning Services,702-Payroll-EXP-3-30-31 Aug 2026,Journal,,,,False,,
"2 - Chegg, Inc.",Aug 2026,8/15/2026,8/31/2026,USD,60240 Other Compensation and Benefits : Employee Benefits,Vendor,100,USD,230 - Admissions,50 - Skills,702-Payroll-EXP-3-30-31 Aug 2026,Journal,,,,False,,
"2 - Chegg, Inc.",Aug 2026,8/15/2026,8/31/2026,USD,60240 Other Compensation and Benefits : Employee Benefits,Vendor,100,USD,321 - Accounting,00 - Corporate,702-Payroll-EXP-3-30-31 Aug 2026,Journal,,,,False,,
"2 - Chegg, Inc.",Aug 2026,8/15/2026,8/31/2026,USD,60240 Other Compensation and Benefits : Employee Benefits,Vendor,100,USD,325 - FP & A,00 - Corporate,702-Payroll-EXP-3-30-31 Aug 2026,Journal,,,,False,,
"2 - Chegg, Inc.",Aug 2026,8/15/2026,8/31/2026,USD,60240 Other Compensation and Benefits : Employee Benefits,Vendor,100,USD,331 - Legal,00 - Corporate,702-Payroll-EXP-3-30-31 Aug 2026,Journal,,,,False,,
"2 - Chegg, Inc.",Aug 2026,8/15/2026,8/31/2026,USD,60240 Other Compensation and Benefits : Employee Benefits,Vendor,150,USD,105 - Product Marketing Management,50 - Skills,702-Payroll-EXP-3-30-31 Aug 2026,Journal,,,,False,,
"2 - Chegg, Inc.",Aug 2026,8/15/2026,8/31/2026,USD,60240 Other Compensation and Benefits : Employee Benefits,Vendor,150,USD,225 - Partnerships,50 - Skills,702-Payroll-EXP-3-30-31 Aug 2026,Journal,,,,False,,
"2 - Chegg, Inc.",Aug 2026,8/15/2026,8/31/2026,USD,60240 Other Compensation and Benefits : Employee Benefits,Vendor,150,USD,323 - Tax,00 - Corporate,702-Payroll-EXP-3-30-31 Aug 2026,Journal,,,,False,,
"2 - Chegg, Inc.",Aug 2026,8/15/2026,8/31/2026,USD,60240 Other Compensation and Benefits : Employee Benefits,Vendor,150,USD,345 - Total Rewards,00 - Corporate,702-Payroll-EXP-3-30-31 Aug 2026,Journal,,,,False,,
"2 - Chegg, Inc.",Aug 2026,8/15/2026,8/31/2026,USD,60240 Other Compensation and Benefits : Employee Benefits,Vendor,150,USD,360 - General Management,20 - Learning Services,702-Payroll-EXP-3-30-31 Aug 2026,Journal,,,,False,,
"2 - Chegg, Inc.",Aug 2026,8/15/2026,8/31/2026,USD,60240 Other Compensation and Benefits : Employee Benefits,Vendor,150,USD,380 - Content Operations,50 - Skills,702-Payroll-EXP-3-30-31 Aug 2026,Journal,,,,False,,
"2 - Chegg, Inc.",Aug 2026,8/15/2026,8/31/2026,USD,60240 Other Compensation and Benefits : Employee Benefits,Vendor,200,USD,301 - CEO,00 - Corporate,702-Payroll-EXP-3-30-31 Aug 2026,Journal,,,,False,,
"2 - Chegg, Inc.",Aug 2026,8/15/2026,8/31/2026,USD,60240 Other Compensation and Benefits : Employee Benefits,Vendor,250,USD,204 - Performance Marketing,50 - Skills,702-Payroll-EXP-3-30-31 Aug 2026,Journal,,,,False,,
"2 - Chegg, Inc.",Aug 2026,8/15/2026,8/31/2026,USD,60240 Other Compensation and Benefits : Employee Benefits,Vendor,250,USD,390 - Compliance,00 - Corporate,702-Payroll-EXP-3-30-31 Aug 2026,Journal,,,,False,,
"2 - Chegg, Inc.",Aug 2026,8/15/2026,8/31/2026,USD,60240 Other Compensation and Benefits : Employee Benefits,Vendor,250,USD,392 - Information Security,00 - Corporate,702-Payroll-EXP-3-30-31 Aug 2026,Journal,,,,False,,
"2 - Chegg, Inc.",Aug 2026,8/15/2026,8/31/2026,USD,60240 Other Compensation and Benefits : Employee Benefits,Vendor,300,USD,170 - Engineering Management,20 - Learning Services,702-Payroll-EXP-3-30-31 Aug 2026,Journal,,,,False,,
"2 - Chegg, Inc.",Aug 2026,8/15/2026,8/31/2026,USD,60240 Other Compensation and Benefits : Employee Benefits,Vendor,350,USD,521 - Academic Advising,50 - Skills,702-Payroll-EXP-3-30-31 Aug 2026,Journal,,,,False,,
"2 - Chegg, Inc.",Aug 2026,8/15/2026,8/31/2026,USD,60240 Other Compensation and Benefits : Employee Benefits,Vendor,600,USD,102 - Product - Engagement,50 - Skills,702-Payroll-EXP-3-30-31 Aug 2026,Journal,,,,False,,
"2 - Chegg, Inc.",Aug 2026,8/15/2026,8/31/2026,USD,60240 Other Compensation and Benefits : Employee Benefits,Vendor,600,USD,366 - Business Operations Management,50 - Skills,702-Payroll-EXP-3-30-31 Aug 2026,Journal,,,,False,,
"2 - Chegg, Inc.",Aug 2026,8/15/2026,8/31/2026,USD,60240 Other Compensation and Benefits : Employee Benefits,Vendor,"14,200",USD,350 - Workplace Services,00 - Corporate,Other Benefit Accrual,Journal,,,,False,,
"2 - Chegg, Inc.",Aug 2026,8/15/2026,8/31/2026,USD,60240 Other Compensation and Benefits : Employee Benefits,Vendor,"294,750",USD,350 - Workplace Services,00 - Corporate,Self-Funded Benefit Accrual,Journal,,,,False,,
"2 - Chegg, Inc.",Aug 2026,8/15/2026,8/31/2026,USD,60250 Other Compensation and Benefits : Disability Insurance,Vendor,-3,USD,301 - CEO,00 - Corporate,702-Payroll-EXP-1-30-31 Aug 2026,Journal,,,,False,,
"2 - Chegg, Inc.",Aug 2026,8/15/2026,8/31/2026,USD,60250 Other Compensation and Benefits : Disability Insurance,Vendor,-1,USD,102 - Product - Engagement,50 - Skills,702-Payroll-EXP-1-30-31 Aug 2026,Journal,,,,False,,
"2 - Chegg, Inc.",Aug 2026,8/15/2026,8/31/2026,USD,60250 Other Compensation and Benefits : Disability Insurance,Vendor,-1,USD,170 - Engineering Management,20 - Learning Services,702-Payroll-EXP-1-30-31 Aug 2026,Journal,,,,False,,
"2 - Chegg, Inc.",Aug 2026,8/15/2026,8/31/2026,USD,60250 Other Compensation and Benefits : Disability Insurance,Vendor,-1,USD,321 - Accounting,00 - Corporate,702-Payroll-EXP-1-30-31 Aug 2026,Journal,,,,False,,
"2 - Chegg, Inc.",Aug 2026,8/15/2026,8/31/2026,USD,60250 Other Compensation and Benefits : Disability Insurance,Vendor,-1,USD,366 - Business Operations Management,20 - Learning Services,702-Payroll-EXP-1-30-31 Aug 2026,Journal,,,,False,,
"2 - Chegg, Inc.",Aug 2026,8/15/2026,8/31/2026,USD,60250 Other Compensation and Benefits : Disability Insurance,Vendor,-1,USD,366 - Business Operations Management,50 - Skills,702-Payroll-EXP-1-30-31 Aug 2026,Journal,,,,False,,
"2 - Chegg, Inc.",Aug 2026,8/15/2026,8/31/2026,USD,60250 Other Compensation and Benefits : Disability Insurance,Vendor,-1,USD,380 - Content Operations,50 - Skills,702-Payroll-EXP-1-30-31 Aug 2026,Journal,,,,False,,
"2 - Chegg, Inc.",Aug 2026,8/15/2026,8/31/2026,USD,60280 Other Compensation and Benefits : Payroll Service Charges,Vendor,"6,106",USD,321 - Accounting,00 - Corporate,One Source Virtual (Payroll Fees),Journal,,,,False,,
"2 - Chegg, Inc.",Aug 2026,8/15/2026,8/31/2026,USD,60290 Other Compensation and Benefits : Other Employee Benefits,Vendor,28,USD,205 - SEO Marketing,20 - Learning Services,702-Payroll-EXP-4-30-31 Aug 2026,Journal,,,,False,,
"2 - Chegg, Inc.",Aug 2026,8/15/2026,8/31/2026,USD,60290 Other Compensation and Benefits : Other Employee Benefits,Vendor,28,USD,215 - Advertising Operations,20 - Learning Services,702-Payroll-EXP-4-30-31 Aug 2026,Journal,,,,False,,
"2 - Chegg, Inc.",Aug 2026,8/15/2026,8/31/2026,USD,60290 Other Compensation and Benefits : Other Employee Benefits,Vendor,28,USD,160 - Commerce Engineering,20 - Learning Services,702-Payroll-EXP-4-30-31 Aug 2026,Journal,,,,False,,
"2 - Chegg, Inc.",Aug 2026,8/15/2026,8/31/2026,USD,60290 Other Compensation and Benefits : Other Employee Benefits,Vendor,28,USD,322 - Internal Audit,00 - Corporate,702-Payroll-EXP-4-30-31 Aug 2026,Journal,,,,False,,
"2 - Chegg, Inc.",Aug 2026,8/15/2026,8/31/2026,USD,60290 Other Compensation and Benefits : Other Employee Benefits,Vendor,28,USD,180 - Data Science,50 - Skills,702-Payroll-EXP-4-30-31 Aug 2026,Journal,,,,False,,
"2 - Chegg, Inc.",Aug 2026,8/15/2026,8/31/2026,USD,60290 Other Compensation and Benefits : Other Employee Benefits,Vendor,28,USD,190 - IT Operations,20 - Learning Services,702-Payroll-EXP-4-30-31 Aug 2026,Journal,,,,False,,
"2 - Chegg, Inc.",Aug 2026,8/15/2026,8/31/2026,USD,60290 Other Compensation and Benefits : Other Employee Benefits,Vendor,28,USD,206 - Customer Relationship Marketing,50 - Skills,702-Payroll-EXP-4-30-31 Aug 2026,Journal,,,,False,,
"2 - Chegg, Inc.",Aug 2026,8/15/2026,8/31/2026,USD,60290 Other Compensation and Benefits : Other Employee Benefits,Vendor,28,USD,324 - Investor Relations,00 - Corporate,702-Payroll-EXP-4-30-31 Aug 2026,Journal,,,,False,,
"2 - Chegg, Inc.",Aug 2026,8/15/2026,8/31/2026,USD,60290 Other Compensation and Benefits : Other Employee Benefits,Vendor,28,USD,366 - Business Operations Management,50 - Skills,702-Payroll-EXP-4-30-31 Aug 2026,Journal,,,,False,,
"2 - Chegg, Inc.",Aug 2026,8/15/2026,8/31/2026,USD,60290 Other Compensation and Benefits : Other Employee Benefits,Vendor,28,USD,390 - Compliance,00 - Corporate,702-Payroll-EXP-4-30-31 Aug 2026,Journal,,,,False,,
"2 - Chegg, Inc.",Aug 2026,8/15/2026,8/31/2026,USD,60290 Other Compensation and Benefits : Other Employee Benefits,Vendor,29,USD,360 - General Management,46 - Content Services,702-Payroll-EXP-4-30-31 Aug 2026,Journal,,,,False,,
"2 - Chegg, Inc.",Aug 2026,8/15/2026,8/31/2026,USD,60290 Other Compensation and Benefits : Other Employee Benefits,Vendor,29,USD,170 - Engineering Management,20 - Learning Services,702-Payroll-EXP-4-30-31 Aug 2026,Journal,,,,False,,
"2 - Chegg, Inc.",Aug 2026,8/15/2026,8/31/2026,USD,60290 Other Compensation and Benefits : Other Employee Benefits,Vendor,29,USD,360 - General Management,50 - Skills,702-Payroll-EXP-4-30-31 Aug 2026,Journal,,,,False,,
"2 - Chegg, Inc.",Aug 2026,8/15/2026,8/31/2026,USD,60290 Other Compensation and Benefits : Other Employee Benefits,Vendor,30,USD,520 - Educators,50 - Skills,Jay Padhya,Journal,,,,False,,
"2 - Chegg, Inc.",Aug 2026,8/15/2026,8/31/2026,USD,60290 Other Compensation and Benefits : Other Employee Benefits,Vendor,30,USD,520 - Educators,50 - Skills,Shuddha Chowdhury,Journal,,,,False,,
"2 - Chegg, Inc.",Aug 2026,8/15/2026,8/31/2026,USD,60290 Other Compensation and Benefits : Other Employee Benefits,Vendor,50,USD,521 - Academic Advising,50 - Skills,Mikel Houston,Journal,,,,False,,
"2 - Chegg, Inc.",Aug 2026,8/15/2026,8/31/2026,USD,60290 Other Compensation and Benefits : Other Employee Benefits,Vendor,50,USD,230 - Admissions,50 - Skills,Maggie Brown,Journal,,,,False,,
"2 - Chegg, Inc.",Aug 2026,8/15/2026,8/31/2026,USD,60290 Other Compensation and Benefits : Other Employee Benefits,Vendor,50,USD,301 - CEO,00 - Corporate,Chuck Geiger,Journal,,,,False,,
"2 - Chegg, Inc.",Aug 2026,8/15/2026,8/31/2026,USD,60290 Other Compensation and Benefits : Other Employee Benefits,Vendor,50,USD,346 - Employee Experience,00 - Corporate,Bre Boben,Journal,,,,False,,
"2 - Chegg, Inc.",Aug 2026,8/15/2026,8/31/2026,USD,60290 Other Compensation and Benefits : Other Employee Benefits,Vendor,50,USD,360 - General Management,20 - Learning Services,P.J. Tanzillo,Journal,,,,False,,
"2 - Chegg, Inc.",Aug 2026,8/15/2026,8/31/2026,USD,60290 Other Compensation and Benefits : Other Employee Benefits,Vendor,50,USD,366 - Business Operations Management,50 - Skills,Barry Finder,Journal,,,,False,,
"2 - Chegg, Inc.",Aug 2026,8/15/2026,8/31/2026,USD,60290 Other Compensation and Benefits : Other Employee Benefits,Vendor,50,USD,366 - Business Operations Management,50 - Skills,Jessica Johnson,Journal,,,,False,,
"2 - Chegg, Inc.",Aug 2026,8/15/2026,8/31/2026,USD,60290 Other Compensation and Benefits : Other Employee Benefits,Vendor,50,USD,366 - Business Operations Management,50 - Skills,Kristen Kravet,Journal,,,,False,,
"2 - Chegg, Inc.",Aug 2026,8/15/2026,8/31/2026,USD,60290 Other Compensation and Benefits : Other Employee Benefits,Vendor,50,USD,521 - Academic Advising,50 - Skills,Angela Cocca,Journal,,,,False,,
"2 - Chegg, Inc.",Aug 2026,8/15/2026,8/31/2026,USD,60290 Other Compensation and Benefits : Other Employee Benefits,Vendor,50,USD,521 - Academic Advising,50 - Skills,Brooke Fontoura Sutliff,Journal,,,,False,,
"2 - Chegg, Inc.",Aug 2026,8/15/2026,8/31/2026,USD,60290 Other Compensation and Benefits : Other Employee Benefits,Vendor,50,USD,521 - Academic Advising,50 - Skills,Jenna Valenzuela,Journal,,,,False,,
"2 - Chegg, Inc.",Aug 2026,8/15/2026,8/31/2026,USD,60290 Other Compensation and Benefits : Other Employee Benefits,Vendor,50,USD,521 - Academic Advising,50 - Skills,LaShae Robinson,Journal,,,,False,,
"2 - Chegg, Inc.",Aug 2026,8/15/2026,8/31/2026,USD,60290 Other Compensation and Benefits : Other Employee Benefits,Vendor,50,USD,521 - Academic Advising,50 - Skills,Mudita Lionheart,Journal,,,,False,,
"2 - Chegg, Inc.",Aug 2026,8/15/2026,8/31/2026,USD,60290 Other Compensation and Benefits : Other Employee Benefits,Vendor,50,USD,521 - Academic Advising,50 - Skills,Nicole Barnes,Journal,,,,False,,
"2 - Chegg, Inc.",Aug 2026,8/15/2026,8/31/2026,USD,60290 Other Compensation and Benefits : Other Employee Benefits,Vendor,50,USD,521 - Academic Advising,50 - Skills,Roshanda Donald,Journal,,,,False,9/1/2026,
"2 - Chegg, Inc.",Aug 2026,8/15/2026,8/31/2026,USD,60290 Other Compensation and Benefits : Other Employee Benefits,Vendor,50,USD,521 - Academic Advising,50 - Skills,Roshanda Donald,Journal,,,,False,,
"2 - Chegg, Inc.",Aug 2026,8/15/2026,8/31/2026,USD,60290 Other Compensation and Benefits : Other Employee Benefits,Vendor,56,USD,323 - Tax,00 - Corporate,702-Payroll-EXP-4-30-31 Aug 2026,Journal,,,,False,,
"2 - Chegg, Inc.",Aug 2026,8/15/2026,8/31/2026,USD,60290 Other Compensation and Benefits : Other Employee Benefits,Vendor,57,USD,360 - General Management,20 - Learning Services,702-Payroll-EXP-4-30-31 Aug 2026,Journal,,,,False,,
"2 - Chegg, Inc.",Aug 2026,8/15/2026,8/31/2026,USD,60290 Other Compensation and Benefits : Other Employee Benefits,Vendor,57,USD,392 - Information Security,00 - Corporate,702-Payroll-EXP-4-30-31 Aug 2026,Journal,,,,False,,
"2 - Chegg, Inc.",Aug 2026,8/15/2026,8/31/2026,USD,60290 Other Compensation and Benefits : Other Employee Benefits,Vendor,57,USD,301 - CEO,00 - Corporate,702-Payroll-EXP-4-30-31 Aug 2026,Journal,,,,False,,
"2 - Chegg, Inc.",Aug 2026,8/15/2026,8/31/2026,USD,60290 Other Compensation and Benefits : Other Employee Benefits,Vendor,84,USD,102 - Product - Engagement,50 - Skills,702-Payroll-EXP-4-30-31 Aug 2026,Journal,,,,False,,
"2 - Chegg, Inc.",Aug 2026,8/15/2026,8/31/2026,USD,60290 Other Compensation and Benefits : Other Employee Benefits,Vendor,85,USD,325 - FP & A,00 - Corporate,702-Payroll-EXP-4-30-31 Aug 2026,Journal,,,,False,,
"2 - Chegg, Inc.",Aug 2026,8/15/2026,8/31/2026,USD,60290 Other Compensation and Benefits : Other Employee Benefits,Vendor,100,USD,521 - Academic Advising,50 - Skills,April Fernandez,Journal,,,,False,,
"2 - Chegg, Inc.",Aug 2026,8/15/2026,8/31/2026,USD,60290 Other Compensation and Benefits : Other Employee Benefits,Vendor,113,USD,321 - Accounting,00 - Corporate,702-Payroll-EXP-4-30-31 Aug 2026,Journal,,,,False,,
"2 - Chegg, Inc.",Aug 2026,8/15/2026,8/31/2026,USD,60290 Other Compensation and Benefits : Other Employee Benefits,Vendor,134,USD,521 - Academic Advising,50 - Skills,Brooke Fontoura Sutliff,Journal,,,,False,9/1/2026,
"2 - Chegg, Inc.",Aug 2026,8/15/2026,8/31/2026,USD,60290 Other Compensation and Benefits : Other Employee Benefits,Vendor,150,USD,105 - Product Marketing Management,50 - Skills,Jenna Abdolmohammadi,Journal,,,,False,,
"2 - Chegg, Inc.",Aug 2026,8/15/2026,8/31/2026,USD,60290 Other Compensation and Benefits : Other Employee Benefits,Vendor,150,USD,331 - Legal,00 - Corporate,Michelle Youkhana,Journal,,,,False,9/1/2026,
"2 - Chegg, Inc.",Aug 2026,8/15/2026,8/31/2026,USD,60290 Other Compensation and Benefits : Other Employee Benefits,Vendor,200,USD,380 - Content Operations,50 - Skills,Catalina Baker,Journal,,,,False,,
"2 - Chegg, Inc.",Aug 2026,8/15/2026,8/31/2026,USD,60590 Recruitment Expenses : Other Recruiting Cost,THE HIRE KEY INC.,"17,156",USD,342 - Talent Acquisition,00 - Corporate,"[4429 @Expense Line 1] DEC25, Linkedin 2 year renewal (Amortization Destination)",Journal,,,,False,,
"2 - Chegg, Inc.",Aug 2026,8/15/2026,8/31/2026,USD,61100 Marketing Expenses : Advertisement / Promotion,"SMARTLY.IO SOLUTIONS, INC.","10,000",USD,201 - Brand Marketing,20 - Learning Services,Aug 2026 - Marketing Accrual,Journal,10585,MKTG-CS-Influence-US,MKTG-CS-Influence-US,True,9/1/2026,Accrual
"2 - Chegg, Inc.",Aug 2026,8/15/2026,8/31/2026,USD,61120 Marketing Expenses : Paid Media : Affiliate Commission,"IMPACT TECH, INC.","21,000",USD,204 - Performance Marketing,20 - Learning Services,Aug 2026 - Marketing Accrual,Journal,10567,MKTG-CS-Affil-US,MKTG-CS-Affil-US,True,9/1/2026,Accrual
"2 - Chegg, Inc.",Aug 2026,8/15/2026,8/31/2026,USD,61140 Marketing Expenses : Public Relations,APOLLO STRATEGIC COMMUNICATIONS LTD,"25,000",USD,240 - Communications,20 - Learning Services,Aug 2026 - Marketing Accrual,Journal,10597,MKTG-SS-PR,MKTG-SS-PR,True,9/1/2026,Accrual
"2 - Chegg, Inc.",Aug 2026,8/15/2026,8/31/2026,USD,61140 Marketing Expenses : Public Relations,BUSINESS WIRE,"3,160",USD,240 - Communications,20 - Learning Services,Aug 2026 - Marketing Accrual,Journal,,MKTG-SS-PR,MKTG-SS-PR,True,9/1/2026,Accrual
"2 - Chegg, Inc.",Aug 2026,8/15/2026,8/31/2026,USD,61150 Marketing Expenses : Paid Media : SEM,GOOGLE.COM,"2,017",USD,204 - Performance Marketing,20 - Learning Services,Aug 2026 - Marketing Accrual,Journal,10570,MKTG-MW-SEM-US,MKTG-MW-SEM-US,True,9/1/2026,Accrual
"2 - Chegg, Inc.",Aug 2026,8/15/2026,8/31/2026,USD,61150 Marketing Expenses : Paid Media : SEM,GOOGLE.COM,"7,711",USD,204 - Performance Marketing,20 - Learning Services,Aug 2026 - Marketing Accrual,Journal,10570,MKTG-EB-SEM-US,MKTG-EB-SEM-US,True,9/1/2026,Accrual
"2 - Chegg, Inc.",Aug 2026,8/15/2026,8/31/2026,USD,61150 Marketing Expenses : Paid Media : SEM,GOOGLE.COM,"10,940",USD,204 - Performance Marketing,20 - Learning Services,Aug 2026 - Marketing Accrual,Journal,10776,MKTG-CS-SEM-US,MKTG-CS-SEM-US,True,9/1/2026,Accrual
"2 - Chegg, Inc.",Aug 2026,8/15/2026,8/31/2026,USD,61150 Marketing Expenses : Paid Media : SEM,GOOGLE.COM,"24,458",USD,204 - Performance Marketing,20 - Learning Services,Aug 2026 - Marketing Accrual,Journal,10570,MKTG-CW-SEM-US,MKTG-CW-SEM-US,True,9/1/2026,Accrual
"2 - Chegg, Inc.",Aug 2026,8/15/2026,8/31/2026,USD,61150 Marketing Expenses : Paid Media : SEM,GOOGLE.COM,"31,789",USD,204 - Performance Marketing,20 - Learning Services,Aug 2026 - Marketing Accrual,Journal,10570,MKTG-CS-SEM-US,MKTG-CS-SEM-US,True,9/1/2026,Accrual
"2 - Chegg, Inc.",Aug 2026,8/15/2026,8/31/2026,USD,61150 Marketing Expenses : Paid Media : SEM,INMOBI TECHNOLOGY SERVICES PTE. LTD,"9,070",USD,204 - Performance Marketing,20 - Learning Services,Aug 2026 - Marketing Accrual,Journal,10587,MKTG-CW-SEM-US,MKTG-CW-SEM-US,True,9/1/2026,Accrual
"2 - Chegg, Inc.",Aug 2026,8/15/2026,8/31/2026,USD,61171 Marketing Expenses : Paid Media: Radio and Video,GOOGLE.COM,"17,003",USD,201 - Brand Marketing,20 - Learning Services,Aug 2026 - Marketing Accrual,Journal,10570,MKTG-CS-Vid-US,MKTG-CS-Vid-US,False,9/1/2026,Accrual
"2 - Chegg, Inc.",Aug 2026,8/15/2026,8/31/2026,USD,61190 Marketing Expenses : Mobile Advertising,Vendor,"-4,413",USD,204 - Performance Marketing,20 - Learning Services,Apple (AP refund),Journal,,MKTG-MW-ASA-UNKNOWN,MKTG-MW-ASA-UNKNOWN,True,,Non-accrual
"2 - Chegg, Inc.",Aug 2026,8/15/2026,8/31/2026,USD,61200 Marketing Expenses : Creative Development,TALEX LLC,"60,000",USD,203 - Creative Marketing,20 - Learning Services,Aug 2026 - Marketing Accrual,Journal,10594,MKTG-SS-Creative,MKTG-SS-Creative,True,9/1/2026,Accrual
"2 - Chegg, Inc.",Aug 2026,8/15/2026,8/31/2026,USD,61220 Marketing Expenses : Trade Shows,INFOTRUST LLC,76,USD,200 - Marketing Operations,20 - Learning Services,Aug 2026 - Marketing Accrual,Journal,10573,MKTG-MW-SEM-US,MKTG-MW-SEM-US,True,9/1/2026,Accrual
"2 - Chegg, Inc.",Aug 2026,8/15/2026,8/31/2026,USD,61220 Marketing Expenses : Trade Shows,INFOTRUST LLC,221,USD,200 - Marketing Operations,20 - Learning Services,Aug 2026 - Marketing Accrual,Journal,10573,MKTG-EB-SEM-US,MKTG-EB-SEM-US,True,9/1/2026,Accrual
"2 - Chegg, Inc.",Aug 2026,8/15/2026,8/31/2026,USD,61220 Marketing Expenses : Trade Shows,INFOTRUST LLC,245,USD,200 - Marketing Operations,20 - Learning Services,Aug 2026 - Marketing Accrual,Journal,10573,MKTG-CW-SEM-US,MKTG-CW-SEM-US,True,9/1/2026,Accrual
"2 - Chegg, Inc.",Aug 2026,8/15/2026,8/31/2026,USD,61220 Marketing Expenses : Trade Shows,INFOTRUST LLC,318,USD,200 - Marketing Operations,20 - Learning Services,Aug 2026 - Marketing Accrual,Journal,10573,MKTG-CS-Agency-US,MKTG-CS-Agency-US,True,9/1/2026,Accrual
"2 - Chegg, Inc.",Aug 2026,8/15/2026,8/31/2026,USD,61220 Marketing Expenses : Trade Shows,PERFICIENT INC.,"5,000",USD,205 - SEO Marketing,20 - Learning Services,Aug 2026 - Marketing Accrual,Journal,10582,MKTG-SS-SEO,MKTG-SS-SEO,True,9/1/2026,Accrual
"2 - Chegg, Inc.",Aug 2026,8/15/2026,8/31/2026,USD,61220 Marketing Expenses : Trade Shows,TINUITI INC.,"10,389",USD,200 - Marketing Operations,20 - Learning Services,Aug 2026 - Marketing Accrual,Journal,10586,MKTG-CS-Agency-US,MKTG-CS-Agency-US,True,9/1/2026,Accrual
"2 - Chegg, Inc.",Aug 2026,8/15/2026,8/31/2026,USD,61240 Marketing Expenses : Social Media,"META PLATFORMS, INC.","29,307",USD,204 - Performance Marketing,20 - Learning Services,Aug 2026 - Marketing Accrual,Journal,10565,MKTG-CS-Social-US,MKTG-CS-Social-US,True,9/1/2026,Accrual
"2 - Chegg, Inc.",Aug 2026,8/15/2026,8/31/2026,USD,61240 Marketing Expenses : Social Media,"REDDIT, INC.","9,646",USD,204 - Performance Marketing,20 - Learning Services,Aug 2026 - Marketing Accrual,Journal,10750,MKTG-CS-Social-US,MKTG-CS-Social-US,True,9/1/2026,Accrual
"2 - Chegg, Inc.",Aug 2026,8/15/2026,8/31/2026,USD,61240 Marketing Expenses : Social Media,SNAP INC.,"60,668",USD,204 - Performance Marketing,20 - Learning Services,Aug 2026 - Marketing Accrual,Journal,10834,MKTG-CS-Social-US,MKTG-CS-Social-US,True,9/1/2026,Accrual
"2 - Chegg, Inc.",Aug 2026,8/15/2026,8/31/2026,USD,61260 Marketing Expenses : Marketing - Other,SIMILARWEB INC.,"12,060",USD,205 - SEO Marketing,20 - Learning Services,"[INV00458937 @Expense Line 1] MAR26, Similarweb (03/10/2026 - 03/09/2027 ) (Amortization Destination)",Journal,,MKTG-SS-Market Research,MKTG-SS-Market Research,True,,Non-accrual
"2 - Chegg, Inc.",Aug 2026,8/15/2026,8/31/2026,USD,61260 Marketing Expenses : Marketing - Other,Vendor,"1,334",USD,200 - Marketing Operations,50 - Skills,Lauren Mackie,Journal,,,,False,,Non-accrual
"2 - Chegg, Inc.",Aug 2026,8/15/2026,8/31/2026,USD,62100 Technology Expenses : Web Hosting Expense,AMAZON WEB SERVICES INC,"-738,882",USD,122 - Engineering Operations,00 - Corporate,"Aug 2026, Prepaid Balance - Statement Adjustment",Journal,,,,False,,
"2 - Chegg, Inc.",Aug 2026,8/15/2026,8/31/2026,USD,62100 Technology Expenses : Web Hosting Expense,AMAZON WEB SERVICES INC,"-175,000",USD,122 - Engineering Operations,00 - Corporate,"Aug 2026, Reclass between AWS and CloudZero",Journal,,,,False,,
"2 - Chegg, Inc.",Aug 2026,8/15/2026,8/31/2026,USD,62100 Technology Expenses : Web Hosting Expense,AMAZON WEB SERVICES INC,"-120,000",USD,122 - Engineering Operations,00 - Corporate,"Aug 2026, Reclass between AWS and DataBricks",Journal,,,,False,,
"2 - Chegg, Inc.",Aug 2026,8/15/2026,8/31/2026,USD,62100 Technology Expenses : Web Hosting Expense,AMAZON WEB SERVICES INC,"-25,799",USD,122 - Engineering Operations,00 - Corporate,"Aug 2026, Prepaid Balance - Statement Adjustment",Journal,,,,False,,
"2 - Chegg, Inc.",Aug 2026,8/15/2026,8/31/2026,USD,62100 Technology Expenses : Web Hosting Expense,AMAZON WEB SERVICES INC,"-22,050",USD,122 - Engineering Operations,00 - Corporate,"Aug 2026, Reclass Spot between AWS and Flexera",Journal,,,,False,,
"2 - Chegg, Inc.",Aug 2026,8/15/2026,8/31/2026,USD,62100 Technology Expenses : Web Hosting Expense,AMAZON WEB SERVICES INC,"-14,170",USD,122 - Engineering Operations,00 - Corporate,"Aug 2026, Reclass between AWS and Trace",Journal,,,,False,,
"2 - Chegg, Inc.",Aug 2026,8/15/2026,8/31/2026,USD,62100 Technology Expenses : Web Hosting Expense,AMAZON WEB SERVICES INC,"3,586",USD,138 - Platform - SAT Engineering,20 - Learning Services,"Aug 2026, Manual amortization expense",Journal,,,,False,,
"2 - Chegg, Inc.",Aug 2026,8/15/2026,8/31/2026,USD,62100 Technology Expenses : Web Hosting Expense,AMAZON WEB SERVICES INC,"4,435",USD,143 - Engineering Mobile Native,20 - Learning Services,"Aug 2026, Manual amortization expense",Journal,,,,False,,
"2 - Chegg, Inc.",Aug 2026,8/15/2026,8/31/2026,USD,62100 Technology Expenses : Web Hosting Expense,AMAZON WEB SERVICES INC,"14,833",USD,130 - Platform - Marketing Technology,20 - Learning Services,"Aug 2026, Manual amortization expense",Journal,,,,False,,
"2 - Chegg, Inc.",Aug 2026,8/15/2026,8/31/2026,USD,62100 Technology Expenses : Web Hosting Expense,AMAZON WEB SERVICES INC,"18,835",USD,142 - Engineering Monetization,50 - Skills,"Aug 2026, Manual amortization expense",Journal,,,,False,,
"2 - Chegg, Inc.",Aug 2026,8/15/2026,8/31/2026,USD,62100 Technology Expenses : Web Hosting Expense,AMAZON WEB SERVICES INC,"19,235",USD,391 - Consumer Operations,00 - Corporate,"Aug 2026, Manual amortization expense",Journal,,,,False,,
"2 - Chegg, Inc.",Aug 2026,8/15/2026,8/31/2026,USD,62100 Technology Expenses : Web Hosting Expense,AMAZON WEB SERVICES INC,"22,163",USD,142 - Engineering Monetization,20 - Learning Services,"Aug 2026, Manual amortization expense",Journal,,,,False,,
"2 - Chegg, Inc.",Aug 2026,8/15/2026,8/31/2026,USD,62100 Technology Expenses : Web Hosting Expense,AMAZON WEB SERVICES INC,"23,610",USD,392 - Information Security,00 - Corporate,"Aug 2026, Manual amortization expense",Journal,,,,False,,
"2 - Chegg, Inc.",Aug 2026,8/15/2026,8/31/2026,USD,62100 Technology Expenses : Web Hosting Expense,AMAZON WEB SERVICES INC,"24,415",USD,160 - Commerce Engineering,20 - Learning Services,"Aug 2026, Manual amortization expense",Journal,,,,False,,
"2 - Chegg, Inc.",Aug 2026,8/15/2026,8/31/2026,USD,62100 Technology Expenses : Web Hosting Expense,AMAZON WEB SERVICES INC,"30,416",USD,123 - Quality,00 - Corporate,"Aug 2026, Manual amortization expense",Journal,,,,False,,
"2 - Chegg, Inc.",Aug 2026,8/15/2026,8/31/2026,USD,62100 Technology Expenses : Web Hosting Expense,AMAZON WEB SERVICES INC,"37,212",USD,190 - IT Operations,00 - Corporate,"Aug 2026, Manual amortization expense",Journal,,,,False,,
"2 - Chegg, Inc.",Aug 2026,8/15/2026,8/31/2026,USD,62100 Technology Expenses : Web Hosting Expense,AMAZON WEB SERVICES INC,"71,630",USD,133 - Platform - Authentication,20 - Learning Services,"Aug 2026, Manual amortization expense",Journal,,,,False,,
"2 - Chegg, Inc.",Aug 2026,8/15/2026,8/31/2026,USD,62100 Technology Expenses : Web Hosting Expense,AMAZON WEB SERVICES INC,"77,337",USD,122 - Engineering Operations,00 - Corporate,"Aug 2026, Manual amortization expense",Journal,,,,False,,
"2 - Chegg, Inc.",Aug 2026,8/15/2026,8/31/2026,USD,62100 Technology Expenses : Web Hosting Expense,AMAZON WEB SERVICES INC,"82,881",USD,137 - Platform - Content Engineering,20 - Learning Services,"Aug 2026, Manual amortization expense",Journal,,,,False,,
"2 - Chegg, Inc.",Aug 2026,8/15/2026,8/31/2026,USD,62100 Technology Expenses : Web Hosting Expense,AMAZON WEB SERVICES INC,"110,779",USD,141 - Engineering Engagement,20 - Learning Services,"Aug 2026, Manual amortization expense",Journal,,,,False,,
"2 - Chegg, Inc.",Aug 2026,8/15/2026,8/31/2026,USD,62100 Technology Expenses : Web Hosting Expense,AMAZON WEB SERVICES INC,"130,375",USD,131 - Platform - Data Engineering,00 - Corporate,"Aug 2026, Manual amortization expense",Journal,,,,False,,
"2 - Chegg, Inc.",Aug 2026,8/15/2026,8/31/2026,USD,62100 Technology Expenses : Web Hosting Expense,AMAZON WEB SERVICES INC,"357,238",USD,122 - Engineering Operations,00 - Corporate,"Aug 2026,AWS Year 1 True Up",Journal,,,,False,9/1/2026,
"2 - Chegg, Inc.",Aug 2026,8/15/2026,8/31/2026,USD,62100 Technology Expenses : Web Hosting Expense,OPENAI LLC,"12,726",USD,522 - Content Delivery,20 - Learning Services,"Invoice INV-HR3UKDQY-000004 - JUL26, OpenAI Shared Usage Aug 2026 - Oct 2026 (1st-Jul-2026 to 31st-Jul-2026)",Journal,10937,,,False,9/1/2026,
"2 - Chegg, Inc.",Aug 2026,8/15/2026,8/31/2026,USD,62110 Technology Expenses : Software License/Renewal/Support - Electronically Delivered,"AMPLITUDE, INC.","-176,332",USD,190 - IT Operations,00 - Corporate,[103707 @Line 1] Reclass - Amplitude. Bill: AWS00055S0426AUSD (Amortization Destination),Journal,,,,False,,
"2 - Chegg, Inc.",Aug 2026,8/15/2026,8/31/2026,USD,62110 Technology Expenses : Software License/Renewal/Support - Electronically Delivered,"AMPLITUDE, INC.","13,712",USD,131 - Platform - Data Engineering,20 - Learning Services,"[104736 @Line 29] Jun 2026, Reclass between AWS and Amplitude (Amortization Destination)",Journal,,,,False,,
"2 - Chegg, Inc.",Aug 2026,8/15/2026,8/31/2026,USD,62110 Technology Expenses : Software License/Renewal/Support - Electronically Delivered,"AMPLITUDE, INC.","176,332",USD,131 - Platform - Data Engineering,20 - Learning Services,[103707 @Line 2] Reclass - Amplitude. Bill: AWS00055S0426AUSD (Amortization Destination),Journal,,,,False,,
"2 - Chegg, Inc.",Aug 2026,8/15/2026,8/31/2026,USD,62110 Technology Expenses : Software License/Renewal/Support - Electronically Delivered,"AMPLITUDE, INC.","176,332",USD,190 - IT Operations,00 - Corporate,"[103633 @Line 28] May 2026, Reclass between AWS and Amplitude (Amortization Destination)",Journal,,,,False,,
"2 - Chegg, Inc.",Aug 2026,8/15/2026,8/31/2026,USD,62110 Technology Expenses : Software License/Renewal/Support - Electronically Delivered,BLACKLINE SYSTEMS INC.,"10,190",USD,326 - Enterprise Systems & Applications,00 - Corporate,"[INV00272435 @Expense Line 1] JUN26-DEC26, 2026-2027 Blackline Renewal Contract (21-JUN-2026 TO 20-DEC-2026) (Amortization Destination)",Journal,,,,False,,
"2 - Chegg, Inc.",Aug 2026,8/15/2026,8/31/2026,USD,62110 Technology Expenses : Software License/Renewal/Support - Electronically Delivered,"BRAZE, INC.","-33,023",USD,206 - Customer Relationship Marketing,60 - Busuu,"[103706 @Line 1] Reclass - BRAZE, INC. Bill: ZINV62991 (Amortization Destination)",Journal,,,,False,,
"2 - Chegg, Inc.",Aug 2026,8/15/2026,8/31/2026,USD,62110 Technology Expenses : Software License/Renewal/Support - Electronically Delivered,"BRAZE, INC.","9,678",USD,206 - Customer Relationship Marketing,50 - Skills,"[ZINV62991 @Expense Line 3] APR26-OCT26,Skills - Apr-Oct Braze Contract  (30th-April-26 to 29th-Oct-26) (Amortization Destination)",Journal,,,,False,,
"2 - Chegg, Inc.",Aug 2026,8/15/2026,8/31/2026,USD,62110 Technology Expenses : Software License/Renewal/Support - Electronically Delivered,"BRAZE, INC.","29,098",USD,206 - Customer Relationship Marketing,20 - Learning Services,"[ZINV62991 @Expense Line 1] APR26-OCT26, Chegg - Apr-Oct contract with Braze  (30th-April-26 to 29th-Oct-26) (Amortization Destination)",Journal,,,,False,,
"2 - Chegg, Inc.",Aug 2026,8/15/2026,8/31/2026,USD,62110 Technology Expenses : Software License/Renewal/Support - Electronically Delivered,"BRAZE, INC.","33,023",USD,206 - Customer Relationship Marketing,60 - Busuu,"[ZINV62991 @Expense Line 2] APR26-OCT26,Busuu - Apr-Oct Braze Contract  (30th-April-26 to 29th-Oct-26) (Amortization Destination)",Journal,,,,False,,
"2 - Chegg, Inc.",Aug 2026,8/15/2026,8/31/2026,USD,62110 Technology Expenses : Software License/Renewal/Support - Electronically Delivered,"CLOUDZERO, INC.","22,234",USD,190 - IT Operations,00 - Corporate,"Aug 2026, Reclass between AWS and CloudZero",Journal,,,,False,,
"2 - Chegg, Inc.",Aug 2026,8/15/2026,8/31/2026,USD,62110 Technology Expenses : Software License/Renewal/Support - Electronically Delivered,CONTENTFUL INC.,"25,626",USD,130 - Platform - Marketing Technology,20 - Learning Services,"[INV00855396 @Expense Line 1] May26, PLATFORM UTILITY LIMITS AND USERS (May 13, 2026 - Nov 12, 2026) (Amortization Destination)",Journal,,,,False,,
"2 - Chegg, Inc.",Aug 2026,8/15/2026,8/31/2026,USD,62110 Technology Expenses : Software License/Renewal/Support - Electronically Delivered,DATABRICKS INC.,"1,290",USD,131 - Platform - Data Engineering,00 - Corporate,"[104736 @Line 26] Jun 2026, Reclass between AWS and DataBricks (Amortization Destination)",Journal,,,,False,,
"2 - Chegg, Inc.",Aug 2026,8/15/2026,8/31/2026,USD,62110 Technology Expenses : Software License/Renewal/Support - Electronically Delivered,DATABRICKS INC.,"40,000",USD,131 - Platform - Data Engineering,00 - Corporate,"Aug 2026, Reclass between AWS and DataBricks",Journal,,,,False,,
"2 - Chegg, Inc.",Aug 2026,8/15/2026,8/31/2026,USD,62110 Technology Expenses : Software License/Renewal/Support - Electronically Delivered,"EXTERRO, INC.","5,046",USD,190 - IT Operations,00 - Corporate,"[INV23528 @Expense Line 1] JUN26-JUN27, Exterro Contractual Invoice for Year 3 (22-JUN-2026 TO 21-JUN-2027) (Amortization Destination)",Journal,,LGL-General Corporate,LGL-General Corporate,False,,
"2 - Chegg, Inc.",Aug 2026,8/15/2026,8/31/2026,USD,62110 Technology Expenses : Software License/Renewal/Support - Electronically Delivered,"EXTERRO, INC.","17,380",USD,190 - IT Operations,00 - Corporate,"[INV23528 @Expense Line 1] JUN26-JUN27, Exterro Contractual Invoice for Year 3 (22-JUN-2026 TO 21-JUN-2027) (Amortization Destination)",Journal,,LGL-General Corporate,LGL-General Corporate,False,,
"2 - Chegg, Inc.",Aug 2026,8/15/2026,8/31/2026,USD,62110 Technology Expenses : Software License/Renewal/Support - Electronically Delivered,"EXTERRO, INC.","17,380",USD,190 - IT Operations,00 - Corporate,"[INV23528 @Expense Line 1] JUN26-JUN27, Exterro Contractual Invoice for Year 3 (22-JUN-2026 TO 21-JUN-2027) (Amortization Destination)",Journal,,LGL-General Corporate,LGL-General Corporate,False,,
"2 - Chegg, Inc.",Aug 2026,8/15/2026,8/31/2026,USD,62110 Technology Expenses : Software License/Renewal/Support - Electronically Delivered,"FLEXERA SOFTWARE, LLC","22,050",USD,190 - IT Operations,00 - Corporate,"Aug 2026, Reclass Spot between AWS and Flexera",Journal,,,,False,,
"2 - Chegg, Inc.",Aug 2026,8/15/2026,8/31/2026,USD,62110 Technology Expenses : Software License/Renewal/Support - Electronically Delivered,"FRESHWORKS, INC.","-5,033",USD,190 - IT Operations,00 - Corporate,[97445 @Line 1] Bill #FS352586 Amortization (Amortization Destination),Journal,,,,False,,
"2 - Chegg, Inc.",Aug 2026,8/15/2026,8/31/2026,USD,62110 Technology Expenses : Software License/Renewal/Support - Electronically Delivered,"FRESHWORKS, INC.","5,033",USD,190 - IT Operations,00 - Corporate,"[FS352586 @Expense Line 1] NOV25, Freshworks Nov 28 2025 to Nov 27 2026 (Amortization Destination)",Journal,,,,False,,
"2 - Chegg, Inc.",Aug 2026,8/15/2026,8/31/2026,USD,62110 Technology Expenses : Software License/Renewal/Support - Electronically Delivered,GITLAB INC,"16,625",USD,122 - Engineering Operations,00 - Corporate,"[INV00520074 @Expense Line 1] JAN26, GitLab Subscription Renewal (01/27/2026 - 01/26/2027) (Amortization Destination)",Journal,,,,False,,
"2 - Chegg, Inc.",Aug 2026,8/15/2026,8/31/2026,USD,62110 Technology Expenses : Software License/Renewal/Support - Electronically Delivered,"GLADLY SOFTWARE, INC.","14,401",USD,580 - Support Operations,10 – Chegg Study,"[INV5801 @Expense Line 1] MAR26, Gladly Renewal and Telephony (15-MAR-26 TO 14-MAR-27) (Amortization Destination)",Journal,,,,False,,
"2 - Chegg, Inc.",Aug 2026,8/15/2026,8/31/2026,USD,62110 Technology Expenses : Software License/Renewal/Support - Electronically Delivered,"HUMAN SECURITY, INC. DBA HUMAN","17,364",USD,190 - IT Operations,00 - Corporate,"[INV16157 @Expense Line 1] OCT25, Human Security Renewal Nov18, 2025 - Nov 17, 2026 (Amortization Destination)",Journal,,,,False,,
"2 - Chegg, Inc.",Aug 2026,8/15/2026,8/31/2026,USD,62110 Technology Expenses : Software License/Renewal/Support - Electronically Delivered,"LABELBOX, INC.","-4,473",USD,180 - Data Science,20 - Learning Services,"[63123 @Line 1] Reclass - MAR24, Labelbox Annotation Platform 03/15/24-03/14/27 (Amortization Destination)",Journal,,,,False,,
"2 - Chegg, Inc.",Aug 2026,8/15/2026,8/31/2026,USD,62110 Technology Expenses : Software License/Renewal/Support - Electronically Delivered,"LABELBOX, INC.","-4,473",USD,180 - Data Science,20 - Learning Services,"[92965 @Line 3] Reclass - LABELBOX, INC. Bill: LB-16480 (Amortization Destination)",Journal,,,,False,,
"2 - Chegg, Inc.",Aug 2026,8/15/2026,8/31/2026,USD,62110 Technology Expenses : Software License/Renewal/Support - Electronically Delivered,"LABELBOX, INC.","2,087",USD,180 - Data Science,20 - Learning Services,"[LB-16480 @Expense Line 1] SEP25, Labelbox Annotation Platform (Amortization Destination)",Journal,,SWD-22H2107 Content Automation,SWD-22H2107 Content Automation,False,,
"2 - Chegg, Inc.",Aug 2026,8/15/2026,8/31/2026,USD,62110 Technology Expenses : Software License/Renewal/Support - Electronically Delivered,"LABELBOX, INC.","2,386",USD,180 - Data Science,20 - Learning Services,"[LB-16480 @Expense Line 2] AUG25, Labelbox Annotation Platform (Amortization Destination)",Journal,,SWD-22H2107 Content Automation,SWD-22H2107 Content Automation,False,,
"2 - Chegg, Inc.",Aug 2026,8/15/2026,8/31/2026,USD,62110 Technology Expenses : Software License/Renewal/Support - Electronically Delivered,"LABELBOX, INC.","4,473",USD,180 - Data Science,20 - Learning Services,"[LB-16477 @Expense Line 1] MAR24, Labelbox Annotation Platform 03/15/24-03/14/27 (Amortization Destination)",Journal,,SWD-22H2107 Content Automation,SWD-22H2107 Content Automation,False,,
"2 - Chegg, Inc.",Aug 2026,8/15/2026,8/31/2026,USD,62110 Technology Expenses : Software License/Renewal/Support - Electronically Delivered,"LABELBOX, INC.","158,001",USD,180 - Data Science,20 - Learning Services,Labelbox Annotation Platform,Journal,8582,SWD-22H2107 Content Automation,SWD-22H2107 Content Automation,False,,
"2 - Chegg, Inc.",Aug 2026,8/15/2026,8/31/2026,USD,62110 Technology Expenses : Software License/Renewal/Support - Electronically Delivered,LOGRHYTHM INC DBA EXABEAM,"-115,234",USD,392 - Information Security,00 - Corporate,"Aug 2026, Straigh-line Amortisation (INV-US054600)",Journal,10900,,,False,,
"2 - Chegg, Inc.",Aug 2026,8/15/2026,8/31/2026,USD,62110 Technology Expenses : Software License/Renewal/Support - Electronically Delivered,LOGRHYTHM INC DBA EXABEAM,"-44,749",USD,392 - Information Security,00 - Corporate,"Aug 2026,Straight-line Amortisation (INV-US054601)",Journal,10900,,,False,,
"2 - Chegg, Inc.",Aug 2026,8/15/2026,8/31/2026,USD,62110 Technology Expenses : Software License/Renewal/Support - Electronically Delivered,LOGRHYTHM INC DBA EXABEAM,"3,433",USD,392 - Information Security,00 - Corporate,"Aug 2026,Straight-line Amortisation (INV-US054601",Journal,10900,,,False,,
"2 - Chegg, Inc.",Aug 2026,8/15/2026,8/31/2026,USD,62110 Technology Expenses : Software License/Renewal/Support - Electronically Delivered,LOGRHYTHM INC DBA EXABEAM,"8,840",USD,392 - Information Security,00 - Corporate,"Aug 2026, Straigh-line Amortisation (INV-US054600)",Journal,10900,,,False,,
"2 - Chegg, Inc.",Aug 2026,8/15/2026,8/31/2026,USD,62110 Technology Expenses : Software License/Renewal/Support - Electronically Delivered,"LUMOS APP, INC.",545,USD,190 - IT Operations,00 - Corporate,"[1793 @Expense Line 1] July26, Lumos License Agreement renewal Year 1 starting  (31-July-2026 to 30-July-2027) (Amortization Destination)",Journal,,,,False,,
"2 - Chegg, Inc.",Aug 2026,8/15/2026,8/31/2026,USD,62110 Technology Expenses : Software License/Renewal/Support - Electronically Delivered,"LUMOS APP, INC.","16,901",USD,190 - IT Operations,00 - Corporate,"[1793 @Expense Line 1] July26, Lumos License Agreement renewal Year 1 starting  (31-July-2026 to 30-July-2027) (Amortization Destination)",Journal,,,,False,,
"2 - Chegg, Inc.",Aug 2026,8/15/2026,8/31/2026,USD,62110 Technology Expenses : Software License/Renewal/Support - Electronically Delivered,"MAESTROQA, INC.","-10,334",USD,580 - Support Operations,20 - Learning Services,[100436 @Line 10] SAT Reclass from BU 20 to 10 (Amortization Destination),Journal,,,,False,,
"2 - Chegg, Inc.",Aug 2026,8/15/2026,8/31/2026,USD,62110 Technology Expenses : Software License/Renewal/Support - Electronically Delivered,"MAESTROQA, INC.","10,334",USD,580 - Support Operations,10 – Chegg Study,[100436 @Line 11] SAT Reclass from BU 20 to 10 (Amortization Destination),Journal,,,,False,,
"2 - Chegg, Inc.",Aug 2026,8/15/2026,8/31/2026,USD,62110 Technology Expenses : Software License/Renewal/Support - Electronically Delivered,"MAESTROQA, INC.","10,334",USD,580 - Support Operations,20 - Learning Services,"[INV000004782 @Expense Line 1] JAN26-DEC26, PO for MaestroQA contract (Ironclad ID 9817) 1st-Jan-26 to 31st-Dec,2026) (Amortization Destination)",Journal,,,,False,,
"2 - Chegg, Inc.",Aug 2026,8/15/2026,8/31/2026,USD,62110 Technology Expenses : Software License/Renewal/Support - Electronically Delivered,MODUS CREATE LLC,"24,912",USD,190 - IT Operations,00 - Corporate,"[MCUS-13478 @Expense Line 1] MAR26, Atlassian Jira/Confluence Renewal (Mar 5, 2026 to Mar 5, 2027) (Amortization Destination)",Journal,,,,False,,
"2 - Chegg, Inc.",Aug 2026,8/15/2026,8/31/2026,USD,62110 Technology Expenses : Software License/Renewal/Support - Electronically Delivered,"NEW RELIC, INC.","212,135",USD,190 - IT Operations,00 - Corporate,"[104736 @Line 33] Jun 2026, Manual Amortization Expense (Amortization Destination)",Journal,,,,False,,
"2 - Chegg, Inc.",Aug 2026,8/15/2026,8/31/2026,USD,62110 Technology Expenses : Software License/Renewal/Support - Electronically Delivered,"OKTA, INC.","20,761",USD,190 - IT Operations,00 - Corporate,"[102265 @Line 26] Apr 2026, Reclass Spot between AWS and Okta (Amortization Destination)",Journal,,,,False,,
"2 - Chegg, Inc.",Aug 2026,8/15/2026,8/31/2026,USD,62110 Technology Expenses : Software License/Renewal/Support - Electronically Delivered,"ORACLE AMERICA, INC.","-10,927",USD,326 - Enterprise Systems & Applications,00 - Corporate,[101556 @Line 1] Oracle Bill 2427472 (Amortization Destination),Journal,,,,False,,
"2 - Chegg, Inc.",Aug 2026,8/15/2026,8/31/2026,USD,62110 Technology Expenses : Software License/Renewal/Support - Electronically Delivered,"ORACLE AMERICA, INC.","10,927",USD,326 - Enterprise Systems & Applications,00 - Corporate,"[2427472 @Expense Line 1] MAR26, Oracle NetSuite Renewal (2025-2027) - Software Subscription(09 Mar 2026 - 07 Jun 2026 ) (Amortization Destination)",Journal,,,,False,,
"2 - Chegg, Inc.",Aug 2026,8/15/2026,8/31/2026,USD,62110 Technology Expenses : Software License/Renewal/Support - Electronically Delivered,"ORACLE AMERICA, INC.","53,576",USD,326 - Enterprise Systems & Applications,00 - Corporate,"[2511299 @Expense Line 1] JUN26-SEP26, Oracle NetSuite Renewal (2025-2027) - Software Subscription (08 Jun 2026 - 08 Sep 2026) (Amortization Destination)",Journal,,,,False,,
"2 - Chegg, Inc.",Aug 2026,8/15/2026,8/31/2026,USD,62110 Technology Expenses : Software License/Renewal/Support - Electronically Delivered,RECURLY INC.,36,USD,142 - Engineering Monetization,20 - Learning Services,"Invoice 438380 - Aug-sep26, Mathway annual Recurly fees (29-Aug-2026 to 29-sep-2026)",Journal,10791,,,False,9/1/2026,
"2 - Chegg, Inc.",Aug 2026,8/15/2026,8/31/2026,USD,62110 Technology Expenses : Software License/Renewal/Support - Electronically Delivered,RECURLY INC.,"1,116",USD,142 - Engineering Monetization,20 - Learning Services,"[435340 @Expense Line 1] JUL26-JAN27, Mathway annual Recurly fees (Jul 29, 2026 – Jan 29, 2027) (Amortization Destination)",Journal,,,,False,,
"2 - Chegg, Inc.",Aug 2026,8/15/2026,8/31/2026,USD,62110 Technology Expenses : Software License/Renewal/Support - Electronically Delivered,RECURLY INC.,"11,529",USD,142 - Engineering Monetization,20 - Learning Services,"[435340 @Expense Line 1] JUL26-JAN27, Mathway annual Recurly fees (Jul 29, 2026 – Jan 29, 2027) (Amortization Destination)",Journal,,,,False,,
"2 - Chegg, Inc.",Aug 2026,8/15/2026,8/31/2026,USD,62110 Technology Expenses : Software License/Renewal/Support - Electronically Delivered,"RETOOL, INC.","11,848",USD,142 - Engineering Monetization,50 - Skills,"[E0A02A42-0008 @Expense Line 1] Jun26, Retool (06/13/2026-06/12/2027) (Amortization Destination)",Journal,,,,False,,
"2 - Chegg, Inc.",Aug 2026,8/15/2026,8/31/2026,USD,62110 Technology Expenses : Software License/Renewal/Support - Electronically Delivered,"SALESFORCE.COM, INC.",490,USD,225 - Partnerships,20 - Learning Services,"[36652101 @Expense Line 3] JAN26, 12 StudyBreak Media Salesforce Subscription ( 1/31/2026 - 1/30/2027) (Amortization Destination)",Journal,,,,False,,
"2 - Chegg, Inc.",Aug 2026,8/15/2026,8/31/2026,USD,62110 Technology Expenses : Software License/Renewal/Support - Electronically Delivered,"SALESFORCE.COM, INC.",735,USD,225 - Partnerships,20 - Learning Services,"[36652101 @Expense Line 4] JAN26, 45 Brand Partnerships Salesforce Subscription ( 1/31/2026 - 1/30/2027) (Amortization Destination)",Journal,,,,False,,
"2 - Chegg, Inc.",Aug 2026,8/15/2026,8/31/2026,USD,62110 Technology Expenses : Software License/Renewal/Support - Electronically Delivered,"SALESFORCE.COM, INC.","1,102",USD,225 - Partnerships,20 - Learning Services,"[36652101 @Expense Line 1] JAN26, BU Security - Shield Services Salesforce Subsription ( 1/31/2026 - 1/30/2027) (Amortization Destination)",Journal,,,,False,,
"2 - Chegg, Inc.",Aug 2026,8/15/2026,8/31/2026,USD,62110 Technology Expenses : Software License/Renewal/Support - Electronically Delivered,"SALESFORCE.COM, INC.","3,919",USD,366 - Business Operations Management,50 - Skills,"[36652101 @Expense Line 5] JAN26, 50 Skills Salesforce Subscription ( 1/31/2026 - 1/30/2027) (Amortization Destination)",Journal,,,,False,,
"2 - Chegg, Inc.",Aug 2026,8/15/2026,8/31/2026,USD,62110 Technology Expenses : Software License/Renewal/Support - Electronically Delivered,"SALESFORCE.COM, INC.","5,879",USD,225 - Partnerships,20 - Learning Services,"[36652101 @Expense Line 2] JAN26, 00 Shared Services Salesforce Subscription ( 1/31/2026 - 1/30/2027) (Amortization Destination)",Journal,,,,False,,
"2 - Chegg, Inc.",Aug 2026,8/15/2026,8/31/2026,USD,62110 Technology Expenses : Software License/Renewal/Support - Electronically Delivered,"SALESFORCE.COM, INC.","10,086",USD,225 - Partnerships,20 - Learning Services,"Invoice 38120875 - JUN26 - JAN27,  00 Shared Services Salesforce Subscription ( 6/12/2026 - 1/30/2027)",Journal,10655,,,False,9/1/2026,
"2 - Chegg, Inc.",Aug 2026,8/15/2026,8/31/2026,USD,62110 Technology Expenses : Software License/Renewal/Support - Electronically Delivered,"SALESFORCE.COM, INC.","27,800",USD,182 - Business Intelligence,00 - Corporate,"[34762533 @Expense Line 1] AUG25, Tableau Renewal Sep 14 2024 to Sep 13 2026 (Amortization Destination)",Journal,,,,False,,
"2 - Chegg, Inc.",Aug 2026,8/15/2026,8/31/2026,USD,62110 Technology Expenses : Software License/Renewal/Support - Electronically Delivered,SHI INTERNATIONAL CORP.,285,USD,190 - IT Operations,00 - Corporate,"Invoice B21559128 - July26, Microsoft 365 add funds PO#9995 ( 1-Jul-2026 to 31-Jul-2026)",Journal,10353,,,False,9/1/2026,
"2 - Chegg, Inc.",Aug 2026,8/15/2026,8/31/2026,USD,62110 Technology Expenses : Software License/Renewal/Support - Electronically Delivered,SHI INTERNATIONAL CORP.,"2,438",USD,190 - IT Operations,00 - Corporate,"Invoice B21573167 - JUL26, Microsoft 365 Mar 09, 2026 to Mar 08, 2027",Journal,10695,,,False,9/1/2026,
"2 - Chegg, Inc.",Aug 2026,8/15/2026,8/31/2026,USD,62110 Technology Expenses : Software License/Renewal/Support - Electronically Delivered,SHI INTERNATIONAL CORP.,"3,404",USD,190 - IT Operations,00 - Corporate,"Invoice B21052649 - MAR26-APR26)Microsoft 365 Mar 09, 2026 to Mar 08, 2027 (5th-March-2026 to 4th-Apr-2026)",Journal,10695,,,False,9/1/2026,
"2 - Chegg, Inc.",Aug 2026,8/15/2026,8/31/2026,USD,62110 Technology Expenses : Software License/Renewal/Support - Electronically Delivered,SHI INTERNATIONAL CORP.,"6,441",USD,392 - Information Security,00 - Corporate,"[B20007173 @Expense Line 1] JUL25, Wiz Code add-on Jul 11, 2025 – Jul 10, 2027 (Amortization Destination)",Journal,,,,False,,
"2 - Chegg, Inc.",Aug 2026,8/15/2026,8/31/2026,USD,62110 Technology Expenses : Software License/Renewal/Support - Electronically Delivered,SHI INTERNATIONAL CORP.,"6,973",USD,190 - IT Operations,00 - Corporate,"Invoice B21427241 - JUN26-JUL26, Microsoft 365 Mar 09, 2026 to Mar 08, 2027 ( 5th-Jun-2026 - 10th-Jul-20266)",Journal,10695,,,False,9/1/2026,
"2 - Chegg, Inc.",Aug 2026,8/15/2026,8/31/2026,USD,62110 Technology Expenses : Software License/Renewal/Support - Electronically Delivered,SHI INTERNATIONAL CORP.,"6,973",USD,190 - IT Operations,00 - Corporate,"Invoice B21559131 - JUL26-AUG26, Microsoft 365 Mar 09, 2026 to Mar 08, 2027 (5-JUL-2026 TO 4-AUG-2026)",Journal,10695,,,False,9/1/2026,
"2 - Chegg, Inc.",Aug 2026,8/15/2026,8/31/2026,USD,62110 Technology Expenses : Software License/Renewal/Support - Electronically Delivered,SHI INTERNATIONAL CORP.,"20,673",USD,392 - Information Security,00 - Corporate,"[B20302555 @Expense Line 1] SEP25, SentinelOne Renewal - 1233608 (Amortization Destination)",Journal,,,,False,,
"2 - Chegg, Inc.",Aug 2026,8/15/2026,8/31/2026,USD,62110 Technology Expenses : Software License/Renewal/Support - Electronically Delivered,SHI INTERNATIONAL CORP.,"25,503",USD,392 - Information Security,00 - Corporate,"[B20236301 @Expense Line 2] AUG25, Splunk Renewal (Amortization Destination)",Journal,,,,False,,
"2 - Chegg, Inc.",Aug 2026,8/15/2026,8/31/2026,USD,62110 Technology Expenses : Software License/Renewal/Support - Electronically Delivered,SHI INTERNATIONAL CORP.,"29,968",USD,190 - IT Operations,00 - Corporate,"Invoice B21052649 - MAR26-APR26, Microsoft 365 Mar 09, 2026 to Mar 08, 2027 (11th-March-2026 to 10th-Apr-2026)",Journal,10695,,,False,9/1/2026,
"2 - Chegg, Inc.",Aug 2026,8/15/2026,8/31/2026,USD,62110 Technology Expenses : Software License/Renewal/Support - Electronically Delivered,SHI INTERNATIONAL CORP.,"31,849",USD,190 - IT Operations,00 - Corporate,"[B20764080 @Expense Line 1] FEB26, Renewal of cloud security software; 3 year deal; invoiced annually (02/01/26 - 01/31/27) (Amortization Destination)",Journal,,,,False,,
"2 - Chegg, Inc.",Aug 2026,8/15/2026,8/31/2026,USD,62110 Technology Expenses : Software License/Renewal/Support - Electronically Delivered,SHI INTERNATIONAL CORP.,"116,305",USD,190 - IT Operations,00 - Corporate,"Invoice B21052649 - MAR26-MAR27,Microsoft 365 Mar 09, 2026 to Mar 08, 2027",Journal,10695,,,False,9/1/2026,
"2 - Chegg, Inc.",Aug 2026,8/15/2026,8/31/2026,USD,62110 Technology Expenses : Software License/Renewal/Support - Electronically Delivered,"SYCOMP A TECHNOLOGY COMPANY, INC.","13,164",USD,190 - IT Operations,00 - Corporate,"[109458 @Expense Line 1] FEB26, Proofpoint Renewal ( 02/21/26- 02/20/27) (Amortization Destination)",Journal,,,,False,,
"2 - Chegg, Inc.",Aug 2026,8/15/2026,8/31/2026,USD,62110 Technology Expenses : Software License/Renewal/Support - Electronically Delivered,"TRACE3, LLC",39,USD,103 - Product - Monetization,20 - Learning Services,"Invoice INV1843879 - July26, Bing Spellcheck and Search",Journal,7147,,,False,9/1/2026,
"2 - Chegg, Inc.",Aug 2026,8/15/2026,8/31/2026,USD,62110 Technology Expenses : Software License/Renewal/Support - Electronically Delivered,"TRACE3, LLC","14,170",USD,190 - IT Operations,00 - Corporate,"Aug 2026, Reclass between AWS and Trace",Journal,,,,False,,
"2 - Chegg, Inc.",Aug 2026,8/15/2026,8/31/2026,USD,62110 Technology Expenses : Software License/Renewal/Support - Electronically Delivered,"TRACE3, LLC","17,647",USD,190 - IT Operations,00 - Corporate,"[INV1834146 @Expense Line 1] JUL26-JUL27, Terraform renewal Jul 31 2023 to Jul 30 2027 (Amortization Destination)",Journal,,,,False,,
"2 - Chegg, Inc.",Aug 2026,8/15/2026,8/31/2026,USD,62110 Technology Expenses : Software License/Renewal/Support - Electronically Delivered,"UIPATH, INC.","4,429",USD,326 - Enterprise Systems & Applications,00 - Corporate,"[UIPUS25851 @Expense Line 1] SEP23, Software, 09/29/23-09/28/26 (Amortization Destination)",Journal,,,,False,,
"2 - Chegg, Inc.",Aug 2026,8/15/2026,8/31/2026,USD,62110 Technology Expenses : Software License/Renewal/Support - Electronically Delivered,VERTEX INC.,"21,329",USD,326 - Enterprise Systems & Applications,00 - Corporate,"[0145647 @Expense Line 1] NOV25, Vertex Tax Software Renewal (2025-2026) (Amortization Destination)",Journal,,,,False,,
"2 - Chegg, Inc.",Aug 2026,8/15/2026,8/31/2026,USD,62110 Technology Expenses : Software License/Renewal/Support - Electronically Delivered,Vendor,"-34,806",USD,190 - IT Operations,00 - Corporate,Aug26 - Cross Charge to Busuu - FTE Software Allocation,Journal,,,,False,,
"2 - Chegg, Inc.",Aug 2026,8/15/2026,8/31/2026,USD,62110 Technology Expenses : Software License/Renewal/Support - Electronically Delivered,Vendor,28,USD,150 - Engineering Services,00 - Corporate,"Agius, Ghislaine CC - Anthropic, Pbc",Journal,,,,False,,
"2 - Chegg, Inc.",Aug 2026,8/15/2026,8/31/2026,USD,62110 Technology Expenses : Software License/Renewal/Support - Electronically Delivered,Vendor,"1,099",USD,190 - IT Operations,00 - Corporate,"Lam, Stephanie CC - Files.Com",Journal,,,,False,,
"2 - Chegg, Inc.",Aug 2026,8/15/2026,8/31/2026,USD,62110 Technology Expenses : Software License/Renewal/Support - Electronically Delivered,Vendor,"1,800",USD,150 - Engineering Services,00 - Corporate,"Agius, Ghislaine CC - Anthropic, Pbc",Journal,,,,False,,
"2 - Chegg, Inc.",Aug 2026,8/15/2026,8/31/2026,USD,62110 Technology Expenses : Software License/Renewal/Support - Electronically Delivered,WORKDAY INC.,"65,992",USD,341 - HR Operations,00 - Corporate,"[WD-422480 @Expense Line 1] JAN26, Services from January 31, 2026 through January 30, 2029 (01/31/26 to 01/30/27) (Amortization Destination)",Journal,,,,False,,
"2 - Chegg, Inc.",Aug 2026,8/15/2026,8/31/2026,USD,62110 Technology Expenses : Software License/Renewal/Support - Electronically Delivered,Woolf Inc.,"2,527",USD,225 - Partnerships,50 - Skills,"[2005 @Expense Line 2] JUL26-SEP26, Prepaid Active Seats  (1-JUL-2026 TO 30-SEP-2026) (Amortization Destination)",Journal,,,,False,,
"2 - Chegg, Inc.",Aug 2026,8/15/2026,8/31/2026,USD,62110 Technology Expenses : Software License/Renewal/Support - Electronically Delivered,Woolf Inc.,"8,424",USD,225 - Partnerships,50 - Skills,"[2005 @Expense Line 1] JUL26-SEP26, Woolf hosting & delivery fee (1-JUL-2026 TO 30-SEP-2026) (Amortization Destination)",Journal,,,,False,,
"2 - Chegg, Inc.",Aug 2026,8/15/2026,8/31/2026,USD,62110 Technology Expenses : Software License/Renewal/Support - Electronically Delivered,XYLEME INC.,"2,123",USD,522 - Content Delivery,50 - Skills,"[INV106709 @Expense Line 2] DEC25, Xyleme Implementation Fees XYLEME-ONBOARDING (12/12/2025 - 12/11/2026) (Amortization Destination)",Journal,,,,False,,
"2 - Chegg, Inc.",Aug 2026,8/15/2026,8/31/2026,USD,62110 Technology Expenses : Software License/Renewal/Support - Electronically Delivered,XYLEME INC.,"9,937",USD,522 - Content Delivery,50 - Skills,"[INV106709 @Expense Line 1] DEC25, Xyleme Annual Subscription (12/12/2025 - 12/11/2026) (Amortization Destination)",Journal,,,,False,,
"2 - Chegg, Inc.",Aug 2026,8/15/2026,8/31/2026,USD,62110 Technology Expenses : Software License/Renewal/Support - Electronically Delivered,ZENDESK INC.,"16,789",USD,580 - Support Operations,50 - Skills,"[INV13634612 @Expense Line 1] APR26-APR27, Zendesk (30th-Apr-2026 to 29th-Apr20-27) (Amortization Destination)",Journal,,,,False,,
"2 - Chegg, Inc.",Aug 2026,8/15/2026,8/31/2026,USD,62110 Technology Expenses : Software License/Renewal/Support - Electronically Delivered,ZOOM COMMUNICATIONS INC.,"3,758",USD,190 - IT Operations,00 - Corporate,"Invoice INV367816547 - Aug-Sep26, Zoom Renewal (28-Aug-2026 to 27-Sep-2026)",Journal,10687,,,False,9/1/2026,
"2 - Chegg, Inc.",Aug 2026,8/15/2026,8/31/2026,USD,62110 Technology Expenses : Software License/Renewal/Support - Electronically Delivered,ZUORA INC.,"59,344",USD,326 - Enterprise Systems & Applications,00 - Corporate,"[ZINV00042801 @Expense Line 1] JUL25, Zuora Revpro Renewal (07/15/2025 - 07/15/28) (Amortization Destination)",Journal,,,,False,,
"2 - Chegg, Inc.",Aug 2026,8/15/2026,8/31/2026,USD,62110 Technology Expenses : Software License/Renewal/Support - Electronically Delivered,"ZYLO, INC.","-6,969",USD,190 - IT Operations,00 - Corporate,"[95558 @Line 0] Reclass - ZYLO, INC. Bill: 2401 (Amortization Destination)",Journal,,,,False,,
"2 - Chegg, Inc.",Aug 2026,8/15/2026,8/31/2026,USD,62110 Technology Expenses : Software License/Renewal/Support - Electronically Delivered,"ZYLO, INC.","6,969",USD,190 - IT Operations,00 - Corporate,"[2401 @Expense Line 1] OCT25, Zylo Renewal Oct 1, 2025 to Sep 30, 2026 (Amortization Destination)",Journal,,,,False,,
"2 - Chegg, Inc.",Aug 2026,8/15/2026,8/31/2026,USD,62140 Technology Expenses : Testing Expenses,Vendor,"1,200",USD,366 - Business Operations Management,50 - Skills,Barry Finder,Journal,,,,False,9/1/2026,
"2 - Chegg, Inc.",Aug 2026,8/15/2026,8/31/2026,USD,63110 Facility Expenses : Office Telephone,AT&T,299,USD,350 - Workplace Services,00 - Corporate,"Invoice 287016022733X08092026 - AUG26, ACCOUNT 287016022733",Journal,,,,False,9/1/2026,
"2 - Chegg, Inc.",Aug 2026,8/15/2026,8/31/2026,USD,63140 Facility Expenses : Utilities,CITY OF SANTA CLARA MUNICIPAL UTILITIES,"1,602",USD,350 - Workplace Services,00 - Corporate,"Invoice 0006142703AUG26 - Aug26, SILICON VALLEY POWER",Journal,,,,False,9/1/2026,
"2 - Chegg, Inc.",Aug 2026,8/15/2026,8/31/2026,USD,63230 Facility Expenses : Corporate Insurance,"GALLAGHER BROKERAGE & INSURANCE SOLUTIONS, INC.","-361,799",USD,350 - Workplace Services,00 - Corporate,[98308 @Line 14] Prepaids Reclass from Dept 350 to 321 (Amortization Destination),Journal,,,,False,,
"2 - Chegg, Inc.",Aug 2026,8/15/2026,8/31/2026,USD,63230 Facility Expenses : Corporate Insurance,"GALLAGHER BROKERAGE & INSURANCE SOLUTIONS, INC.",100,USD,350 - Workplace Services,00 - Corporate,"[596174 @Expense Line 1] DEC25, (01-DEC-25 to 01-DEC-26) J. B. Boda & Company Pvt. Ltd. 25)FEECAD&OLBF Fee - Brokerage (Amortization Destination)",Journal,,,,False,,
"2 - Chegg, Inc.",Aug 2026,8/15/2026,8/31/2026,USD,63230 Facility Expenses : Corporate Insurance,"GALLAGHER BROKERAGE & INSURANCE SOLUTIONS, INC.",126,USD,350 - Workplace Services,00 - Corporate,"[595397 @Expense Line 1] DEC25, (01-DEC-25 to 01-DEC-28) Federal Insurance Company J06106225 Special Contingency (Amortization Destination)",Journal,,,,False,,
"2 - Chegg, Inc.",Aug 2026,8/15/2026,8/31/2026,USD,63230 Facility Expenses : Corporate Insurance,"GALLAGHER BROKERAGE & INSURANCE SOLUTIONS, INC.",474,USD,350 - Workplace Services,00 - Corporate,"[599587 @Expense Line 1] DEC25, Endurance Worldwide Insurance Limited UNITEDKINGDOM-62FI285392 D&O Foreign Placement - Public ( 12/1/2025- 12/1/2026) (Amortization Destination)",Journal,,,,False,,
"2 - Chegg, Inc.",Aug 2026,8/15/2026,8/31/2026,USD,63230 Facility Expenses : Corporate Insurance,"GALLAGHER BROKERAGE & INSURANCE SOLUTIONS, INC.",825,USD,350 - Workplace Services,00 - Corporate,"[599692 @Expense Line 1] JAN26,(01-JAN-26 to 01-JAN-2027) Tri-State Insurance Company of Minnesota TWC701006419 Workers Comp (Amortization Destination)",Journal,,,,False,,
"2 - Chegg, Inc.",Aug 2026,8/15/2026,8/31/2026,USD,63230 Facility Expenses : Corporate Insurance,"GALLAGHER BROKERAGE & INSURANCE SOLUTIONS, INC.",962,USD,350 - Workplace Services,00 - Corporate,"[599596 @Expense Line 1] DEC25,SI Insurance (Europe), SA GERMANY/SPAIN-35FI28540 D&O Foreign Placement - Public (12/1/2025-  12/1/2026) (Amortization Destination)",Journal,,,,False,,
"2 - Chegg, Inc.",Aug 2026,8/15/2026,8/31/2026,USD,63230 Facility Expenses : Corporate Insurance,"GALLAGHER BROKERAGE & INSURANCE SOLUTIONS, INC.","1,298",USD,350 - Workplace Services,00 - Corporate,"[595398 @Expense Line 1] DEC25, (01-DEC-25 to 01-DEC-26) AIG Specialty Insurance Company 021454159 (Amortization Destination)",Journal,,,,False,,
"2 - Chegg, Inc.",Aug 2026,8/15/2026,8/31/2026,USD,63230 Facility Expenses : Corporate Insurance,"GALLAGHER BROKERAGE & INSURANCE SOLUTIONS, INC.","1,398",USD,350 - Workplace Services,00 - Corporate,"[595395 @Expense Line 1] DEC25, (01-DEC-25 to 01-DEC-26) Endurance Risk Solutions Assurance Co. FLX30012885904 Fiduciary Liability - Excess (Amortization Destination)",Journal,,,,False,,
"2 - Chegg, Inc.",Aug 2026,8/15/2026,8/31/2026,USD,63230 Facility Expenses : Corporate Insurance,"GALLAGHER BROKERAGE & INSURANCE SOLUTIONS, INC.","2,033",USD,350 - Workplace Services,00 - Corporate,"[595394 @Expense Line 1] DEC25, (01-DEC-2025 to 01-DEC-2026) Old Republic Insurance Company ORPRO2410002193 Fiduciary Liability (Amortization Destination)",Journal,,,,False,,
"2 - Chegg, Inc.",Aug 2026,8/15/2026,8/31/2026,USD,63230 Facility Expenses : Corporate Insurance,"GALLAGHER BROKERAGE & INSURANCE SOLUTIONS, INC.","2,453",USD,350 - Workplace Services,00 - Corporate,"[595396 @Expense Line 1] DEC25, (01-DEC-25 to 01-DEC-26) BCCR4500374526 Crime (Amortization Destination)",Journal,,,,False,,
"2 - Chegg, Inc.",Aug 2026,8/15/2026,8/31/2026,USD,63230 Facility Expenses : Corporate Insurance,"GALLAGHER BROKERAGE & INSURANCE SOLUTIONS, INC.","4,032",USD,350 - Workplace Services,00 - Corporate,"[595391 @Expense Line 1] DEC25, (01-DEC-2025 to 01-DEC-2026) Endurance Risk Solutions Assurance Co. ADX30002145204 Directors & Officers Excess Side A DIC - Public (Amortization Destination)",Journal,,,,False,,
"2 - Chegg, Inc.",Aug 2026,8/15/2026,8/31/2026,USD,63230 Facility Expenses : Corporate Insurance,"GALLAGHER BROKERAGE & INSURANCE SOLUTIONS, INC.","4,104",USD,350 - Workplace Services,00 - Corporate,"[595390 @Expense Line 1] DEC25, (01-DEC-2025 to 01-DEC-2026) Berkley Insurance Company BPRO8133415 Directors & Officers Excess Side A DIC - Public (Amortization Destination)",Journal,,,,False,,
"2 - Chegg, Inc.",Aug 2026,8/15/2026,8/31/2026,USD,63230 Facility Expenses : Corporate Insurance,"GALLAGHER BROKERAGE & INSURANCE SOLUTIONS, INC.","4,466",USD,350 - Workplace Services,00 - Corporate,"[595389 @Expense Line 1] DEC25, (01-DEC-2025 to 01-DEC-2026) National Union Fire Ins Co Pittsburgh, PA 018174770  Directors & Officers Excess Side A DIC - Public (Amortization Destination)",Journal,,,,False,,
"2 - Chegg, Inc.",Aug 2026,8/15/2026,8/31/2026,USD,63230 Facility Expenses : Corporate Insurance,"GALLAGHER BROKERAGE & INSURANCE SOLUTIONS, INC.","4,680",USD,350 - Workplace Services,00 - Corporate,"[595388 @Expense Line 1] DEC25, (01-DEC-2025 to 01-DEC-2026) Old Republic Insurance Company ORPRO2210002272 Directors & Officers Excess Side A DIC - Public (Amortization Destination)",Journal,,,,False,,
"2 - Chegg, Inc.",Aug 2026,8/15/2026,8/31/2026,USD,63230 Facility Expenses : Corporate Insurance,"GALLAGHER BROKERAGE & INSURANCE SOLUTIONS, INC.","5,184",USD,350 - Workplace Services,00 - Corporate,"[595379 @Expense Line 1] DEC25, (01-DEC-2025 to 01-DEC-2026) XL Specialty Insurance Company ELU20797625 XL Specialty Insurance Company (Amortization Destination)",Journal,,,,False,,
"2 - Chegg, Inc.",Aug 2026,8/15/2026,8/31/2026,USD,63230 Facility Expenses : Corporate Insurance,"GALLAGHER BROKERAGE & INSURANCE SOLUTIONS, INC.","5,706",USD,350 - Workplace Services,00 - Corporate,"[599691 @Expense Line 1] JAN26, (01-JAN-26 to 01-JAN-2027) Berkley Regional Insurance Company TCP701006319 Package - Commercial (Amortization Destination)",Journal,,,,False,,
"2 - Chegg, Inc.",Aug 2026,8/15/2026,8/31/2026,USD,63230 Facility Expenses : Corporate Insurance,"GALLAGHER BROKERAGE & INSURANCE SOLUTIONS, INC.","5,760",USD,350 - Workplace Services,00 - Corporate,"[596199 @Expense Line 1] DEC25, (01-DEC-25 to 01-DEC-26) Vantage Risk Assurance Company P04ML0000047402 (Amortization Destination)",Journal,,,,False,,
"2 - Chegg, Inc.",Aug 2026,8/15/2026,8/31/2026,USD,63230 Facility Expenses : Corporate Insurance,"GALLAGHER BROKERAGE & INSURANCE SOLUTIONS, INC.","6,375",USD,350 - Workplace Services,00 - Corporate,"[595365 @Expense Line 1] DEC25, (01-DEC-2025 to 01-DEC-2026) Berkshire Hathaway Specialty Insurance 47EPC3384320 Directors & Officers Excess Side A DIC - Public2 (Amortization Destination)",Journal,,,,False,,
"2 - Chegg, Inc.",Aug 2026,8/15/2026,8/31/2026,USD,63230 Facility Expenses : Corporate Insurance,"GALLAGHER BROKERAGE & INSURANCE SOLUTIONS, INC.","6,751",USD,350 - Workplace Services,00 - Corporate,"[595392 @Expense Line 1] DEC25, (01-DEC-2025 to 01-DEC-2026)Endurance Assurance Corporation MAP30048634402 Employment Practices Liability (Amortization Destination)",Journal,,,,False,,
"2 - Chegg, Inc.",Aug 2026,8/15/2026,8/31/2026,USD,63230 Facility Expenses : Corporate Insurance,"GALLAGHER BROKERAGE & INSURANCE SOLUTIONS, INC.","7,199",USD,350 - Workplace Services,00 - Corporate,"[595361 @Expense Line 1] DEC25, (01-DEC-2025 to 01- DEC-2025) Westfield National Insurance Company  XSA376248N02 Directors & Officers Excess Side A DIC - Public (Amortization Destination)",Journal,,,,False,,
"2 - Chegg, Inc.",Aug 2026,8/15/2026,8/31/2026,USD,63230 Facility Expenses : Corporate Insurance,"GALLAGHER BROKERAGE & INSURANCE SOLUTIONS, INC.","8,367",USD,350 - Workplace Services,00 - Corporate,"[596219 @Expense Line 1] DEC25, (01-DEC-25 to 01-DEC-26) Lloyd's of London B1262FI2837325 Directors & Officers Side A DIC - Public (Amortization Destination)",Journal,,,,False,,
"2 - Chegg, Inc.",Aug 2026,8/15/2026,8/31/2026,USD,63230 Facility Expenses : Corporate Insurance,"GALLAGHER BROKERAGE & INSURANCE SOLUTIONS, INC.","13,298",USD,350 - Workplace Services,00 - Corporate,"[595334 @Expense Line 1] DEC25, (01-DEC-2025 to 01-DEC-2025) Old Republic Insurance Company ORPRO2210002265  Directors & Officers Excess - Public (Amortization Destination)",Journal,,,,False,,
"2 - Chegg, Inc.",Aug 2026,8/15/2026,8/31/2026,USD,63230 Facility Expenses : Corporate Insurance,"GALLAGHER BROKERAGE & INSURANCE SOLUTIONS, INC.","13,298",USD,350 - Workplace Services,00 - Corporate,"[595346 @Expense Line 1] DEC25, (01-DEC-2025 to 01-DEC-2025) Hudson Insurance Company HN03036931120125 Directors & Officers Excess - Public (Amortization Destination)",Journal,,,,False,,
"2 - Chegg, Inc.",Aug 2026,8/15/2026,8/31/2026,USD,63230 Facility Expenses : Corporate Insurance,"GALLAGHER BROKERAGE & INSURANCE SOLUTIONS, INC.","18,634",USD,350 - Workplace Services,00 - Corporate,"[595331 @Expense Line 1] DEC25, (01-DEC-2025 to 01-DEC-2026) Starr Indemnity & Liability Company 1000620591251 Directors & Officers Excess - Public (Amortization Destination)",Journal,,,,False,,
"2 - Chegg, Inc.",Aug 2026,8/15/2026,8/31/2026,USD,63230 Facility Expenses : Corporate Insurance,"GALLAGHER BROKERAGE & INSURANCE SOLUTIONS, INC.","20,367",USD,350 - Workplace Services,00 - Corporate,"[600919 @Expense Line 1] JAN26, (01-JAN-26 to 01-JAN-2027) Indian Harbor Insurance Company MTE904597003 (Amortization Destination)",Journal,,,,False,,
"2 - Chegg, Inc.",Aug 2026,8/15/2026,8/31/2026,USD,63230 Facility Expenses : Corporate Insurance,"GALLAGHER BROKERAGE & INSURANCE SOLUTIONS, INC.","22,276",USD,350 - Workplace Services,00 - Corporate,"[595313 @Expense Line 1] DEC25, (01-DEC-2025 to 01-DEC-2026) National Union Fire Ins Co Pittsburgh, PA 018171436  Directors & Officers Excess - Public (Amortization Destination)",Journal,,,,False,,
"2 - Chegg, Inc.",Aug 2026,8/15/2026,8/31/2026,USD,63230 Facility Expenses : Corporate Insurance,"GALLAGHER BROKERAGE & INSURANCE SOLUTIONS, INC.","27,403",USD,350 - Workplace Services,00 - Corporate,"[600917 @Expense Line 1] JAN26, (01-JAN-26 to 01-JAN-2027) Columbia Casualty Company 768764665 (Amortization Destination)",Journal,,,,False,,
"2 - Chegg, Inc.",Aug 2026,8/15/2026,8/31/2026,USD,63230 Facility Expenses : Corporate Insurance,"GALLAGHER BROKERAGE & INSURANCE SOLUTIONS, INC.","27,966",USD,350 - Workplace Services,00 - Corporate,"[595310 @Expense Line 1] DEC25, (01-DEC-2025 to 01-DEC-2026) Lloyd's of London B1262FI2837225 Directors & Officers Excess - Public (Amortization Destination)",Journal,,,,False,,
"2 - Chegg, Inc.",Aug 2026,8/15/2026,8/31/2026,USD,63230 Facility Expenses : Corporate Insurance,"GALLAGHER BROKERAGE & INSURANCE SOLUTIONS, INC.","31,424",USD,350 - Workplace Services,00 - Corporate,"[595293 @Expense Line 1] DEC25, ( 01-DEC-2025 to 01-DEC-2026) Berkley Insurance Company BPRO8133416 Directors & Officers Excess - Public 25-26 D&O 1st Excess $5M x $5M (Berkley) (Amortization Destination)",Journal,,,,False,,
"2 - Chegg, Inc.",Aug 2026,8/15/2026,8/31/2026,USD,63230 Facility Expenses : Corporate Insurance,"GALLAGHER BROKERAGE & INSURANCE SOLUTIONS, INC.","35,227",USD,350 - Workplace Services,00 - Corporate,"[595278 @Expense Line 1] DEC25, Endurance Assurance Corporation MAP30002133604 Directors & Officers - Public 25-26 D&O .Primary $5M (Sompo) (Amortization Destination)",Journal,,,,False,,
"2 - Chegg, Inc.",Aug 2026,8/15/2026,8/31/2026,USD,63230 Facility Expenses : Corporate Insurance,"GALLAGHER BROKERAGE & INSURANCE SOLUTIONS, INC.","35,918",USD,350 - Workplace Services,00 - Corporate,"[600916 @Expense Line 1] JAN26, (01-JAN-26 to 01-JAN-2027) Houston Casualty Company (Amortization Destination)",Journal,,,,False,,
"2 - Chegg, Inc.",Aug 2026,8/15/2026,8/31/2026,USD,63230 Facility Expenses : Corporate Insurance,"GALLAGHER BROKERAGE & INSURANCE SOLUTIONS, INC.","43,696",USD,350 - Workplace Services,00 - Corporate,"[600913 @Expense Line 1] JAN26, (01-JAN-26 to 01-JAN-27) QBE Specialty Insurance Company (Amortization Destination)",Journal,,,,False,,
"2 - Chegg, Inc.",Aug 2026,8/15/2026,8/31/2026,USD,63230 Facility Expenses : Corporate Insurance,"GALLAGHER BROKERAGE & INSURANCE SOLUTIONS, INC.","361,799",USD,321 - Accounting,00 - Corporate,[98308 @Line 15] Prepaids Reclass from Dept 350 to 321 (Amortization Destination),Journal,,,,False,,
"2 - Chegg, Inc.",Aug 2026,8/15/2026,8/31/2026,USD,64100 Travel & Entertainment : Airfare,Vendor,-616,USD,360 - General Management,50 - Skills,"Card, Chegg CC - Delta Air Lines",Journal,,,,False,,
"2 - Chegg, Inc.",Aug 2026,8/15/2026,8/31/2026,USD,64100 Travel & Entertainment : Airfare,Vendor,-284,USD,360 - General Management,50 - Skills,"Card, Chegg CC - Southwest Airlines",Journal,,,,False,,
"2 - Chegg, Inc.",Aug 2026,8/15/2026,8/31/2026,USD,64100 Travel & Entertainment : Airfare,Vendor,-219,USD,360 - General Management,50 - Skills,"Card, Chegg CC - United Airlines Arc",Journal,,,,False,,
"2 - Chegg, Inc.",Aug 2026,8/15/2026,8/31/2026,USD,64100 Travel & Entertainment : Airfare,Vendor,-76,USD,360 - General Management,46 - Content Services,"Card, Chegg CC - United Airlines",Journal,,,,False,,
"2 - Chegg, Inc.",Aug 2026,8/15/2026,8/31/2026,USD,64100 Travel & Entertainment : Airfare,Vendor,25,USD,350 - Workplace Services,00 - Corporate,"Card, Chegg CC - Navan, Inc",Journal,,,,False,,
"2 - Chegg, Inc.",Aug 2026,8/15/2026,8/31/2026,USD,64100 Travel & Entertainment : Airfare,Vendor,25,USD,350 - Workplace Services,00 - Corporate,"Card, Chegg CC - Navan, Inc",Journal,,,,False,,
"2 - Chegg, Inc.",Aug 2026,8/15/2026,8/31/2026,USD,64100 Travel & Entertainment : Airfare,Vendor,25,USD,350 - Workplace Services,00 - Corporate,"Card, Chegg CC - Navan, Inc",Journal,,,,False,,
"2 - Chegg, Inc.",Aug 2026,8/15/2026,8/31/2026,USD,64100 Travel & Entertainment : Airfare,Vendor,25,USD,350 - Workplace Services,00 - Corporate,"Card, Chegg CC - Navan, Inc",Journal,,,,False,,
"2 - Chegg, Inc.",Aug 2026,8/15/2026,8/31/2026,USD,64100 Travel & Entertainment : Airfare,Vendor,25,USD,350 - Workplace Services,00 - Corporate,"Card, Chegg CC - Navan, Inc",Journal,,,,False,,
"2 - Chegg, Inc.",Aug 2026,8/15/2026,8/31/2026,USD,64100 Travel & Entertainment : Airfare,Vendor,25,USD,350 - Workplace Services,00 - Corporate,"Card, Chegg CC - Navan, Inc",Journal,,,,False,,
"2 - Chegg, Inc.",Aug 2026,8/15/2026,8/31/2026,USD,64100 Travel & Entertainment : Airfare,Vendor,25,USD,350 - Workplace Services,00 - Corporate,"Card, Chegg CC - Navan, Inc",Journal,,,,False,,
"2 - Chegg, Inc.",Aug 2026,8/15/2026,8/31/2026,USD,64100 Travel & Entertainment : Airfare,Vendor,25,USD,350 - Workplace Services,00 - Corporate,"Card, Chegg CC - Navan, Inc",Journal,,,,False,,
"2 - Chegg, Inc.",Aug 2026,8/15/2026,8/31/2026,USD,64100 Travel & Entertainment : Airfare,Vendor,32,USD,366 - Business Operations Management,50 - Skills,"Card, Chegg CC - American Airlines",Journal,,,,False,,
"2 - Chegg, Inc.",Aug 2026,8/15/2026,8/31/2026,USD,64100 Travel & Entertainment : Airfare,Vendor,129,USD,360 - General Management,50 - Skills,"Card, Chegg CC - American Airlines",Journal,,,,False,,
"2 - Chegg, Inc.",Aug 2026,8/15/2026,8/31/2026,USD,64100 Travel & Entertainment : Airfare,Vendor,199,USD,360 - General Management,50 - Skills,"Card, Chegg CC - Delta Air Lines",Journal,,,,False,,
"2 - Chegg, Inc.",Aug 2026,8/15/2026,8/31/2026,USD,64100 Travel & Entertainment : Airfare,Vendor,199,USD,366 - Business Operations Management,50 - Skills,Barry Finder,Journal,,,,False,,
"2 - Chegg, Inc.",Aug 2026,8/15/2026,8/31/2026,USD,64100 Travel & Entertainment : Airfare,Vendor,246,USD,360 - General Management,50 - Skills,"Card, Chegg CC - United Airlines Arc",Journal,,,,False,,
"2 - Chegg, Inc.",Aug 2026,8/15/2026,8/31/2026,USD,64100 Travel & Entertainment : Airfare,Vendor,305,USD,360 - General Management,50 - Skills,"Card, Chegg CC - American Airlines",Journal,,,,False,,
"2 - Chegg, Inc.",Aug 2026,8/15/2026,8/31/2026,USD,64100 Travel & Entertainment : Airfare,Vendor,390,USD,360 - General Management,50 - Skills,"Card, Chegg CC - American Airlines",Journal,,,,False,,
"2 - Chegg, Inc.",Aug 2026,8/15/2026,8/31/2026,USD,64100 Travel & Entertainment : Airfare,Vendor,401,USD,360 - General Management,50 - Skills,"Card, Chegg CC - Southwest Airlines",Journal,,,,False,,
"2 - Chegg, Inc.",Aug 2026,8/15/2026,8/31/2026,USD,64100 Travel & Entertainment : Airfare,Vendor,473,USD,360 - General Management,50 - Skills,"Card, Chegg CC - American Airlines",Journal,,,,False,,
"2 - Chegg, Inc.",Aug 2026,8/15/2026,8/31/2026,USD,64100 Travel & Entertainment : Airfare,Vendor,531,USD,102 - Product - Engagement,50 - Skills,"Card, Chegg CC - United Airlines Arc",Journal,,,,False,,
"2 - Chegg, Inc.",Aug 2026,8/15/2026,8/31/2026,USD,64100 Travel & Entertainment : Airfare,Vendor,589,USD,360 - General Management,50 - Skills,"Card, Chegg CC - American Airlines",Journal,,,,False,,
"2 - Chegg, Inc.",Aug 2026,8/15/2026,8/31/2026,USD,64100 Travel & Entertainment : Airfare,Vendor,702,USD,204 - Performance Marketing,50 - Skills,"Card, Chegg CC - American Airlines",Journal,,,,False,,
"2 - Chegg, Inc.",Aug 2026,8/15/2026,8/31/2026,USD,64100 Travel & Entertainment : Airfare,Vendor,942,USD,105 - Product Marketing Management,50 - Skills,Jenna Abdolmohammadi,Journal,,,,False,,
"2 - Chegg, Inc.",Aug 2026,8/15/2026,8/31/2026,USD,64100 Travel & Entertainment : Airfare,Vendor,"1,001",USD,360 - General Management,50 - Skills,"Card, Chegg CC - American Airlines",Journal,,,,False,,
"2 - Chegg, Inc.",Aug 2026,8/15/2026,8/31/2026,USD,64100 Travel & Entertainment : Airfare,Vendor,"1,018",USD,225 - Partnerships,50 - Skills,Shane Clem,Journal,,,,False,,
"2 - Chegg, Inc.",Aug 2026,8/15/2026,8/31/2026,USD,64100 Travel & Entertainment : Airfare,Vendor,"1,027",USD,170 - Engineering Management,20 - Learning Services,Rahul Desai,Journal,,,,False,,
"2 - Chegg, Inc.",Aug 2026,8/15/2026,8/31/2026,USD,64100 Travel & Entertainment : Airfare,Vendor,"1,072",USD,331 - Legal,00 - Corporate,"Card, Chegg CC - Alaska Airlines",Journal,,,,False,,
"2 - Chegg, Inc.",Aug 2026,8/15/2026,8/31/2026,USD,64100 Travel & Entertainment : Airfare,Vendor,"1,122",USD,331 - Legal,00 - Corporate,"Card, Chegg CC - Alaska Airlines",Journal,,,,False,,
"2 - Chegg, Inc.",Aug 2026,8/15/2026,8/31/2026,USD,64100 Travel & Entertainment : Airfare,Vendor,"1,424",USD,200 - Marketing Operations,50 - Skills,Lauren Mackie,Journal,,,,False,,
"2 - Chegg, Inc.",Aug 2026,8/15/2026,8/31/2026,USD,64100 Travel & Entertainment : Airfare,Vendor,"1,457",USD,301 - CEO,00 - Corporate,"Longo, David CC - United Airlines",Journal,,,,False,,
"2 - Chegg, Inc.",Aug 2026,8/15/2026,8/31/2026,USD,64100 Travel & Entertainment : Airfare,Vendor,"2,719",USD,301 - CEO,00 - Corporate,Chuck Geiger,Journal,,,,False,,
"2 - Chegg, Inc.",Aug 2026,8/15/2026,8/31/2026,USD,64100 Travel & Entertainment : Airfare,Vendor,"3,004",USD,360 - General Management,46 - Content Services,"Card, Chegg CC - All Nippon Airways Co Ltd",Journal,,,,False,,
"2 - Chegg, Inc.",Aug 2026,8/15/2026,8/31/2026,USD,64100 Travel & Entertainment : Airfare,Vendor,"4,465",USD,324 - Investor Relations,00 - Corporate,Tracey Ford,Journal,,,,False,,
"2 - Chegg, Inc.",Aug 2026,8/15/2026,8/31/2026,USD,64100 Travel & Entertainment : Airfare,Vendor,"6,724",USD,360 - General Management,46 - Content Services,"Card, Chegg CC - United Airlines Ndc",Journal,,,,False,,
"2 - Chegg, Inc.",Aug 2026,8/15/2026,8/31/2026,USD,64100 Travel & Entertainment : Airfare,Vendor,"8,701",USD,102 - Product - Engagement,50 - Skills,"Card, Chegg CC - United Airlines Arc",Journal,,,,False,,
"2 - Chegg, Inc.",Aug 2026,8/15/2026,8/31/2026,USD,64100 Travel & Entertainment : Airfare,Vendor,"9,248",USD,322 - Internal Audit,00 - Corporate,Dean White,Journal,,,,False,,
"2 - Chegg, Inc.",Aug 2026,8/15/2026,8/31/2026,USD,64100 Travel & Entertainment : Airfare,Vendor,"10,141",USD,301 - CEO,00 - Corporate,Dan Rosensweig,Journal,,,,False,,
"2 - Chegg, Inc.",Aug 2026,8/15/2026,8/31/2026,USD,64110 Travel & Entertainment : Car/Taxi,Vendor,133,USD,170 - Engineering Management,20 - Learning Services,Lonnie Benavides,Journal,,,,False,,
"2 - Chegg, Inc.",Aug 2026,8/15/2026,8/31/2026,USD,64110 Travel & Entertainment : Car/Taxi,Vendor,142,USD,102 - Product - Engagement,50 - Skills,Alex Gonzalez,Journal,,,,False,,
"2 - Chegg, Inc.",Aug 2026,8/15/2026,8/31/2026,USD,64110 Travel & Entertainment : Car/Taxi,Vendor,145,USD,366 - Business Operations Management,50 - Skills,Matthew Dinh,Journal,,,,False,,
"2 - Chegg, Inc.",Aug 2026,8/15/2026,8/31/2026,USD,64110 Travel & Entertainment : Car/Taxi,Vendor,164,USD,200 - Marketing Operations,50 - Skills,Lauren Mackie,Journal,,,,False,,
"2 - Chegg, Inc.",Aug 2026,8/15/2026,8/31/2026,USD,64110 Travel & Entertainment : Car/Taxi,Vendor,168,USD,360 - General Management,20 - Learning Services,P.J. Tanzillo,Journal,,,,False,,
"2 - Chegg, Inc.",Aug 2026,8/15/2026,8/31/2026,USD,64110 Travel & Entertainment : Car/Taxi,Vendor,195,USD,225 - Partnerships,50 - Skills,Shane Clem,Journal,,,,False,,
"2 - Chegg, Inc.",Aug 2026,8/15/2026,8/31/2026,USD,64110 Travel & Entertainment : Car/Taxi,Vendor,226,USD,102 - Product - Engagement,50 - Skills,Meagan Hedels,Journal,,,,False,,
"2 - Chegg, Inc.",Aug 2026,8/15/2026,8/31/2026,USD,64110 Travel & Entertainment : Car/Taxi,Vendor,250,USD,380 - Content Operations,50 - Skills,Catalina Baker,Journal,,,,False,,
"2 - Chegg, Inc.",Aug 2026,8/15/2026,8/31/2026,USD,64110 Travel & Entertainment : Car/Taxi,Vendor,251,USD,331 - Legal,00 - Corporate,Brad Haque,Journal,,,,False,,
"2 - Chegg, Inc.",Aug 2026,8/15/2026,8/31/2026,USD,64110 Travel & Entertainment : Car/Taxi,Vendor,315,USD,366 - Business Operations Management,50 - Skills,Barry Finder,Journal,,,,False,,
"2 - Chegg, Inc.",Aug 2026,8/15/2026,8/31/2026,USD,64110 Travel & Entertainment : Car/Taxi,Vendor,447,USD,324 - Investor Relations,00 - Corporate,Tracey Ford,Journal,,,,False,,
"2 - Chegg, Inc.",Aug 2026,8/15/2026,8/31/2026,USD,64110 Travel & Entertainment : Car/Taxi,Vendor,455,USD,301 - CEO,00 - Corporate,David Longo,Journal,,,,False,,
"2 - Chegg, Inc.",Aug 2026,8/15/2026,8/31/2026,USD,64110 Travel & Entertainment : Car/Taxi,Vendor,465,USD,105 - Product Marketing Management,50 - Skills,Jenna Abdolmohammadi,Journal,,,,False,,
"2 - Chegg, Inc.",Aug 2026,8/15/2026,8/31/2026,USD,64110 Travel & Entertainment : Car/Taxi,Vendor,486,USD,170 - Engineering Management,20 - Learning Services,Rahul Desai,Journal,,,,False,,
"2 - Chegg, Inc.",Aug 2026,8/15/2026,8/31/2026,USD,64110 Travel & Entertainment : Car/Taxi,Vendor,492,USD,301 - CEO,00 - Corporate,Heather Hatlo Porter,Journal,,,,False,,
"2 - Chegg, Inc.",Aug 2026,8/15/2026,8/31/2026,USD,64110 Travel & Entertainment : Car/Taxi,Vendor,723,USD,102 - Product - Engagement,50 - Skills,Dolu Lanlehin,Journal,,,,False,,
"2 - Chegg, Inc.",Aug 2026,8/15/2026,8/31/2026,USD,64110 Travel & Entertainment : Car/Taxi,Vendor,750,USD,160 - Commerce Engineering,20 - Learning Services,Alexander Young,Journal,,,,False,9/1/2026,
"2 - Chegg, Inc.",Aug 2026,8/15/2026,8/31/2026,USD,64110 Travel & Entertainment : Car/Taxi,Vendor,892,USD,360 - General Management,46 - Content Services,Erik Manuevo,Journal,,,,False,,
"2 - Chegg, Inc.",Aug 2026,8/15/2026,8/31/2026,USD,64110 Travel & Entertainment : Car/Taxi,Vendor,"1,034",USD,301 - CEO,00 - Corporate,Chuck Geiger,Journal,,,,False,,
"2 - Chegg, Inc.",Aug 2026,8/15/2026,8/31/2026,USD,64110 Travel & Entertainment : Car/Taxi,Vendor,"1,167",USD,360 - General Management,50 - Skills,Colin Coggins,Journal,,,,False,,
"2 - Chegg, Inc.",Aug 2026,8/15/2026,8/31/2026,USD,64130 Travel & Entertainment : Personal Meals,Vendor,9,USD,225 - Partnerships,50 - Skills,Shane Clem,Journal,,,,False,,
"2 - Chegg, Inc.",Aug 2026,8/15/2026,8/31/2026,USD,64130 Travel & Entertainment : Personal Meals,Vendor,22,USD,324 - Investor Relations,00 - Corporate,Tracey Ford,Journal,,,,False,,
"2 - Chegg, Inc.",Aug 2026,8/15/2026,8/31/2026,USD,64130 Travel & Entertainment : Personal Meals,Vendor,28,USD,301 - CEO,00 - Corporate,Chuck Geiger,Journal,,,,False,,
"2 - Chegg, Inc.",Aug 2026,8/15/2026,8/31/2026,USD,64130 Travel & Entertainment : Personal Meals,Vendor,44,USD,321 - Accounting,00 - Corporate,Gigi Agius,Journal,,,,False,9/1/2026,
"2 - Chegg, Inc.",Aug 2026,8/15/2026,8/31/2026,USD,64130 Travel & Entertainment : Personal Meals,Vendor,49,USD,360 - General Management,46 - Content Services,Erik Manuevo,Journal,,,,False,,
"2 - Chegg, Inc.",Aug 2026,8/15/2026,8/31/2026,USD,64130 Travel & Entertainment : Personal Meals,Vendor,50,USD,366 - Business Operations Management,50 - Skills,Jessica Johnson,Journal,,,,False,,
"2 - Chegg, Inc.",Aug 2026,8/15/2026,8/31/2026,USD,64130 Travel & Entertainment : Personal Meals,Vendor,50,USD,521 - Academic Advising,50 - Skills,Jenna Valenzuela,Journal,,,,False,,
"2 - Chegg, Inc.",Aug 2026,8/15/2026,8/31/2026,USD,64130 Travel & Entertainment : Personal Meals,Vendor,50,USD,521 - Academic Advising,50 - Skills,Tara Booze,Journal,,,,False,,
"2 - Chegg, Inc.",Aug 2026,8/15/2026,8/31/2026,USD,64130 Travel & Entertainment : Personal Meals,Vendor,58,USD,380 - Content Operations,50 - Skills,Catalina Baker,Journal,,,,False,,
"2 - Chegg, Inc.",Aug 2026,8/15/2026,8/31/2026,USD,64130 Travel & Entertainment : Personal Meals,Vendor,69,USD,301 - CEO,00 - Corporate,Heather Hatlo Porter,Journal,,,,False,,
"2 - Chegg, Inc.",Aug 2026,8/15/2026,8/31/2026,USD,64130 Travel & Entertainment : Personal Meals,Vendor,69,USD,102 - Product - Engagement,50 - Skills,Meagan Hedels,Journal,,,,False,,
"2 - Chegg, Inc.",Aug 2026,8/15/2026,8/31/2026,USD,64130 Travel & Entertainment : Personal Meals,Vendor,79,USD,170 - Engineering Management,20 - Learning Services,Rahul Desai,Journal,,,,False,,
"2 - Chegg, Inc.",Aug 2026,8/15/2026,8/31/2026,USD,64130 Travel & Entertainment : Personal Meals,Vendor,88,USD,360 - General Management,50 - Skills,Colin Coggins,Journal,,,,False,,
"2 - Chegg, Inc.",Aug 2026,8/15/2026,8/31/2026,USD,64130 Travel & Entertainment : Personal Meals,Vendor,119,USD,102 - Product - Engagement,50 - Skills,Alex Gonzalez,Journal,,,,False,,
"2 - Chegg, Inc.",Aug 2026,8/15/2026,8/31/2026,USD,64130 Travel & Entertainment : Personal Meals,Vendor,127,USD,170 - Engineering Management,20 - Learning Services,Lonnie Benavides,Journal,,,,False,,
"2 - Chegg, Inc.",Aug 2026,8/15/2026,8/31/2026,USD,64130 Travel & Entertainment : Personal Meals,Vendor,143,USD,366 - Business Operations Management,50 - Skills,Matthew Dinh,Journal,,,,False,,
"2 - Chegg, Inc.",Aug 2026,8/15/2026,8/31/2026,USD,64130 Travel & Entertainment : Personal Meals,Vendor,190,USD,200 - Marketing Operations,50 - Skills,Lauren Mackie,Journal,,,,False,,
"2 - Chegg, Inc.",Aug 2026,8/15/2026,8/31/2026,USD,64130 Travel & Entertainment : Personal Meals,Vendor,239,USD,160 - Commerce Engineering,20 - Learning Services,Alexander Young,Journal,,,,False,9/1/2026,
"2 - Chegg, Inc.",Aug 2026,8/15/2026,8/31/2026,USD,64130 Travel & Entertainment : Personal Meals,Vendor,268,USD,102 - Product - Engagement,50 - Skills,Dolu Lanlehin,Journal,,,,False,,
"2 - Chegg, Inc.",Aug 2026,8/15/2026,8/31/2026,USD,64130 Travel & Entertainment : Personal Meals,Vendor,320,USD,105 - Product Marketing Management,50 - Skills,Jenna Abdolmohammadi,Journal,,,,False,,
"2 - Chegg, Inc.",Aug 2026,8/15/2026,8/31/2026,USD,64140 Travel & Entertainment : Entertainment,Vendor,234,USD,360 - General Management,46 - Content Services,Erik Manuevo,Journal,,,,False,,
"2 - Chegg, Inc.",Aug 2026,8/15/2026,8/31/2026,USD,64140 Travel & Entertainment : Entertainment,Vendor,790,USD,360 - General Management,50 - Skills,Colin Coggins,Journal,,,,False,,
"2 - Chegg, Inc.",Aug 2026,8/15/2026,8/31/2026,USD,64150 Travel & Entertainment : Gift,Vendor,600,USD,105 - Product Marketing Management,50 - Skills,Jenna Abdolmohammadi,Journal,,,,False,,
"2 - Chegg, Inc.",Aug 2026,8/15/2026,8/31/2026,USD,64170 Travel & Entertainment : Hotel/Lodging,Vendor,151,USD,102 - Product - Engagement,50 - Skills,Dolu Lanlehin,Journal,,,,False,,
"2 - Chegg, Inc.",Aug 2026,8/15/2026,8/31/2026,USD,64170 Travel & Entertainment : Hotel/Lodging,Vendor,203,USD,225 - Partnerships,50 - Skills,Shane Clem,Journal,,,,False,,
"2 - Chegg, Inc.",Aug 2026,8/15/2026,8/31/2026,USD,64170 Travel & Entertainment : Hotel/Lodging,Vendor,335,USD,392 - Information Security,00 - Corporate,Jim Hebert,Journal,,,,False,,
"2 - Chegg, Inc.",Aug 2026,8/15/2026,8/31/2026,USD,64170 Travel & Entertainment : Hotel/Lodging,Vendor,362,USD,170 - Engineering Management,20 - Learning Services,Lonnie Benavides,Journal,,,,False,,
"2 - Chegg, Inc.",Aug 2026,8/15/2026,8/31/2026,USD,64170 Travel & Entertainment : Hotel/Lodging,Vendor,798,USD,366 - Business Operations Management,50 - Skills,Barry Finder,Journal,,,,False,,
"2 - Chegg, Inc.",Aug 2026,8/15/2026,8/31/2026,USD,64170 Travel & Entertainment : Hotel/Lodging,Vendor,"1,251",USD,360 - General Management,20 - Learning Services,P.J. Tanzillo,Journal,,,,False,,
"2 - Chegg, Inc.",Aug 2026,8/15/2026,8/31/2026,USD,64170 Travel & Entertainment : Hotel/Lodging,Vendor,"1,277",USD,301 - CEO,00 - Corporate,Heather Hatlo Porter,Journal,,,,False,,
"2 - Chegg, Inc.",Aug 2026,8/15/2026,8/31/2026,USD,64170 Travel & Entertainment : Hotel/Lodging,Vendor,"1,466",USD,331 - Legal,00 - Corporate,Brad Haque,Journal,,,,False,,
"2 - Chegg, Inc.",Aug 2026,8/15/2026,8/31/2026,USD,64170 Travel & Entertainment : Hotel/Lodging,Vendor,"1,692",USD,324 - Investor Relations,00 - Corporate,Tracey Ford,Journal,,,,False,,
"2 - Chegg, Inc.",Aug 2026,8/15/2026,8/31/2026,USD,64170 Travel & Entertainment : Hotel/Lodging,Vendor,"1,789",USD,301 - CEO,00 - Corporate,Chuck Geiger,Journal,,,,False,,
"2 - Chegg, Inc.",Aug 2026,8/15/2026,8/31/2026,USD,64170 Travel & Entertainment : Hotel/Lodging,Vendor,"1,944",USD,360 - General Management,46 - Content Services,Erik Manuevo,Journal,,,,False,,
"2 - Chegg, Inc.",Aug 2026,8/15/2026,8/31/2026,USD,64170 Travel & Entertainment : Hotel/Lodging,Vendor,"2,004",USD,170 - Engineering Management,20 - Learning Services,Rahul Desai,Journal,,,,False,,
"2 - Chegg, Inc.",Aug 2026,8/15/2026,8/31/2026,USD,64170 Travel & Entertainment : Hotel/Lodging,Vendor,"2,145",USD,360 - General Management,50 - Skills,Colin Coggins,Journal,,,,False,,
"2 - Chegg, Inc.",Aug 2026,8/15/2026,8/31/2026,USD,64170 Travel & Entertainment : Hotel/Lodging,Vendor,"4,187",USD,301 - CEO,00 - Corporate,David Longo,Journal,,,,False,,
"2 - Chegg, Inc.",Aug 2026,8/15/2026,8/31/2026,USD,64170 Travel & Entertainment : Hotel/Lodging,Vendor,"4,358",USD,160 - Commerce Engineering,20 - Learning Services,Alexander Young,Journal,,,,False,9/1/2026,
"2 - Chegg, Inc.",Aug 2026,8/15/2026,8/31/2026,USD,64170 Travel & Entertainment : Hotel/Lodging,Vendor,"6,837",USD,322 - Internal Audit,00 - Corporate,Dean White,Journal,,,,False,,
"2 - Chegg, Inc.",Aug 2026,8/15/2026,8/31/2026,USD,64170 Travel & Entertainment : Hotel/Lodging,Vendor,"17,378",USD,366 - Business Operations Management,50 - Skills,Matthew Dinh,Journal,,,,False,,
"2 - Chegg, Inc.",Aug 2026,8/15/2026,8/31/2026,USD,"64190 Travel & Entertainment : Other Travel (tips, etc.)",Vendor,3,USD,301 - CEO,00 - Corporate,"Longo, David CC - Cvs/Pharmacy #01618",Journal,,,,False,,
"2 - Chegg, Inc.",Aug 2026,8/15/2026,8/31/2026,USD,"64190 Travel & Entertainment : Other Travel (tips, etc.)",Vendor,6,USD,301 - CEO,00 - Corporate,"Longo, David CC - Cvs/Pharmacy #01618",Journal,,,,False,,
"2 - Chegg, Inc.",Aug 2026,8/15/2026,8/31/2026,USD,"64190 Travel & Entertainment : Other Travel (tips, etc.)",Vendor,7,USD,301 - CEO,00 - Corporate,"Longo, David CC - Cvs/Pharmacy #01618",Journal,,,,False,,
"2 - Chegg, Inc.",Aug 2026,8/15/2026,8/31/2026,USD,"64190 Travel & Entertainment : Other Travel (tips, etc.)",Vendor,7,USD,301 - CEO,00 - Corporate,"Longo, David CC - Amazon.Com Llc",Journal,,,,False,,
"2 - Chegg, Inc.",Aug 2026,8/15/2026,8/31/2026,USD,"64190 Travel & Entertainment : Other Travel (tips, etc.)",Vendor,8,USD,301 - CEO,00 - Corporate,Heather Hatlo Porter,Journal,,,,False,,
"2 - Chegg, Inc.",Aug 2026,8/15/2026,8/31/2026,USD,"64190 Travel & Entertainment : Other Travel (tips, etc.)",Vendor,8,USD,360 - General Management,46 - Content Services,Erik Manuevo,Journal,,,,False,,
"2 - Chegg, Inc.",Aug 2026,8/15/2026,8/31/2026,USD,"64190 Travel & Entertainment : Other Travel (tips, etc.)",Vendor,10,USD,301 - CEO,00 - Corporate,"Longo, David CC - Whole Foods Mkt Hkt 518",Journal,,,,False,,
"2 - Chegg, Inc.",Aug 2026,8/15/2026,8/31/2026,USD,"64190 Travel & Entertainment : Other Travel (tips, etc.)",Vendor,10,USD,301 - CEO,00 - Corporate,"Longo, David CC - Heaven On 7Th Marketplace, Inc",Journal,,,,False,,
"2 - Chegg, Inc.",Aug 2026,8/15/2026,8/31/2026,USD,"64190 Travel & Entertainment : Other Travel (tips, etc.)",Vendor,11,USD,301 - CEO,00 - Corporate,"Longo, David CC - Armk Oracle Park - Conces",Journal,,,,False,,
"2 - Chegg, Inc.",Aug 2026,8/15/2026,8/31/2026,USD,"64190 Travel & Entertainment : Other Travel (tips, etc.)",Vendor,13,USD,301 - CEO,00 - Corporate,"Longo, David CC - Amazon Digital Downloads",Journal,,,,False,,
"2 - Chegg, Inc.",Aug 2026,8/15/2026,8/31/2026,USD,"64190 Travel & Entertainment : Other Travel (tips, etc.)",Vendor,14,USD,301 - CEO,00 - Corporate,"Longo, David CC - Cocola At Santana Row",Journal,,,,False,,
"2 - Chegg, Inc.",Aug 2026,8/15/2026,8/31/2026,USD,"64190 Travel & Entertainment : Other Travel (tips, etc.)",Vendor,15,USD,301 - CEO,00 - Corporate,"Longo, David CC - Uber",Journal,,,,False,,
"2 - Chegg, Inc.",Aug 2026,8/15/2026,8/31/2026,USD,"64190 Travel & Entertainment : Other Travel (tips, etc.)",Vendor,16,USD,324 - Investor Relations,00 - Corporate,Tracey Ford,Journal,,,,False,,
"2 - Chegg, Inc.",Aug 2026,8/15/2026,8/31/2026,USD,"64190 Travel & Entertainment : Other Travel (tips, etc.)",Vendor,17,USD,301 - CEO,00 - Corporate,"Longo, David CC - Caltrain Tvm",Journal,,,,False,,
"2 - Chegg, Inc.",Aug 2026,8/15/2026,8/31/2026,USD,"64190 Travel & Entertainment : Other Travel (tips, etc.)",Vendor,18,USD,301 - CEO,00 - Corporate,"Longo, David CC - Uber",Journal,,,,False,,
"2 - Chegg, Inc.",Aug 2026,8/15/2026,8/31/2026,USD,"64190 Travel & Entertainment : Other Travel (tips, etc.)",Vendor,19,USD,301 - CEO,00 - Corporate,"Longo, David CC - Target Store T3321",Journal,,,,False,,
"2 - Chegg, Inc.",Aug 2026,8/15/2026,8/31/2026,USD,"64190 Travel & Entertainment : Other Travel (tips, etc.)",Vendor,22,USD,301 - CEO,00 - Corporate,"Longo, David CC - Vts Diamond Taxi",Journal,,,,False,,
"2 - Chegg, Inc.",Aug 2026,8/15/2026,8/31/2026,USD,"64190 Travel & Entertainment : Other Travel (tips, etc.)",Vendor,23,USD,301 - CEO,00 - Corporate,"Longo, David CC - Armk Oracle Park - Conces",Journal,,,,False,,
"2 - Chegg, Inc.",Aug 2026,8/15/2026,8/31/2026,USD,"64190 Travel & Entertainment : Other Travel (tips, etc.)",Vendor,25,USD,301 - CEO,00 - Corporate,"Longo, David CC - Lyft",Journal,,,,False,,
"2 - Chegg, Inc.",Aug 2026,8/15/2026,8/31/2026,USD,"64190 Travel & Entertainment : Other Travel (tips, etc.)",Vendor,28,USD,301 - CEO,00 - Corporate,"Longo, David CC - Lyft",Journal,,,,False,,
"2 - Chegg, Inc.",Aug 2026,8/15/2026,8/31/2026,USD,"64190 Travel & Entertainment : Other Travel (tips, etc.)",Vendor,28,USD,102 - Product - Engagement,50 - Skills,Alex Gonzalez,Journal,,,,False,,
"2 - Chegg, Inc.",Aug 2026,8/15/2026,8/31/2026,USD,"64190 Travel & Entertainment : Other Travel (tips, etc.)",Vendor,33,USD,301 - CEO,00 - Corporate,"Longo, David CC - Armk Oracle Park - Conces",Journal,,,,False,,
"2 - Chegg, Inc.",Aug 2026,8/15/2026,8/31/2026,USD,"64190 Travel & Entertainment : Other Travel (tips, etc.)",Vendor,35,USD,301 - CEO,00 - Corporate,"Longo, David CC - Amazon.Com Llc",Journal,,,,False,,
"2 - Chegg, Inc.",Aug 2026,8/15/2026,8/31/2026,USD,"64190 Travel & Entertainment : Other Travel (tips, etc.)",Vendor,39,USD,105 - Product Marketing Management,50 - Skills,Jenna Abdolmohammadi,Journal,,,,False,,
"2 - Chegg, Inc.",Aug 2026,8/15/2026,8/31/2026,USD,"64190 Travel & Entertainment : Other Travel (tips, etc.)",Vendor,44,USD,301 - CEO,00 - Corporate,"Longo, David CC - Armk Oracle Park - Conces",Journal,,,,False,,
"2 - Chegg, Inc.",Aug 2026,8/15/2026,8/31/2026,USD,"64190 Travel & Entertainment : Other Travel (tips, etc.)",Vendor,47,USD,301 - CEO,00 - Corporate,"Longo, David CC - Uber",Journal,,,,False,,
"2 - Chegg, Inc.",Aug 2026,8/15/2026,8/31/2026,USD,"64190 Travel & Entertainment : Other Travel (tips, etc.)",Vendor,52,USD,301 - CEO,00 - Corporate,"Longo, David CC - Armk Oracle Park - Conces",Journal,,,,False,,
"2 - Chegg, Inc.",Aug 2026,8/15/2026,8/31/2026,USD,"64190 Travel & Entertainment : Other Travel (tips, etc.)",Vendor,52,USD,301 - CEO,00 - Corporate,"Longo, David CC - Linkedin Corporation",Journal,,,,False,,
"2 - Chegg, Inc.",Aug 2026,8/15/2026,8/31/2026,USD,"64190 Travel & Entertainment : Other Travel (tips, etc.)",Vendor,57,USD,301 - CEO,00 - Corporate,"Longo, David CC - Grimaldi'S Pizzeria - Brooklyn",Journal,,,,False,,
"2 - Chegg, Inc.",Aug 2026,8/15/2026,8/31/2026,USD,"64190 Travel & Entertainment : Other Travel (tips, etc.)",Vendor,60,USD,301 - CEO,00 - Corporate,"Longo, David CC - The Cabinet",Journal,,,,False,,
"2 - Chegg, Inc.",Aug 2026,8/15/2026,8/31/2026,USD,"64190 Travel & Entertainment : Other Travel (tips, etc.)",Vendor,69,USD,301 - CEO,00 - Corporate,"Longo, David CC - Companies House Web Filing",Journal,,,,False,,
"2 - Chegg, Inc.",Aug 2026,8/15/2026,8/31/2026,USD,"64190 Travel & Entertainment : Other Travel (tips, etc.)",Vendor,75,USD,301 - CEO,00 - Corporate,"Longo, David CC - Starbucks 800-782-7282",Journal,,,,False,,
"2 - Chegg, Inc.",Aug 2026,8/15/2026,8/31/2026,USD,"64190 Travel & Entertainment : Other Travel (tips, etc.)",Vendor,75,USD,301 - CEO,00 - Corporate,"Longo, David CC - At&T Uverse Con R Sw-Epay",Journal,,,,False,,
"2 - Chegg, Inc.",Aug 2026,8/15/2026,8/31/2026,USD,"64190 Travel & Entertainment : Other Travel (tips, etc.)",Vendor,108,USD,301 - CEO,00 - Corporate,"Longo, David CC - Armk Oracle Park - Conces",Journal,,,,False,,
"2 - Chegg, Inc.",Aug 2026,8/15/2026,8/31/2026,USD,"64190 Travel & Entertainment : Other Travel (tips, etc.)",Vendor,112,USD,301 - CEO,00 - Corporate,"Longo, David CC - Lyft",Journal,,,,False,,
"2 - Chegg, Inc.",Aug 2026,8/15/2026,8/31/2026,USD,"64190 Travel & Entertainment : Other Travel (tips, etc.)",Vendor,120,USD,301 - CEO,00 - Corporate,"Longo, David CC - Joseph Pompliano",Journal,,,,False,,
"2 - Chegg, Inc.",Aug 2026,8/15/2026,8/31/2026,USD,"64190 Travel & Entertainment : Other Travel (tips, etc.)",Vendor,126,USD,301 - CEO,00 - Corporate,"Longo, David CC - Nonna Dora'S Pasta Bar",Journal,,,,False,,
"2 - Chegg, Inc.",Aug 2026,8/15/2026,8/31/2026,USD,"64190 Travel & Entertainment : Other Travel (tips, etc.)",Vendor,129,USD,301 - CEO,00 - Corporate,"Longo, David CC - Johns Of Bleecker Street",Journal,,,,False,,
"2 - Chegg, Inc.",Aug 2026,8/15/2026,8/31/2026,USD,"64190 Travel & Entertainment : Other Travel (tips, etc.)",Vendor,131,USD,301 - CEO,00 - Corporate,"Longo, David CC - Jungle Bird",Journal,,,,False,,
"2 - Chegg, Inc.",Aug 2026,8/15/2026,8/31/2026,USD,"64190 Travel & Entertainment : Other Travel (tips, etc.)",Vendor,138,USD,301 - CEO,00 - Corporate,"Longo, David CC - Lyft",Journal,,,,False,,
"2 - Chegg, Inc.",Aug 2026,8/15/2026,8/31/2026,USD,"64190 Travel & Entertainment : Other Travel (tips, etc.)",Vendor,147,USD,322 - Internal Audit,00 - Corporate,Dean White,Journal,,,,False,,
"2 - Chegg, Inc.",Aug 2026,8/15/2026,8/31/2026,USD,"64190 Travel & Entertainment : Other Travel (tips, etc.)",Vendor,192,USD,301 - CEO,00 - Corporate,"Longo, David CC - The Summit Bar Cafe",Journal,,,,False,,
"2 - Chegg, Inc.",Aug 2026,8/15/2026,8/31/2026,USD,"64190 Travel & Entertainment : Other Travel (tips, etc.)",Vendor,220,USD,301 - CEO,00 - Corporate,"Longo, David CC - Lyft",Journal,,,,False,,
"2 - Chegg, Inc.",Aug 2026,8/15/2026,8/31/2026,USD,"64190 Travel & Entertainment : Other Travel (tips, etc.)",Vendor,299,USD,301 - CEO,00 - Corporate,"Longo, David CC - Att Mob Rec",Journal,,,,False,,
"2 - Chegg, Inc.",Aug 2026,8/15/2026,8/31/2026,USD,"64190 Travel & Entertainment : Other Travel (tips, etc.)",Vendor,327,USD,301 - CEO,00 - Corporate,"Longo, David CC - Rolo'S - Ridgewood",Journal,,,,False,,
"2 - Chegg, Inc.",Aug 2026,8/15/2026,8/31/2026,USD,"64190 Travel & Entertainment : Other Travel (tips, etc.)",Vendor,384,USD,301 - CEO,00 - Corporate,"Longo, David CC - Fiaschetteria Pistoia",Journal,,,,False,,
"2 - Chegg, Inc.",Aug 2026,8/15/2026,8/31/2026,USD,"64190 Travel & Entertainment : Other Travel (tips, etc.)",Vendor,412,USD,301 - CEO,00 - Corporate,"Longo, David CC - Armk Oracle Park - Conces",Journal,,,,False,,
"2 - Chegg, Inc.",Aug 2026,8/15/2026,8/31/2026,USD,"64190 Travel & Entertainment : Other Travel (tips, etc.)",Vendor,466,USD,301 - CEO,00 - Corporate,"Longo, David CC - Verizon Wrls Rccrng Pmts",Journal,,,,False,,
"2 - Chegg, Inc.",Aug 2026,8/15/2026,8/31/2026,USD,"64190 Travel & Entertainment : Other Travel (tips, etc.)",Vendor,487,USD,102 - Product - Engagement,50 - Skills,Dolu Lanlehin,Journal,,,,False,,
"2 - Chegg, Inc.",Aug 2026,8/15/2026,8/31/2026,USD,"64190 Travel & Entertainment : Other Travel (tips, etc.)",Vendor,589,USD,360 - General Management,50 - Skills,Colin Coggins,Journal,,,,False,,
"2 - Chegg, Inc.",Aug 2026,8/15/2026,8/31/2026,USD,"64190 Travel & Entertainment : Other Travel (tips, etc.)",Vendor,593,USD,301 - CEO,00 - Corporate,"Longo, David CC - Augustine - Santana Row",Journal,,,,False,,
"2 - Chegg, Inc.",Aug 2026,8/15/2026,8/31/2026,USD,65100 Professional fees : Accounting Fees,"NYSE MARKET (DE), INC.","12,197",USD,321 - Accounting,00 - Corporate,"[390124109871NYL @Expense Line 1] 2026,NYSE Annual Fee for Common Stock (Amortization Destination)",Journal,,,,False,,
"2 - Chegg, Inc.",Aug 2026,8/15/2026,8/31/2026,USD,65190 Professional fees : Other Consulting Fee,"A-LIGN COMPLIANCE AND SECURITY, INC.","8,400",USD,390 - Compliance,00 - Corporate,"Invoice SIN104941 - AUG26, External audit for ISO certification",Journal,10906,,,False,9/1/2026,
"2 - Chegg, Inc.",Aug 2026,8/15/2026,8/31/2026,USD,65190 Professional fees : Other Consulting Fee,RISC POINT ADVISORY GROUP LLC,"31,112",USD,390 - Compliance,00 - Corporate,"Invoice 6298 - July26, FTC & ISO Internal Audit and Risk Assessment",Journal,10630,,,False,9/1/2026,
"2 - Chegg, Inc.",Aug 2026,8/15/2026,8/31/2026,USD,65190 Professional fees : Other Consulting Fee,"STRATEGIC PARTNERSHIPS, LLC","18,750",USD,225 - Partnerships,50 - Skills,"Invoice 6342 - Aug26, Consulting services",Journal,10700,,,False,9/1/2026,
"2 - Chegg, Inc.",Aug 2026,8/15/2026,8/31/2026,USD,65230 Legal fees : Legal - Corporate,ALLEN OVERY SHEARMAN STERLING LLP,"5,181",USD,331 - Legal,00 - Corporate,"Invoice 2051108913 - AUG26, CHEGG GENERAL ADVICE 2019 (6th-Aug-2026 To 30th-Aug-2026)",Journal,,LGL-International-Imagine Easy Technology Solutions GmbH,LGL-International-Imagine Easy Technology Solutions GmbH,False,9/1/2026,
"2 - Chegg, Inc.",Aug 2026,8/15/2026,8/31/2026,USD,65230 Legal fees : Legal - Corporate,COOLEY LLP,"1,504",USD,331 - Legal,00 - Corporate,Aug 2026 -,Journal,,LGL-Securities and Demand 220 Litigation,LGL-Securities and Demand 220 Litigation,False,9/1/2026,
"2 - Chegg, Inc.",Aug 2026,8/15/2026,8/31/2026,USD,65230 Legal fees : Legal - Corporate,COOLEY LLP,"35,321",USD,331 - Legal,00 - Corporate,Aug 2026 -,Journal,,LGL-FTC Compliance,LGL-FTC Compliance,False,9/1/2026,
"2 - Chegg, Inc.",Aug 2026,8/15/2026,8/31/2026,USD,65230 Legal fees : Legal - Corporate,COOLEY LLP,"35,485",USD,331 - Legal,00 - Corporate,Aug 2026 -,Journal,,LGL-FTC Investigation (ROSCA),LGL-FTC Investigation (ROSCA),False,9/1/2026,
"2 - Chegg, Inc.",Aug 2026,8/15/2026,8/31/2026,USD,65230 Legal fees : Legal - Corporate,DLA PIPER LLP,"2,520",USD,331 - Legal,00 - Corporate,"Invoice 883598345 - JUL26, Tax Matters",Journal,,LGL-International Expansion-OFAC-Compliance,LGL-International Expansion-OFAC-Compliance,False,9/1/2026,
"2 - Chegg, Inc.",Aug 2026,8/15/2026,8/31/2026,USD,65230 Legal fees : Legal - Corporate,DLA PIPER LLP,"33,032",USD,331 - Legal,00 - Corporate,Aug 2026 -,Journal,,LGL-International Expansion-OFAC-Compliance,LGL-International Expansion-OFAC-Compliance,False,9/1/2026,
"2 - Chegg, Inc.",Aug 2026,8/15/2026,8/31/2026,USD,65230 Legal fees : Legal - Corporate,FAEGRE DRINKER BIDDLE & REATH LLP,"2,232",USD,331 - Legal,00 - Corporate,Aug 2026 -,Journal,,Stansell Books & Records Demand,Stansell Books & Records Demand,False,9/1/2026,
"2 - Chegg, Inc.",Aug 2026,8/15/2026,8/31/2026,USD,65230 Legal fees : Legal - Corporate,FAEGRE DRINKER BIDDLE & REATH LLP,"39,000",USD,331 - Legal,00 - Corporate,Aug 2026 -,Journal,,Securities Compliance & Corporate Governance – Included Services,Securities Compliance & Corporate Governance – Included Services,False,9/1/2026,
"2 - Chegg, Inc.",Aug 2026,8/15/2026,8/31/2026,USD,65230 Legal fees : Legal - Corporate,FOLEY & LARDNER LLP,"2,000",USD,331 - Legal,00 - Corporate,Aug 2026 -,Journal,,LGL-IP,LGL-IP,False,9/1/2026,
"2 - Chegg, Inc.",Aug 2026,8/15/2026,8/31/2026,USD,65230 Legal fees : Legal - Corporate,GREENBERG TRAURIG LLP,"5,623",USD,331 - Legal,00 - Corporate,Aug 2026 -,Journal,,LGL-General Litigation,LGL-General Litigation,False,9/1/2026,
"2 - Chegg, Inc.",Aug 2026,8/15/2026,8/31/2026,USD,65230 Legal fees : Legal - Corporate,"IRONCLAD, INC.","14,437",USD,331 - Legal,00 - Corporate,"[INV7611 @Expense Line 1] Apr26, Ironclad 3 year renewal - Ironclad is used daily by our legal department to review contracts, repository of all contracts, and allows us to track termination dates/reminders (04/30/26 - 04/29/27) (Amortization Destination)",Journal,,LGL-Contracts Management,LGL-Contracts Management,False,,
"2 - Chegg, Inc.",Aug 2026,8/15/2026,8/31/2026,USD,65230 Legal fees : Legal - Corporate,LITTLER MENDELSON PC,150,USD,331 - Legal,00 - Corporate,"Invoice 7638393 - JUL26, REMHOF, DENISE (AGENCY)",Journal,,LGL-Labor and Employment matters,LGL-Labor and Employment matters,False,9/1/2026,
"2 - Chegg, Inc.",Aug 2026,8/15/2026,8/31/2026,USD,65230 Legal fees : Legal - Corporate,LITTLER MENDELSON PC,597,USD,331 - Legal,00 - Corporate,"Invoice 7638391 - July26, EDD AUDIT",Journal,,LGL-Labor and Employment matters,LGL-Labor and Employment matters,False,9/1/2026,
"2 - Chegg, Inc.",Aug 2026,8/15/2026,8/31/2026,USD,65230 Legal fees : Legal - Corporate,LITTLER MENDELSON PC,900,USD,331 - Legal,00 - Corporate,Aug 2026 - EDD Audit,Journal,,LGL-Labor and Employment matters,LGL-Labor and Employment matters ,False,9/1/2026,
"2 - Chegg, Inc.",Aug 2026,8/15/2026,8/31/2026,USD,65230 Legal fees : Legal - Corporate,LITTLER MENDELSON PC,"19,000",USD,331 - Legal,00 - Corporate,Aug 2026 - Remhof Litigation,Journal,,LGL-Remhof Matter,LGL-Remhof Matter,False,9/1/2026,
"2 - Chegg, Inc.",Aug 2026,8/15/2026,8/31/2026,USD,65230 Legal fees : Legal - Corporate,LITTLER MENDELSON PC,"45,800",USD,331 - Legal,00 - Corporate,Aug 2026 - General matter,Journal,,LGL-Labor and Employment matters,LGL-Labor and Employment matters ,False,9/1/2026,
"2 - Chegg, Inc.",Aug 2026,8/15/2026,8/31/2026,USD,65230 Legal fees : Legal - Corporate,LITTLER MENDELSON PC,"54,180",USD,331 - Legal,00 - Corporate,"Invoice 7580967 - May26, UK ADVICE",Journal,,LGL-Labor and Employment matters,LGL-Labor and Employment matters,False,9/1/2026,
"2 - Chegg, Inc.",Aug 2026,8/15/2026,8/31/2026,USD,65230 Legal fees : Legal - Corporate,LITTLER MENDELSON PC,"62,787",USD,331 - Legal,00 - Corporate,"Invoice 7638389 - JUL26, UK ADVICE",Journal,,LGL-Labor and Employment matters,LGL-Labor and Employment matters,False,9/1/2026,
"2 - Chegg, Inc.",Aug 2026,8/15/2026,8/31/2026,USD,65230 Legal fees : Legal - Corporate,SHEPPARD MULLIN RICHTER & HAMPTON LLP,"1,080",USD,331 - Legal,00 - Corporate,Aug 2026 -,Journal,,LGL-IP,LGL-IP,False,9/1/2026,
"2 - Chegg, Inc.",Aug 2026,8/15/2026,8/31/2026,USD,65230 Legal fees : Legal - Corporate,STINSON LLP,"2,894",USD,331 - Legal,00 - Corporate,"Invoice 43733224 - JUL26, Professional services and disbursements rendered through July 31, 2026",Journal,,LGL-Freeman Litigation,LGL-Freeman Litigation,False,9/1/2026,
"2 - Chegg, Inc.",Aug 2026,8/15/2026,8/31/2026,USD,65230 Legal fees : Legal - Corporate,SUSMAN GODFREY LLP,75,USD,331 - Legal,00 - Corporate,Aug 2026 -,Journal,,LGL-Google Litigation,LGL-Google Litigation,False,9/1/2026,
"2 - Chegg, Inc.",Aug 2026,8/15/2026,8/31/2026,USD,65230 Legal fees : Legal - Corporate,Vendor,"-11,631",USD,331 - Legal,00 - Corporate,Broadridge (AP refund),Journal,,LGL-Public Company Matters,LGL-Public Company Matters,False,,
"2 - Chegg, Inc.",Aug 2026,8/15/2026,8/31/2026,USD,65240 Legal fees : Legal Fees - Litigation,"ANALYSIS GROUP, INC.","-112,953",USD,331 - Legal,00 - Corporate,Estimated Reimbursement - Invoice 1068535,Journal,,LGL-Pearson Insurance Reimbursement,LGL-Pearson Insurance Reimbursement ,False,9/1/2026,
"2 - Chegg, Inc.",Aug 2026,8/15/2026,8/31/2026,USD,65240 Legal fees : Legal Fees - Litigation,"ANALYSIS GROUP, INC.","-62,418",USD,331 - Legal,00 - Corporate,Estimated Reimbursement - Invoice 1067167,Journal,,LGL-Pearson Insurance Reimbursement,LGL-Pearson Insurance Reimbursement ,False,9/1/2026,
"2 - Chegg, Inc.",Aug 2026,8/15/2026,8/31/2026,USD,65240 Legal fees : Legal Fees - Litigation,"ANALYSIS GROUP, INC.","-53,717",USD,331 - Legal,00 - Corporate,Estimated Reimbursement - Invoice 1063128,Journal,,LGL-Pearson Insurance Reimbursement,LGL-Pearson Insurance Reimbursement ,False,9/1/2026,
"2 - Chegg, Inc.",Aug 2026,8/15/2026,8/31/2026,USD,65240 Legal fees : Legal Fees - Litigation,"ANALYSIS GROUP, INC.","-26,284",USD,331 - Legal,00 - Corporate,Estimated Reimbursement - Invoice 1058615,Journal,,LGL-Pearson Insurance Reimbursement,LGL-Pearson Insurance Reimbursement ,False,9/1/2026,
"2 - Chegg, Inc.",Aug 2026,8/15/2026,8/31/2026,USD,65240 Legal fees : Legal Fees - Litigation,"ANALYSIS GROUP, INC.","-16,589",USD,331 - Legal,00 - Corporate,Estimated Reimbursement - Invoice 1072505,Journal,,LGL-Pearson Insurance Reimbursement,LGL-Pearson Insurance Reimbursement ,False,9/1/2026,
"2 - Chegg, Inc.",Aug 2026,8/15/2026,8/31/2026,USD,65240 Legal fees : Legal Fees - Litigation,"ANALYSIS GROUP, INC.","-13,443",USD,331 - Legal,00 - Corporate,Estimated Reimbursement - Invoice 1069470,Journal,,LGL-Pearson Insurance Reimbursement,LGL-Pearson Insurance Reimbursement ,False,9/1/2026,
"2 - Chegg, Inc.",Aug 2026,8/15/2026,8/31/2026,USD,65240 Legal fees : Legal Fees - Litigation,"ANALYSIS GROUP, INC.","-9,095",USD,331 - Legal,00 - Corporate,Estimated Reimbursement - Invoice 1056820,Journal,,LGL-Pearson Insurance Reimbursement,LGL-Pearson Insurance Reimbursement ,False,9/1/2026,
"2 - Chegg, Inc.",Aug 2026,8/15/2026,8/31/2026,USD,65240 Legal fees : Legal Fees - Litigation,"ANALYSIS GROUP, INC.","-1,886",USD,331 - Legal,00 - Corporate,Estimated Reimbursement - Invoice 1071724,Journal,,LGL-Pearson Insurance Reimbursement,LGL-Pearson Insurance Reimbursement ,False,9/1/2026,
"2 - Chegg, Inc.",Aug 2026,8/15/2026,8/31/2026,USD,65240 Legal fees : Legal Fees - Litigation,"ANALYSIS GROUP, INC.","-1,869",USD,331 - Legal,00 - Corporate,Estimated Reimbursement - Invoice 1064856,Journal,,LGL-Pearson Insurance Reimbursement,LGL-Pearson Insurance Reimbursement ,False,9/1/2026,
"2 - Chegg, Inc.",Aug 2026,8/15/2026,8/31/2026,USD,65240 Legal fees : Legal Fees - Litigation,CHIESA SHAHINIAN & GIANTOMASI PC,"-2,703",USD,331 - Legal,00 - Corporate,Estimated Reimbursement - Invoice 602281,Journal,,LGL-Pearson Insurance Reimbursement,LGL-Pearson Insurance Reimbursement ,False,9/1/2026,
"2 - Chegg, Inc.",Aug 2026,8/15/2026,8/31/2026,USD,65240 Legal fees : Legal Fees - Litigation,CHIESA SHAHINIAN & GIANTOMASI PC,"-1,940",USD,331 - Legal,00 - Corporate,Estimated Reimbursement - Invoice 616775,Journal,,LGL-Pearson Insurance Reimbursement,LGL-Pearson Insurance Reimbursement ,False,9/1/2026,
"2 - Chegg, Inc.",Aug 2026,8/15/2026,8/31/2026,USD,65240 Legal fees : Legal Fees - Litigation,CHIESA SHAHINIAN & GIANTOMASI PC,-911,USD,331 - Legal,00 - Corporate,Estimated Reimbursement - Invoice 629351,Journal,,LGL-Pearson Insurance Reimbursement,LGL-Pearson Insurance Reimbursement ,False,9/1/2026,
"2 - Chegg, Inc.",Aug 2026,8/15/2026,8/31/2026,USD,65240 Legal fees : Legal Fees - Litigation,COOLEY LLP,"-203,317",USD,331 - Legal,00 - Corporate,Estimated Reimbursement - Invoice 2787618,Journal,,LGL-Pearson Insurance Reimbursement,LGL-Pearson Insurance Reimbursement ,False,9/1/2026,
"2 - Chegg, Inc.",Aug 2026,8/15/2026,8/31/2026,USD,65240 Legal fees : Legal Fees - Litigation,COOLEY LLP,"-152,850",USD,331 - Legal,00 - Corporate,Estimated Reimbursement - Invoice 2936957,Journal,,LGL-Pearson Insurance Reimbursement,LGL-Pearson Insurance Reimbursement ,False,9/1/2026,
"2 - Chegg, Inc.",Aug 2026,8/15/2026,8/31/2026,USD,65240 Legal fees : Legal Fees - Litigation,COOLEY LLP,"-22,605",USD,331 - Legal,00 - Corporate,Estimated Reimbursement - Invoice 2948915,Journal,,LGL-Pearson Insurance Reimbursement,LGL-Pearson Insurance Reimbursement ,False,9/1/2026,
"2 - Chegg, Inc.",Aug 2026,8/15/2026,8/31/2026,USD,65240 Legal fees : Legal Fees - Litigation,COOLEY LLP,"-5,332",USD,331 - Legal,00 - Corporate,Estimated Reimbursement - Invoice 2961600,Journal,,LGL-Pearson Insurance Reimbursement,LGL-Pearson Insurance Reimbursement ,False,9/1/2026,
"2 - Chegg, Inc.",Aug 2026,8/15/2026,8/31/2026,USD,65240 Legal fees : Legal Fees - Litigation,COOLEY LLP,"-4,507",USD,331 - Legal,00 - Corporate,Estimated Reimbursement - Invoice 2606534,Journal,,LGL-Pearson Insurance Reimbursement,LGL-Pearson Insurance Reimbursement ,False,9/1/2026,
"2 - Chegg, Inc.",Aug 2026,8/15/2026,8/31/2026,USD,65240 Legal fees : Legal Fees - Litigation,COOLEY LLP,"-1,240",USD,331 - Legal,00 - Corporate,Estimated Reimbursement - Invoice 2912605,Journal,,LGL-Pearson Insurance Reimbursement,LGL-Pearson Insurance Reimbursement ,False,9/1/2026,
"2 - Chegg, Inc.",Aug 2026,8/15/2026,8/31/2026,USD,65240 Legal fees : Legal Fees - Litigation,DANIEL E. INGBERMAN DBA THE RND GROUP,"-369,455",USD,331 - Legal,00 - Corporate,Estimated Reimbursement - Invoice RND-Chegg-008,Journal,,LGL-Pearson Insurance Reimbursement,LGL-Pearson Insurance Reimbursement ,False,9/1/2026,
"2 - Chegg, Inc.",Aug 2026,8/15/2026,8/31/2026,USD,65240 Legal fees : Legal Fees - Litigation,DANIEL E. INGBERMAN DBA THE RND GROUP,"-275,214",USD,331 - Legal,00 - Corporate,Estimated Reimbursement - Invoice RND-Chegg-007,Journal,,LGL-Pearson Insurance Reimbursement,LGL-Pearson Insurance Reimbursement ,False,9/1/2026,
"2 - Chegg, Inc.",Aug 2026,8/15/2026,8/31/2026,USD,65240 Legal fees : Legal Fees - Litigation,DANIEL E. INGBERMAN DBA THE RND GROUP,"-220,332",USD,331 - Legal,00 - Corporate,Estimated Reimbursement - Invoice RND-Chegg-009,Journal,,LGL-Pearson Insurance Reimbursement,LGL-Pearson Insurance Reimbursement ,False,9/1/2026,
"2 - Chegg, Inc.",Aug 2026,8/15/2026,8/31/2026,USD,65240 Legal fees : Legal Fees - Litigation,DANIEL E. INGBERMAN DBA THE RND GROUP,"-204,016",USD,331 - Legal,00 - Corporate,Estimated Reimbursement - Invoice RND-Chegg-010,Journal,,LGL-Pearson Insurance Reimbursement,LGL-Pearson Insurance Reimbursement ,False,9/1/2026,
"2 - Chegg, Inc.",Aug 2026,8/15/2026,8/31/2026,USD,65240 Legal fees : Legal Fees - Litigation,DANIEL E. INGBERMAN DBA THE RND GROUP,"-187,886",USD,331 - Legal,00 - Corporate,Estimated Reimbursement - Invoice RND-Chegg-006,Journal,,LGL-Pearson Insurance Reimbursement,LGL-Pearson Insurance Reimbursement ,False,9/1/2026,
"2 - Chegg, Inc.",Aug 2026,8/15/2026,8/31/2026,USD,65240 Legal fees : Legal Fees - Litigation,DANIEL E. INGBERMAN DBA THE RND GROUP,"-133,096",USD,331 - Legal,00 - Corporate,Estimated Reimbursement - Invoice RND-Chegg-004,Journal,,LGL-Pearson Insurance Reimbursement,LGL-Pearson Insurance Reimbursement ,False,9/1/2026,
"2 - Chegg, Inc.",Aug 2026,8/15/2026,8/31/2026,USD,65240 Legal fees : Legal Fees - Litigation,DANIEL E. INGBERMAN DBA THE RND GROUP,"-114,744",USD,331 - Legal,00 - Corporate,Estimated Reimbursement - Invoice RND-Chegg-002,Journal,,LGL-Pearson Insurance Reimbursement,LGL-Pearson Insurance Reimbursement ,False,9/1/2026,
"2 - Chegg, Inc.",Aug 2026,8/15/2026,8/31/2026,USD,65240 Legal fees : Legal Fees - Litigation,DANIEL E. INGBERMAN DBA THE RND GROUP,"-113,962",USD,331 - Legal,00 - Corporate,Estimated Reimbursement - Invoice RND-Chegg-005,Journal,,LGL-Pearson Insurance Reimbursement,LGL-Pearson Insurance Reimbursement ,False,9/1/2026,
"2 - Chegg, Inc.",Aug 2026,8/15/2026,8/31/2026,USD,65240 Legal fees : Legal Fees - Litigation,DANIEL E. INGBERMAN DBA THE RND GROUP,"-93,151",USD,331 - Legal,00 - Corporate,Estimated Reimbursement - Invoice RND-Chegg-011,Journal,,LGL-Pearson Insurance Reimbursement,LGL-Pearson Insurance Reimbursement ,False,9/1/2026,
"2 - Chegg, Inc.",Aug 2026,8/15/2026,8/31/2026,USD,65240 Legal fees : Legal Fees - Litigation,DANIEL E. INGBERMAN DBA THE RND GROUP,"-77,196",USD,331 - Legal,00 - Corporate,Estimated Reimbursement - Invoice RND-Chegg-003,Journal,,LGL-Pearson Insurance Reimbursement,LGL-Pearson Insurance Reimbursement ,False,9/1/2026,
"2 - Chegg, Inc.",Aug 2026,8/15/2026,8/31/2026,USD,65240 Legal fees : Legal Fees - Litigation,DANIEL E. INGBERMAN DBA THE RND GROUP,"-31,840",USD,331 - Legal,00 - Corporate,Estimated Reimbursement - Invoice RND-Chegg-013,Journal,,LGL-Pearson Insurance Reimbursement,LGL-Pearson Insurance Reimbursement ,False,9/1/2026,
"2 - Chegg, Inc.",Aug 2026,8/15/2026,8/31/2026,USD,65240 Legal fees : Legal Fees - Litigation,FAEGRE DRINKER BIDDLE & REATH LLP,"2,232",USD,331 - Legal,00 - Corporate,"Invoice 6276009 - July26, Stansell Books & Records Demand",Journal,,LGL-Stansell Books & Records Demand,LGL-Stansell Books & Records Demand,False,9/1/2026,
"2 - Chegg, Inc.",Aug 2026,8/15/2026,8/31/2026,USD,65240 Legal fees : Legal Fees - Litigation,"FENWICK & WEST, LLP",-961,USD,331 - Legal,00 - Corporate,Estimated Reimbursement - Invoice 1067709,Journal,,LGL-Pearson Insurance Reimbursement,LGL-Pearson Insurance Reimbursement ,False,9/1/2026,
"2 - Chegg, Inc.",Aug 2026,8/15/2026,8/31/2026,USD,65240 Legal fees : Legal Fees - Litigation,HAL PORET LLC,"-27,500",USD,331 - Legal,00 - Corporate,Estimated Reimbursement - Invoice CG-CC-0124,Journal,,LGL-Pearson Insurance Reimbursement,LGL-Pearson Insurance Reimbursement ,False,9/1/2026,
"2 - Chegg, Inc.",Aug 2026,8/15/2026,8/31/2026,USD,65240 Legal fees : Legal Fees - Litigation,"HKA GLOBAL, LLC","-2,104",USD,331 - Legal,00 - Corporate,Estimated Reimbursement - Invoice 2001723,Journal,,LGL-Pearson Insurance Reimbursement,LGL-Pearson Insurance Reimbursement ,False,9/1/2026,
"2 - Chegg, Inc.",Aug 2026,8/15/2026,8/31/2026,USD,65240 Legal fees : Legal Fees - Litigation,"HKA GLOBAL, LLC","-1,458",USD,331 - Legal,00 - Corporate,Estimated Reimbursement - Invoice 2001161,Journal,,LGL-Pearson Insurance Reimbursement,LGL-Pearson Insurance Reimbursement ,False,9/1/2026,
"2 - Chegg, Inc.",Aug 2026,8/15/2026,8/31/2026,USD,65240 Legal fees : Legal Fees - Litigation,MCCARTER & ENGLISH LLP,"-22,711",USD,331 - Legal,00 - Corporate,Estimated Reimbursement - Invoice 9035758,Journal,,LGL-Pearson Insurance Reimbursement,LGL-Pearson Insurance Reimbursement ,False,9/1/2026,
"2 - Chegg, Inc.",Aug 2026,8/15/2026,8/31/2026,USD,65240 Legal fees : Legal Fees - Litigation,MCCARTER & ENGLISH LLP,"-18,516",USD,331 - Legal,00 - Corporate,Estimated Reimbursement - Invoice 9040441,Journal,,LGL-Pearson Insurance Reimbursement,LGL-Pearson Insurance Reimbursement ,False,9/1/2026,
"2 - Chegg, Inc.",Aug 2026,8/15/2026,8/31/2026,USD,65240 Legal fees : Legal Fees - Litigation,MCCARTER & ENGLISH LLP,"-6,008",USD,331 - Legal,00 - Corporate,Estimated Reimbursement - Invoice 9144531,Journal,,LGL-Pearson Insurance Reimbursement,LGL-Pearson Insurance Reimbursement ,False,9/1/2026,
"2 - Chegg, Inc.",Aug 2026,8/15/2026,8/31/2026,USD,65240 Legal fees : Legal Fees - Litigation,MCCARTER & ENGLISH LLP,"-5,831",USD,331 - Legal,00 - Corporate,Estimated Reimbursement - Invoice 9089619,Journal,,LGL-Pearson Insurance Reimbursement,LGL-Pearson Insurance Reimbursement ,False,9/1/2026,
"2 - Chegg, Inc.",Aug 2026,8/15/2026,8/31/2026,USD,65240 Legal fees : Legal Fees - Litigation,MCCARTER & ENGLISH LLP,"-4,774",USD,331 - Legal,00 - Corporate,Estimated Reimbursement - Invoice 9065029,Journal,,LGL-Pearson Insurance Reimbursement,LGL-Pearson Insurance Reimbursement ,False,9/1/2026,
"2 - Chegg, Inc.",Aug 2026,8/15/2026,8/31/2026,USD,65240 Legal fees : Legal Fees - Litigation,MCCARTER & ENGLISH LLP,"-4,454",USD,331 - Legal,00 - Corporate,Estimated Reimbursement - Invoice 9131739,Journal,,LGL-Pearson Insurance Reimbursement,LGL-Pearson Insurance Reimbursement ,False,9/1/2026,
"2 - Chegg, Inc.",Aug 2026,8/15/2026,8/31/2026,USD,65240 Legal fees : Legal Fees - Litigation,MCCARTER & ENGLISH LLP,"-4,024",USD,331 - Legal,00 - Corporate,Estimated Reimbursement - Invoice 9138343,Journal,,LGL-Pearson Insurance Reimbursement,LGL-Pearson Insurance Reimbursement ,False,9/1/2026,
"2 - Chegg, Inc.",Aug 2026,8/15/2026,8/31/2026,USD,65240 Legal fees : Legal Fees - Litigation,MCCARTER & ENGLISH LLP,"-3,426",USD,331 - Legal,00 - Corporate,Estimated Reimbursement - Invoice 9127874,Journal,,LGL-Pearson Insurance Reimbursement,LGL-Pearson Insurance Reimbursement ,False,9/1/2026,
"2 - Chegg, Inc.",Aug 2026,8/15/2026,8/31/2026,USD,65240 Legal fees : Legal Fees - Litigation,MCCARTER & ENGLISH LLP,"-3,015",USD,331 - Legal,00 - Corporate,Estimated Reimbursement - Invoice 9115147,Journal,,LGL-Pearson Insurance Reimbursement,LGL-Pearson Insurance Reimbursement ,False,9/1/2026,
"2 - Chegg, Inc.",Aug 2026,8/15/2026,8/31/2026,USD,65240 Legal fees : Legal Fees - Litigation,MCCARTER & ENGLISH LLP,"-2,479",USD,331 - Legal,00 - Corporate,Estimated Reimbursement - Invoice 9108987,Journal,,LGL-Pearson Insurance Reimbursement,LGL-Pearson Insurance Reimbursement ,False,9/1/2026,
"2 - Chegg, Inc.",Aug 2026,8/15/2026,8/31/2026,USD,65240 Legal fees : Legal Fees - Litigation,MCCARTER & ENGLISH LLP,-755,USD,331 - Legal,00 - Corporate,Estimated Reimbursement - Invoice 9163576,Journal,,LGL-Pearson Insurance Reimbursement,LGL-Pearson Insurance Reimbursement ,False,9/1/2026,
"2 - Chegg, Inc.",Aug 2026,8/15/2026,8/31/2026,USD,65240 Legal fees : Legal Fees - Litigation,MCCARTER & ENGLISH LLP,-633,USD,331 - Legal,00 - Corporate,Estimated Reimbursement - Invoice 9156846,Journal,,LGL-Pearson Insurance Reimbursement,LGL-Pearson Insurance Reimbursement ,False,9/1/2026,
"2 - Chegg, Inc.",Aug 2026,8/15/2026,8/31/2026,USD,65240 Legal fees : Legal Fees - Litigation,ROBERT DALE PARKER,"-15,978",USD,331 - Legal,00 - Corporate,Estimated Reimbursement - Invoice 1,Journal,,LGL-Pearson Insurance Reimbursement,LGL-Pearson Insurance Reimbursement ,False,9/1/2026,
"2 - Chegg, Inc.",Aug 2026,8/15/2026,8/31/2026,USD,65240 Legal fees : Legal Fees - Litigation,ROBERT DALE PARKER,"-9,840",USD,331 - Legal,00 - Corporate,Estimated Reimbursement - Invoice 3,Journal,,LGL-Pearson Insurance Reimbursement,LGL-Pearson Insurance Reimbursement ,False,9/1/2026,
"2 - Chegg, Inc.",Aug 2026,8/15/2026,8/31/2026,USD,65240 Legal fees : Legal Fees - Litigation,ROBERT DALE PARKER,"-1,733",USD,331 - Legal,00 - Corporate,Estimated Reimbursement - Invoice 4,Journal,,LGL-Pearson Insurance Reimbursement,LGL-Pearson Insurance Reimbursement ,False,9/1/2026,
"2 - Chegg, Inc.",Aug 2026,8/15/2026,8/31/2026,USD,65240 Legal fees : Legal Fees - Litigation,ROBERT DALE PARKER,-737,USD,331 - Legal,00 - Corporate,Estimated Reimbursement - Invoice 2,Journal,,LGL-Pearson Insurance Reimbursement,LGL-Pearson Insurance Reimbursement ,False,9/1/2026,
"2 - Chegg, Inc.",Aug 2026,8/15/2026,8/31/2026,USD,65240 Legal fees : Legal Fees - Litigation,"TRANSPERFECT DOCUMENT MANAGEMENT, INC.",-413,USD,331 - Legal,00 - Corporate,Estimated Reimbursement - Invoice 233636,Journal,,LGL-Pearson Insurance Reimbursement,LGL-Pearson Insurance Reimbursement ,False,9/1/2026,
"2 - Chegg, Inc.",Aug 2026,8/15/2026,8/31/2026,USD,65510 Taxes : Property Tax,Vendor,"-27,539",USD,323 - Tax,00 - Corporate,Current Month Property Tax Accrual,Journal,,,,False,,
"2 - Chegg, Inc.",Aug 2026,8/15/2026,8/31/2026,USD,65520 Taxes : Delaware Franchise Tax,Vendor,"20,838",USD,323 - Tax,00 - Corporate,Estimated monthly Franchise Tax Accrual,Journal,,,,False,,
"2 - Chegg, Inc.",Aug 2026,8/15/2026,8/31/2026,USD,65590 Taxes : Tax - Other,Vendor,473,USD,323 - Tax,00 - Corporate,Thinkful WA B&O Tax July 2026,Journal,,,,False,,
"2 - Chegg, Inc.",Aug 2026,8/15/2026,8/31/2026,USD,65720 Outside services : Contractors,DEBRA THOMPSON,"25,000",USD,301 - CEO,00 - Corporate,"AUG26, Contract for Debra Thompson (1-AUG-2026 TO 31-AUG-2026)",Bill,10515,,,False,,
"2 - Chegg, Inc.",Aug 2026,8/15/2026,8/31/2026,USD,65720 Outside services : Contractors,KELSEY SALVO,"15,000",USD,160 - Commerce Engineering,20 - Learning Services,"AUG26, Carpathia marketing consultant",Bill,10915,,,False,,
"2 - Chegg, Inc.",Aug 2026,8/15/2026,8/31/2026,USD,65720 Outside services : Contractors,"ROTH STAFFING COMPANIES, L.P.","3,600",USD,113 - User Experience - Monetization,20 - Learning Services,"Invoice 16431852 - Aug26, Hiring Product Designer",Journal,10003,,,False,9/1/2026,
"2 - Chegg, Inc.",Aug 2026,8/15/2026,8/31/2026,USD,66120 Office Expenses : Due and Subscriptions,Vendor,10,USD,105 - Product Marketing Management,50 - Skills,Jenna Abdolmohammadi,Journal,,,,False,,
"2 - Chegg, Inc.",Aug 2026,8/15/2026,8/31/2026,USD,66120 Office Expenses : Due and Subscriptions,Vendor,142,USD,366 - Business Operations Management,50 - Skills,Barry Finder,Journal,,,,False,,
"2 - Chegg, Inc.",Aug 2026,8/15/2026,8/31/2026,USD,66120 Office Expenses : Due and Subscriptions,Vendor,"1,500",USD,360 - General Management,50 - Skills,Colin Coggins,Journal,,,,False,,
"2 - Chegg, Inc.",Aug 2026,8/15/2026,8/31/2026,USD,66120 Office Expenses : Due and Subscriptions,Vendor,"3,000",USD,360 - General Management,46 - Content Services,Erik Manuevo,Journal,,,,False,,
"2 - Chegg, Inc.",Aug 2026,8/15/2026,8/31/2026,USD,66120 Office Expenses : Due and Subscriptions,Vendor,"5,028",USD,160 - Commerce Engineering,20 - Learning Services,Alexander Young,Journal,,,,False,9/1/2026,
"2 - Chegg, Inc.",Aug 2026,8/15/2026,8/31/2026,USD,66120 Office Expenses : Due and Subscriptions,Vendor,"5,688",USD,360 - General Management,20 - Learning Services,P.J. Tanzillo,Journal,,,,False,,
"2 - Chegg, Inc.",Aug 2026,8/15/2026,8/31/2026,USD,"66160 Office Expenses : Freight, Shipping & Handling",Vendor,82,USD,301 - CEO,00 - Corporate,Dan Rosensweig,Journal,,,,False,,
"2 - Chegg, Inc.",Aug 2026,8/15/2026,8/31/2026,USD,66170 Office Expenses : Bank Service Charges,Vendor,182,USD,321 - Accounting,12 – Writing Tools,WorldPay Monthly Fees,Journal,,,,False,,
"2 - Chegg, Inc.",Aug 2026,8/15/2026,8/31/2026,USD,66170 Office Expenses : Bank Service Charges,Vendor,"4,226",USD,321 - Accounting,00 - Corporate,Wells Fargo Client Analysis bank fees,Journal,,,,False,,
"2 - Chegg, Inc.",Aug 2026,8/15/2026,8/31/2026,USD,66180 Office Expenses : Bad Debt Expense,Amazon A9,-561,USD,321 - Accounting,00 - Corporate,small amt $561.31 write off invoice no #299536464,Invoice,,,,False,,
"2 - Chegg, Inc.",Aug 2026,8/15/2026,8/31/2026,USD,66180 Office Expenses : Bad Debt Expense,Pubmatic,92,USD,321 - Accounting,00 - Corporate,small amt $91.69 write off Invoice no #299535319,Credit Memo,,,,False,,
"2 - Chegg, Inc.",Aug 2026,8/15/2026,8/31/2026,USD,66180 Office Expenses : Bad Debt Expense,"TypeA Holdings, Ltd",-1,USD,321 - Accounting,00 - Corporate,small amt $0.97 write off Invoice no #299536336,Invoice,,,,False,,
"2 - Chegg, Inc.",Aug 2026,8/15/2026,8/31/2026,USD,66200 Office Expenses : Office Supplies,Vendor,33,USD,360 - General Management,46 - Content Services,Erik Manuevo,Journal,,,,False,,
"2 - Chegg, Inc.",Aug 2026,8/15/2026,8/31/2026,USD,66200 Office Expenses : Office Supplies,Vendor,40,USD,102 - Product - Engagement,50 - Skills,Dolu Lanlehin,Journal,,,,False,,
"2 - Chegg, Inc.",Aug 2026,8/15/2026,8/31/2026,USD,66200 Office Expenses : Office Supplies,Vendor,90,USD,225 - Partnerships,50 - Skills,Shane Clem,Journal,,,,False,,
"2 - Chegg, Inc.",Aug 2026,8/15/2026,8/31/2026,USD,66200 Office Expenses : Office Supplies,Vendor,145,USD,366 - Business Operations Management,50 - Skills,Matthew Dinh,Journal,,,,False,,
"2 - Chegg, Inc.",Aug 2026,8/15/2026,8/31/2026,USD,66210 Office Expenses : Conferencing Expenses,Vendor,"2,574",USD,360 - General Management,46 - Content Services,Erik Manuevo,Journal,,,,False,,
"2 - Chegg, Inc.",Aug 2026,8/15/2026,8/31/2026,USD,66300 Office Expenses : Food Services,Vendor,46,USD,102 - Product - Engagement,50 - Skills,Alex Gonzalez,Journal,,,,False,,
"2 - Chegg, Inc.",Aug 2026,8/15/2026,8/31/2026,USD,66300 Office Expenses : Food Services,Vendor,120,USD,325 - FP & A,00 - Corporate,Hasib Omarzi,Journal,,,,False,,
"2 - Chegg, Inc.",Aug 2026,8/15/2026,8/31/2026,USD,66300 Office Expenses : Food Services,Vendor,121,USD,360 - General Management,46 - Content Services,Erik Manuevo,Journal,,,,False,,
"2 - Chegg, Inc.",Aug 2026,8/15/2026,8/31/2026,USD,66300 Office Expenses : Food Services,Vendor,205,USD,101 - Product - Discovery,20 - Learning Services,Tiffany Poon,Journal,,,,False,,
"2 - Chegg, Inc.",Aug 2026,8/15/2026,8/31/2026,USD,66300 Office Expenses : Food Services,Vendor,297,USD,102 - Product - Engagement,50 - Skills,Meagan Hedels,Journal,,,,False,,
"2 - Chegg, Inc.",Aug 2026,8/15/2026,8/31/2026,USD,66300 Office Expenses : Food Services,Vendor,319,USD,380 - Content Operations,50 - Skills,Catalina Baker,Journal,,,,False,,
"2 - Chegg, Inc.",Aug 2026,8/15/2026,8/31/2026,USD,66300 Office Expenses : Food Services,Vendor,342,USD,301 - CEO,00 - Corporate,Chuck Geiger,Journal,,,,False,,
"2 - Chegg, Inc.",Aug 2026,8/15/2026,8/31/2026,USD,66300 Office Expenses : Food Services,Vendor,476,USD,366 - Business Operations Management,50 - Skills,Barry Finder,Journal,,,,False,,
"2 - Chegg, Inc.",Aug 2026,8/15/2026,8/31/2026,USD,66300 Office Expenses : Food Services,Vendor,541,USD,170 - Engineering Management,20 - Learning Services,Lonnie Benavides,Journal,,,,False,,
"2 - Chegg, Inc.",Aug 2026,8/15/2026,8/31/2026,USD,66300 Office Expenses : Food Services,Vendor,585,USD,160 - Commerce Engineering,20 - Learning Services,Alexander Young,Journal,,,,False,9/1/2026,
"2 - Chegg, Inc.",Aug 2026,8/15/2026,8/31/2026,USD,66300 Office Expenses : Food Services,Vendor,"1,516",USD,366 - Business Operations Management,50 - Skills,Matthew Dinh,Journal,,,,False,,
"2 - Chegg, Inc.",Aug 2026,8/15/2026,8/31/2026,USD,66300 Office Expenses : Food Services,Vendor,"2,807",USD,301 - CEO,00 - Corporate,David Longo,Journal,,,,False,,
"2 - Chegg, Inc.",Aug 2026,8/15/2026,8/31/2026,USD,66300 Office Expenses : Food Services,Vendor,"5,623",USD,360 - General Management,50 - Skills,Colin Coggins,Journal,,,,False,,
"2 - Chegg, Inc.",Aug 2026,8/15/2026,8/31/2026,USD,67110 Depreciation & Amortization : Depreciation,Vendor,"16,144",USD,326 - Enterprise Systems & Applications,00 - Corporate,Internally Developed Software (FAM),Journal,,,,False,,
"2 - Chegg, Inc.",Aug 2026,8/15/2026,8/31/2026,USD,67110 Depreciation & Amortization : Depreciation,Vendor,"24,694",USD,140 - Engineering Discovery,00 - Corporate,Internally Developed Software (FAM),Journal,,,,False,,
"2 - Chegg, Inc.",Aug 2026,8/15/2026,8/31/2026,USD,67120 Depreciation & Amortization : Amortization of Intangible Asset,Vendor,"45,936",USD,520 - Educators,10 – Chegg Study,[25691 @Line 1] Varafy - Dev Tech (Amortization Destination),Journal,,,,False,,
"2 - Chegg, Inc.",Aug 2026,8/15/2026,8/31/2026,USD,67120 Depreciation & Amortization : Amortization of Intangible Asset,Vendor,"278,095",USD,520 - Educators,43 – Mathway,[25426 @Line 1] Mathway - Developed Technology (Amortization Destination),Journal,,,,False,,
"2 - Chegg, Inc.",Aug 2026,8/15/2026,8/31/2026,USD,67410 Non-GAAP One Time Expenses : Non-GAAP One Time Expenses,Vendor,"-3,675,600",USD,321 - Accounting,00 - Corporate,"Chegg, Inc. US-SC-02 (New) LL TERMINATION",Journal,,,,False,,
"2 - Chegg, Inc.",Aug 2026,8/15/2026,8/31/2026,USD,67410 Non-GAAP One Time Expenses : Non-GAAP One Time Expenses,Vendor,"-1,350,132",USD,321 - Accounting,00 - Corporate,Q3 2026 Civic Restructuring - CAM Costs Reversal for SC Termination,Journal,,,,False,,
"2 - Chegg, Inc.",Aug 2026,8/15/2026,8/31/2026,USD,68100 Allocations : Allocations In,AMAZON WEB SERVICES INC,"178,619",USD,530 - Supply Chain,00 - Corporate,"Aug 2026, AWS Year 1 - COGS Allocation",Journal,,,,False,9/1/2026,
"2 - Chegg, Inc.",Aug 2026,8/15/2026,8/31/2026,USD,68100 Allocations : Allocations In,AMAZON WEB SERVICES INC,"376,367",USD,530 - Supply Chain,00 - Corporate,"Aug 2026, Manual amortization expense - COGS Allocation",Journal,,,,False,,
"2 - Chegg, Inc.",Aug 2026,8/15/2026,8/31/2026,USD,68150 Allocations : Allocations Out,AMAZON WEB SERVICES INC,"-376,367",USD,122 - Engineering Operations,00 - Corporate,"Aug 2026, Manual amortization expense - COGS Allocation",Journal,,,,False,,
"2 - Chegg, Inc.",Aug 2026,8/15/2026,8/31/2026,USD,68150 Allocations : Allocations Out,AMAZON WEB SERVICES INC,"-178,619",USD,122 - Engineering Operations,00 - Corporate,"Aug 2026, AWS Year 1 - COGS Allocation",Journal,,,,False,9/1/2026,
"2 - Chegg, Inc.",Aug 2026,8/15/2026,8/31/2026,USD,69400 Cross Charges : Cross Charges : Intercompany,AMAZON WEB SERVICES INC,"106,790",USD,142 - Engineering Monetization,60 - Busuu,"Aug 2026, Manual amortization expense",Journal,,,,False,,
"2 - Chegg, Inc.",Aug 2026,8/15/2026,8/31/2026,USD,69400 Cross Charges : Cross Charges : Intercompany,Vendor,"-106,790",USD,142 - Engineering Monetization,60 - Busuu,Aug26 - Cross Charge to Busuu - AWS,Journal,,,,False,,
"25 - Verbling, Inc.",Aug 2026,8/15/2026,7/31/2026,USD,61150 Marketing Expenses : Paid Media : SEM,Google Inc.  USD- (International payments),"18,928",USD,204 - Performance Marketing,60 - Busuu,"Jul26, Verbling Google Ads Q3 2026",Bill,10636,,,False,,Invoice
"25 - Verbling, Inc.",Aug 2026,8/15/2026,7/31/2026,USD,62110 Technology Expenses : Software License/Renewal/Support - Electronically Delivered,"MongoDB, Inc","3,238",USD,140 - Engineering Discovery,60 - Busuu,"July26, Mongo DB for Verbling",Bill,10533,,,False,,
"25 - Verbling, Inc.",Aug 2026,8/15/2026,8/1/2026,USD,61150 Marketing Expenses : Paid Media : SEM,Google Inc.  USD- (International payments),"-19,150",USD,204 - Performance Marketing,60 - Busuu,0726 Verbling Accruals- Google,Journal,,,,False,,Non-accrual
"25 - Verbling, Inc.",Aug 2026,8/15/2026,8/1/2026,USD,62110 Technology Expenses : Software License/Renewal/Support - Electronically Delivered,"MongoDB, Inc","-3,155",USD,140 - Engineering Discovery,60 - Busuu,0726 Verbling Accrual - MongoDB,Journal,,,,False,,
"25 - Verbling, Inc.",Aug 2026,8/15/2026,8/1/2026,USD,66510 Unrealized Gain/Loss,Vendor,0,USD,321 - Accounting,00 - Corporate,,Currency Revaluation,,,,False,,
"25 - Verbling, Inc.",Aug 2026,8/15/2026,8/17/2026,USD,66170 Office Expenses : Bank Service Charges,Vendor,332,USD,000 - Central,00 - Corporate,MONTHLY CHARGE BANK CHARGES FOR THE PER 01JUL2026 TO 31JUL2026 INVOICE NO 2448692,Journal,,,,False,,
"25 - Verbling, Inc.",Aug 2026,8/15/2026,8/17/2026,USD,66170 Office Expenses : Bank Service Charges,Vendor,332,USD,321 - Accounting,60 - Busuu,MONTHLY CHARGE BANK CHARGES FOR THE PER 01JUL2026 TO 31JUL2026 INVOICE NO 2448692,Journal,,,,False,,
"25 - Verbling, Inc.",Aug 2026,8/15/2026,8/31/2026,USD,61150 Marketing Expenses : Paid Media : SEM,Google Inc.  USD- (International payments),"13,337",USD,204 - Performance Marketing,60 - Busuu,0826 Verbling Accruals- Google,Journal,,,,False,9/1/2026,Accrual
"25 - Verbling, Inc.",Aug 2026,8/15/2026,8/31/2026,USD,62110 Technology Expenses : Software License/Renewal/Support - Electronically Delivered,"MongoDB, Inc","3,188",USD,140 - Engineering Discovery,60 - Busuu,0826 Verbling Accrual - MongoDB,Journal,,,,False,9/1/2026,
"25 - Verbling, Inc.",Aug 2026,8/15/2026,8/31/2026,USD,67120 Depreciation & Amortization : Amortization of Intangible Asset,Vendor,"-39,667",USD,520 - Educators,60 - Busuu,Busuu Intangible Amortization Reversal,Journal,,,,False,,
"25 - Verbling, Inc.",Aug 2026,8/15/2026,8/31/2026,USD,67120 Depreciation & Amortization : Amortization of Intangible Asset,Vendor,"39,667",USD,520 - Educators,60 - Busuu,[26255 @Line 2] Verbling Intangible - Developed Technology Amortization (Amortization Destination),Journal,,,,False,,
28 - Busuu Online SL,Aug 2026,8/15/2026,8/1/2026,EUR,65100 Professional fees : Accounting Fees,ADADE AUDITORES Y CONSULTORES S.L.P.,"-32,993",USD,321 - Accounting,60 - Busuu,Audit 2025-2026,Journal,,,,False,,
28 - Busuu Online SL,Aug 2026,8/15/2026,8/1/2026,EUR,65100 Professional fees : Accounting Fees,Martinez Comin (DIRECT DEBITS),"-5,858",USD,321 - Accounting,60 - Busuu,Consolidation + FS 2025-2026,Journal,,,,False,,
28 - Busuu Online SL,Aug 2026,8/15/2026,8/20/2026,EUR,65100 Professional fees : Accounting Fees,ADADE AUDITORES Y CONSULTORES S.L.P.,"10,284",USD,321 - Accounting,60 - Busuu,Audit fees 2025 40%,Bill,,,,False,,
28 - Busuu Online SL,Aug 2026,8/15/2026,8/25/2026,EUR,65100 Professional fees : Accounting Fees,Martinez Comin (DIRECT DEBITS),"1,458",USD,321 - Accounting,60 - Busuu,Martínez Comín - accounting fees,Bill,,,,False,,
28 - Busuu Online SL,Aug 2026,8/15/2026,8/31/2026,EUR,65100 Professional fees : Accounting Fees,ADADE AUDITORES Y CONSULTORES S.L.P.,"24,851",USD,321 - Accounting,60 - Busuu,Audit 2025-2026,Journal,,,,False,9/1/2026,
28 - Busuu Online SL,Aug 2026,8/15/2026,8/31/2026,EUR,65100 Professional fees : Accounting Fees,Martinez Comin (DIRECT DEBITS),"6,588",USD,321 - Accounting,60 - Busuu,Consolidation + FS 2025-2026,Journal,,,,False,9/1/2026,
29 - Busuu Ltd,Aug 2026,8/15/2026,6/10/2026,EUR,65230 Legal fees : Legal - Corporate,"Orrick, Herrington & Sutcliffe LLP","10,518",USD,331 - Legal,60 - Busuu,"May26, Legal Services",Bill,10904,,,False,,
29 - Busuu Ltd,Aug 2026,8/15/2026,6/26/2026,GBP,62110 Technology Expenses : Software License/Renewal/Support - Electronically Delivered,Docusign,202,USD,341 - HR Operations,60 - Busuu,"JUN26, Docusign Contract Renewal July 25 - July 28",Bill,10308,,,False,,
29 - Busuu Ltd,Aug 2026,8/15/2026,6/30/2026,EUR,61190 Marketing Expenses : Mobile Advertising,SplitMetrics Inc.,"2,167",USD,204 - Performance Marketing,60 - Busuu,June 2026,Bill,10889,,,False,,Invoice
29 - Busuu Ltd,Aug 2026,8/15/2026,6/30/2026,EUR,61190 Marketing Expenses : Mobile Advertising,SplitMetrics Inc.,"4,381",USD,204 - Performance Marketing,60 - Busuu,"Jun26, Q2 2026",Bill,10612,,,False,,Invoice
29 - Busuu Ltd,Aug 2026,8/15/2026,6/30/2026,GBP,60590 Recruitment Expenses : Other Recruiting Cost,Pivot Forward Ltd.,"14,215",USD,341 - HR Operations,60 - Busuu,"JUN26, HR consultants",Bill,10926,,,False,,
29 - Busuu Ltd,Aug 2026,8/15/2026,7/1/2026,GBP,60530 Recruitment Expenses : Placement Fees,Trust in Soda Ltd,"20,307",USD,341 - HR Operations,60 - Busuu,"JUN26, Paul - Trinnovo Retainer",Bill,10740,,,False,,
29 - Busuu Ltd,Aug 2026,8/15/2026,7/1/2026,GBP,60530 Recruitment Expenses : Placement Fees,Trust in Soda Ltd,"35,741",USD,341 - HR Operations,60 - Busuu,"JUN26, Placement fee Arthur Hendrix",Bill,10917,,,False,,
29 - Busuu Ltd,Aug 2026,8/15/2026,7/1/2026,GBP,62100 Technology Expenses : Web Hosting Expense,Microsoft Ireland Operations Limited,"3,605",USD,530 - Supply Chain,60 - Busuu,"MAY26, Microsoft Azure subscription",Bill,10456,,,False,,
29 - Busuu Ltd,Aug 2026,8/15/2026,7/5/2026,GBP,62100 Technology Expenses : Web Hosting Expense,Microsoft Ireland Operations Limited,"3,682",USD,530 - Supply Chain,60 - Busuu,"JUN26, Microsoft Azure subscription",Bill,10456,,,False,,
29 - Busuu Ltd,Aug 2026,8/15/2026,7/9/2026,GBP,65720 Outside services : Contractors,Lexernet Limited,"30,461",USD,331 - Legal,60 - Busuu,"JUL26, Matthew Angel - Legal Contractor fees Lex Solutions",Bill,10025,,,False,,
29 - Busuu Ltd,Aug 2026,8/15/2026,7/10/2026,EUR,61220 Marketing Expenses : Trade Shows,Marques Vormmakers BV,"9,229",USD,206 - Customer Relationship Marketing,60 - Busuu,"JUL26, 50% Booth and Coffee machine ZP Cologne",Bill,10933,,,False,,Invoice
29 - Busuu Ltd,Aug 2026,8/15/2026,7/13/2026,GBP,62110 Technology Expenses : Software License/Renewal/Support - Electronically Delivered,Aircall UK Ltd,"3,197",USD,225 - Partnerships,60 - Busuu,"JUL26, Monthly Calling Subscription",Bill,10912,,,False,,
29 - Busuu Ltd,Aug 2026,8/15/2026,7/23/2026,GBP,65190 Professional fees : Other Consulting Fee,Virtalent Ltd,"3,033",USD,360 - General Management,60 - Busuu,"July26, Virtual assistant",Bill,10755,,,False,,
29 - Busuu Ltd,Aug 2026,8/15/2026,7/24/2026,GBP,65720 Outside services : Contractors,"Deel, Inc. (Direct Debit)",423,USD,140 - Engineering Discovery,60 - Busuu,"Jul 26, Stefan Krasimirov Kosev, Platform Fee",Bill,10600,,,False,,
29 - Busuu Ltd,Aug 2026,8/15/2026,7/24/2026,GBP,65720 Outside services : Contractors,"Deel, Inc. (Direct Debit)",423,USD,203 - Creative Marketing,60 - Busuu,"Jul 26, Alex Nollent, Platform Fee",Bill,10620,,,False,,
29 - Busuu Ltd,Aug 2026,8/15/2026,7/24/2026,GBP,65720 Outside services : Contractors,"Deel, Inc. (Direct Debit)",423,USD,225 - Partnerships,60 - Busuu,"Jul 26, Alina Rios Mesa, Platform Fee",Bill,10607,,,False,,
29 - Busuu Ltd,Aug 2026,8/15/2026,7/24/2026,GBP,65720 Outside services : Contractors,"Deel, Inc. (Direct Debit)",423,USD,225 - Partnerships,60 - Busuu,"Jul 26, Lucrezia Scarapicchia, Platform Fee",Bill,10606,,,False,,
29 - Busuu Ltd,Aug 2026,8/15/2026,7/24/2026,GBP,65720 Outside services : Contractors,"Deel, Inc. (Direct Debit)",439,USD,225 - Partnerships,60 - Busuu,"Jul 26, Cecile Labazordiere Ruillier Beaufond, Platform Fee",Bill,10663,,,False,,
29 - Busuu Ltd,Aug 2026,8/15/2026,7/24/2026,GBP,65720 Outside services : Contractors,"Deel, Inc. (Direct Debit)",439,USD,225 - Partnerships,60 - Busuu,"Jul 26, Paul Dufresne, Platform Fee",Bill,10664,,,False,,
29 - Busuu Ltd,Aug 2026,8/15/2026,7/24/2026,GBP,65720 Outside services : Contractors,"Deel, Inc. (Direct Debit)",439,USD,360 - General Management,60 - Busuu,"Jul 26, Karine Allouche, Platform Fee",Bill,10608,,,False,,
29 - Busuu Ltd,Aug 2026,8/15/2026,7/24/2026,GBP,65720 Outside services : Contractors,"Deel, Inc. (Direct Debit)",449,USD,225 - Partnerships,60 - Busuu,"Jul 26, Cecile Labazordiere Ruillier Beaufond Expenses",Bill,10663,,,False,,
29 - Busuu Ltd,Aug 2026,8/15/2026,7/24/2026,GBP,65720 Outside services : Contractors,"Deel, Inc. (Direct Debit)",862,USD,181 - Data Analytics,60 - Busuu,"Jul 26, Baptiste Dufresne, Platform Fee",Bill,10619,,,False,,
29 - Busuu Ltd,Aug 2026,8/15/2026,7/24/2026,GBP,65720 Outside services : Contractors,"Deel, Inc. (Direct Debit)","1,467",USD,225 - Partnerships,60 - Busuu,"Jul 26, Lucrezia Scarapicchia, Expenses",Bill,10606,,,False,,
29 - Busuu Ltd,Aug 2026,8/15/2026,7/24/2026,GBP,65720 Outside services : Contractors,"Deel, Inc. (Direct Debit)","1,691",USD,140 - Engineering Discovery,60 - Busuu,"Jul 26, Stefan Krasimirov Kosev, Bonus",Bill,10600,,,False,,
29 - Busuu Ltd,Aug 2026,8/15/2026,7/24/2026,GBP,65720 Outside services : Contractors,"Deel, Inc. (Direct Debit)","2,974",USD,225 - Partnerships,60 - Busuu,"Jul 26, Alina Rios Mesa, Bonus",Bill,10607,,,False,,
29 - Busuu Ltd,Aug 2026,8/15/2026,7/24/2026,GBP,65720 Outside services : Contractors,"Deel, Inc. (Direct Debit)","7,369",USD,203 - Creative Marketing,60 - Busuu,"Jul 26, Alex Nollent, Salary inc NI Contributions",Bill,10620,,,False,,
29 - Busuu Ltd,Aug 2026,8/15/2026,7/24/2026,GBP,65720 Outside services : Contractors,"Deel, Inc. (Direct Debit)","7,646",USD,140 - Engineering Discovery,60 - Busuu,"Jul 26, Stefan Krasimirov Kosev, Salary inc NI Contributions",Bill,10600,,,False,,
29 - Busuu Ltd,Aug 2026,8/15/2026,7/24/2026,GBP,65720 Outside services : Contractors,"Deel, Inc. (Direct Debit)","8,613",USD,225 - Partnerships,60 - Busuu,"Jul 26, Lucrezia Scarapicchia, Bonus",Bill,10606,,,False,,
29 - Busuu Ltd,Aug 2026,8/15/2026,7/24/2026,GBP,65720 Outside services : Contractors,"Deel, Inc. (Direct Debit)","10,283",USD,225 - Partnerships,60 - Busuu,"Jul 26, Alina Rios Mesa, Salary inc NI Contributions",Bill,10607,,,False,,
29 - Busuu Ltd,Aug 2026,8/15/2026,7/24/2026,GBP,65720 Outside services : Contractors,"Deel, Inc. (Direct Debit)","11,180",USD,225 - Partnerships,60 - Busuu,"Jul 26, Cecile Labazordiere Ruillier Beaufond, Bonus",Bill,10663,,,False,,
29 - Busuu Ltd,Aug 2026,8/15/2026,7/24/2026,GBP,65720 Outside services : Contractors,"Deel, Inc. (Direct Debit)","12,934",USD,225 - Partnerships,60 - Busuu,"Jul 26, Lucrezia Scarapicchia, Salary inc NI Contributions",Bill,10606,,,False,,
29 - Busuu Ltd,Aug 2026,8/15/2026,7/24/2026,GBP,65720 Outside services : Contractors,"Deel, Inc. (Direct Debit)","13,560",USD,225 - Partnerships,60 - Busuu,"Jul 26, Paul Dufresne, Salary inc NI Contributions",Bill,10664,,,False,,
29 - Busuu Ltd,Aug 2026,8/15/2026,7/24/2026,GBP,65720 Outside services : Contractors,"Deel, Inc. (Direct Debit)","20,807",USD,225 - Partnerships,60 - Busuu,"Jul 26, Cecile Labazordiere Ruillier Beaufond Salary inc NI Contributions",Bill,10663,,,False,,
29 - Busuu Ltd,Aug 2026,8/15/2026,7/24/2026,GBP,65720 Outside services : Contractors,"Deel, Inc. (Direct Debit)","60,222",USD,360 - General Management,60 - Busuu,"Jul 26, Karine Allouche, Salary inc NI Contributions",Bill,10608,,,False,,
29 - Busuu Ltd,Aug 2026,8/15/2026,7/24/2026,GBP,65720 Outside services : Contractors,"Deel, Inc. (Direct Debit)","96,264",USD,181 - Data Analytics,60 - Busuu,"Jul 26, Baptiste Dufresne, Salary inc NI Contributions",Bill,10619,,,False,,
29 - Busuu Ltd,Aug 2026,8/15/2026,7/25/2026,EUR,60530 Recruitment Expenses : Placement Fees,Alessandro Marotto,289,USD,341 - HR Operations,60 - Busuu,"July26, Talent Matching SDRs of Italy",Bill,,,,False,,
29 - Busuu Ltd,Aug 2026,8/15/2026,7/27/2026,GBP,65720 Outside services : Contractors,"Deel, Inc. (Direct Debit)",5,USD,203 - Creative Marketing,60 - Busuu,"Jul 26, Alex Nollent, Payment Processing Fee",Bill,10620,,,False,,
29 - Busuu Ltd,Aug 2026,8/15/2026,7/27/2026,GBP,66300 Office Expenses : Food Services,City Pantry Ltd T/A Just Eat for Business,233,USD,350 - Workplace Services,60 - Busuu,"JUL26, Lunches for Busuu London office (20th-Jul-26 to 23rd-Jul-26)",Bill,10726,,,False,,
29 - Busuu Ltd,Aug 2026,8/15/2026,7/27/2026,GBP,66300 Office Expenses : Food Services,City Pantry Ltd T/A Just Eat for Business,625,USD,350 - Workplace Services,60 - Busuu,"JUL26, Lunches for Busuu London office (20th-Jul-26 to 23rd-Jul-26)",Bill,10726,,,False,,
29 - Busuu Ltd,Aug 2026,8/15/2026,7/28/2026,GBP,60530 Recruitment Expenses : Placement Fees,Trust in Soda Ltd,"20,307",USD,341 - HR Operations,60 - Busuu,"JUN26, Paul - Trinnovo Retainer",Bill,10740,,,False,,
29 - Busuu Ltd,Aug 2026,8/15/2026,7/28/2026,GBP,63170 Facility Expenses : Building Repairs & Maintenance,British Land,"-12,184",USD,350 - Workplace Services,60 - Busuu,"APR25- JUN25, EOY Service Charge Balance YE25",Bill Credit,,,,False,,
29 - Busuu Ltd,Aug 2026,8/15/2026,7/30/2026,EUR,65190 Professional fees : Other Consulting Fee,Activpayroll Ltd (EUR),"3,341",USD,321 - Accounting,60 - Busuu,"JUL26, Monthly payroll processing fees EUR",Bill,10560,,,False,,
29 - Busuu Ltd,Aug 2026,8/15/2026,7/30/2026,GBP,60590 Recruitment Expenses : Other Recruiting Cost,Pivot Forward Ltd.,"31,138",USD,341 - HR Operations,60 - Busuu,"JUL26, HR consultants",Bill,10926,,,False,,
29 - Busuu Ltd,Aug 2026,8/15/2026,7/30/2026,GBP,65190 Professional fees : Other Consulting Fee,Activpayroll Ltd (GBP),731,USD,321 - Accounting,60 - Busuu,"JUN26, UK Payroll monthly fixed GBP",Bill,10561,,,False,,
29 - Busuu Ltd,Aug 2026,8/15/2026,7/30/2026,GBP,65190 Professional fees : Other Consulting Fee,Activpayroll Ltd (GBP),826,USD,321 - Accounting,60 - Busuu,"JUL26, 2026 Monthly Global Management Fee - Payroll processing",Bill,10559,,,False,,
29 - Busuu Ltd,Aug 2026,8/15/2026,7/30/2026,GBP,65190 Professional fees : Other Consulting Fee,Activpayroll Ltd (GBP),"1,516",USD,321 - Accounting,60 - Busuu,"July26, UK Payroll monthly fixed GBP",Bill,10561,,,False,,
29 - Busuu Ltd,Aug 2026,8/15/2026,7/30/2026,GBP,66300 Office Expenses : Food Services,City Pantry Ltd T/A Just Eat for Business,0,USD,350 - Workplace Services,60 - Busuu,"JUL26, Lunches for Busuu London office",Bill,10726,,,False,,
29 - Busuu Ltd,Aug 2026,8/15/2026,7/30/2026,GBP,66300 Office Expenses : Food Services,City Pantry Ltd T/A Just Eat for Business,407,USD,350 - Workplace Services,60 - Busuu,"JUL26, Lunches for Busuu London office",Bill,10726,,,False,,
29 - Busuu Ltd,Aug 2026,8/15/2026,7/30/2026,GBP,66300 Office Expenses : Food Services,City Pantry Ltd T/A Just Eat for Business,614,USD,350 - Workplace Services,60 - Busuu,"JUL26, Lunches for Busuu London office",Bill,10726,,,False,,
29 - Busuu Ltd,Aug 2026,8/15/2026,7/30/2026,GBP,66300 Office Expenses : Food Services,Melitta Professional Coffee Solutions UK Ltd.,22,USD,350 - Workplace Services,60 - Busuu,"JUL26, Coffee Beans",Bill,10198,,,False,,
29 - Busuu Ltd,Aug 2026,8/15/2026,7/30/2026,GBP,66300 Office Expenses : Food Services,Melitta Professional Coffee Solutions UK Ltd.,119,USD,350 - Workplace Services,60 - Busuu,"JUL26, Coffee Beans",Bill,10198,,,False,,
29 - Busuu Ltd,Aug 2026,8/15/2026,7/30/2026,GBP,66300 Office Expenses : Food Services,Melitta Professional Coffee Solutions UK Ltd.,275,USD,350 - Workplace Services,60 - Busuu,"July26, Coffee Beans",Bill,10198,,,False,,
29 - Busuu Ltd,Aug 2026,8/15/2026,7/31/2026,EUR,61100 Marketing Expenses : Advertisement / Promotion,Google Ireland Ltd,"77,937",USD,204 - Performance Marketing,60 - Busuu,"July16,Q3 2026 Spend",Bill,10603,,,False,,Invoice
29 - Busuu Ltd,Aug 2026,8/15/2026,7/31/2026,EUR,61100 Marketing Expenses : Advertisement / Promotion,Google Ireland Ltd,"108,829",USD,225 - Partnerships,60 - Busuu,"JUL26, Q3 2026",Bill,10908,,,False,,Invoice
29 - Busuu Ltd,Aug 2026,8/15/2026,7/31/2026,EUR,61100 Marketing Expenses : Advertisement / Promotion,Google Ireland Ltd,"159,915",USD,204 - Performance Marketing,60 - Busuu,"July26, Q3 2026 Spend",Bill,10603,,,False,,Invoice
29 - Busuu Ltd,Aug 2026,8/15/2026,7/31/2026,EUR,61100 Marketing Expenses : Advertisement / Promotion,Google Ireland Ltd,"404,782",USD,204 - Performance Marketing,60 - Busuu,"July26, Q3 2026 Spend",Bill,10603,,,False,,Invoice
29 - Busuu Ltd,Aug 2026,8/15/2026,7/31/2026,EUR,61190 Marketing Expenses : Mobile Advertising,Apple Inc.,"3,191",USD,204 - Performance Marketing,60 - Busuu,"JUL26, Q3 2026 ASA Spend",Bill,10602,,,False,,Invoice
29 - Busuu Ltd,Aug 2026,8/15/2026,7/31/2026,EUR,61190 Marketing Expenses : Mobile Advertising,Apple Inc.,"5,427",USD,204 - Performance Marketing,60 - Busuu,"JUL26, Q3 2026 ASA Spend",Bill,10602,,,False,,Invoice
29 - Busuu Ltd,Aug 2026,8/15/2026,7/31/2026,EUR,61190 Marketing Expenses : Mobile Advertising,Apple Inc.,"13,685",USD,204 - Performance Marketing,60 - Busuu,"JUL26, Q3 2026 ASA Spend (01 Jul 2026 - 31 Jul 2026)",Bill,10602,,,False,,Invoice
29 - Busuu Ltd,Aug 2026,8/15/2026,7/31/2026,EUR,61190 Marketing Expenses : Mobile Advertising,Apple Inc.,"18,828",USD,204 - Performance Marketing,60 - Busuu,"JUL26, Q3 2026 ASA Spend",Bill,10602,,,False,,Invoice
29 - Busuu Ltd,Aug 2026,8/15/2026,7/31/2026,EUR,61190 Marketing Expenses : Mobile Advertising,Apple Inc.,"34,388",USD,204 - Performance Marketing,60 - Busuu,"July26, Q3 2026 ASA Spend",Bill,10602,,,False,,Invoice
29 - Busuu Ltd,Aug 2026,8/15/2026,7/31/2026,EUR,61190 Marketing Expenses : Mobile Advertising,Apple Inc.,"46,651",USD,204 - Performance Marketing,60 - Busuu,"July26, Q3 2026 ASA Spend",Bill,10602,,,False,,Invoice
29 - Busuu Ltd,Aug 2026,8/15/2026,7/31/2026,EUR,61190 Marketing Expenses : Mobile Advertising,Apple Inc.,"153,799",USD,204 - Performance Marketing,60 - Busuu,"July26, Q3 2026 ASA Spend",Bill,10602,,,False,,Invoice
29 - Busuu Ltd,Aug 2026,8/15/2026,7/31/2026,EUR,61190 Marketing Expenses : Mobile Advertising,SplitMetrics Inc.,"5,936",USD,204 - Performance Marketing,60 - Busuu,"July26, Q3 2026",Bill,10612,,,False,,Invoice
29 - Busuu Ltd,Aug 2026,8/15/2026,7/31/2026,EUR,61260 Marketing Expenses : Marketing - Other,New Work SE,"1,660",USD,204 - Performance Marketing,20 - Learning Services,"JUL26, Xing Website Ad",Bill,10902,,,False,,Invoice
29 - Busuu Ltd,Aug 2026,8/15/2026,7/31/2026,EUR,65190 Professional fees : Other Consulting Fee,Activpayroll Ltd (EUR),377,USD,321 - Accounting,60 - Busuu,"Jun26, Monthly payroll processing fees EUR",Bill,10560,,,False,,
29 - Busuu Ltd,Aug 2026,8/15/2026,7/31/2026,EUR,65790 Outside services : Other Outside Services,Vistatec Limited,"30,486",USD,200 - Marketing Operations,60 - Busuu,"JUL26, Localisation Services for FY2026",Bill,10522,,,False,,
29 - Busuu Ltd,Aug 2026,8/15/2026,7/31/2026,GBP,60240 Other Compensation and Benefits : Employee Benefits,Roofoods Ltd,13,USD,350 - Workplace Services,60 - Busuu,"JUL26, Deliveroo Charges",Bill,,,,False,,
29 - Busuu Ltd,Aug 2026,8/15/2026,7/31/2026,GBP,60240 Other Compensation and Benefits : Employee Benefits,Roofoods Ltd,66,USD,350 - Workplace Services,60 - Busuu,"JUL26, Food & Beverages",Bill,,,,False,,
29 - Busuu Ltd,Aug 2026,8/15/2026,7/31/2026,GBP,62110 Technology Expenses : Software License/Renewal/Support - Electronically Delivered,MongoDB Limited,"1,592",USD,140 - Engineering Discovery,60 - Busuu,"July26, MongoDB - Busuu (1/7/2026 - 31/7/2026)",Bill,10405,,,False,,
29 - Busuu Ltd,Aug 2026,8/15/2026,7/31/2026,GBP,65120 Professional fees : Tax Fees,Azets Holdings Ltd - London (Account ending 360),"1,760",USD,323 - Tax,60 - Busuu,"jul26, UK accounting and tax compliance",Bill,10928,,,False,,
29 - Busuu Ltd,Aug 2026,8/15/2026,7/31/2026,GBP,65120 Professional fees : Tax Fees,Azets Holdings Ltd - London (Account ending 360),"3,317",USD,323 - Tax,60 - Busuu,"JUL26, UK accounting and tax compliance",Bill,10928,,,False,,
29 - Busuu Ltd,Aug 2026,8/15/2026,7/31/2026,GBP,65720 Outside services : Contractors,Lexernet Limited,"27,076",USD,331 - Legal,60 - Busuu,"AUG26, Matthew Angel - Legal Contractor fees Lex Solutions",Bill,10025,,,False,,
29 - Busuu Ltd,Aug 2026,8/15/2026,7/31/2026,GBP,65720 Outside services : Contractors,Oxagile LLC- (International payments),"9,477",USD,160 - Commerce Engineering,60 - Busuu,"JUL26, Maryna Stasevich",Bill,10526,,,False,,
29 - Busuu Ltd,Aug 2026,8/15/2026,7/31/2026,GBP,65720 Outside services : Contractors,Oxagile LLC- (International payments),"10,154",USD,140 - Engineering Discovery,60 - Busuu,"JUL26, Natalia Linkevich 2026",Bill,10539,,,False,,
29 - Busuu Ltd,Aug 2026,8/15/2026,7/31/2026,GBP,65720 Outside services : Contractors,Oxagile LLC- (International payments),"10,675",USD,140 - Engineering Discovery,60 - Busuu,"July26, Alexey Rossennik 2026 - Senior iOS Engineer",Bill,10523,,,False,,
29 - Busuu Ltd,Aug 2026,8/15/2026,7/31/2026,GBP,65720 Outside services : Contractors,Rebelpug S.R.L.,"10,052",USD,140 - Engineering Discovery,60 - Busuu,"JUL26, Paolo Amosso",Bill,10704,,,False,,
29 - Busuu Ltd,Aug 2026,8/15/2026,7/31/2026,GBP,66530 Rounding Gain/Loss,Vendor,-0,USD,000 - Central,00 - Corporate,,Currency Revaluation,,,,False,,
29 - Busuu Ltd,Aug 2026,8/15/2026,7/31/2026,GBP,66530 Rounding Gain/Loss,Vendor,-0,USD,000 - Central,00 - Corporate,,Currency Revaluation,,,,False,,
29 - Busuu Ltd,Aug 2026,8/15/2026,7/31/2026,GBP,66530 Rounding Gain/Loss,Vendor,-0,USD,000 - Central,00 - Corporate,,Currency Revaluation,,,,False,,
29 - Busuu Ltd,Aug 2026,8/15/2026,7/31/2026,GBP,66530 Rounding Gain/Loss,Vendor,0,USD,000 - Central,00 - Corporate,,Currency Revaluation,,,,False,,
29 - Busuu Ltd,Aug 2026,8/15/2026,7/31/2026,GBP,66530 Rounding Gain/Loss,Vendor,0,USD,000 - Central,00 - Corporate,,Currency Revaluation,,,,False,,
29 - Busuu Ltd,Aug 2026,8/15/2026,7/31/2026,USD,61180 Marketing Expenses : Brand Marketing,UPWORK GLOBAL INC.,"1,530",USD,203 - Creative Marketing,60 - Busuu,"July26, Reuel Roberts - Paid Marketing Design Services",Bill,10855,,,False,,Invoice
29 - Busuu Ltd,Aug 2026,8/15/2026,7/31/2026,USD,61200 Marketing Expenses : Creative Development,UPWORK GLOBAL INC.,341,USD,203 - Creative Marketing,60 - Busuu,"JUL26, Iryna Shcherbyna - Freelance Motion Designer, H226, Creative Team",Bill,10854,,,False,,Invoice
29 - Busuu Ltd,Aug 2026,8/15/2026,7/31/2026,USD,61240 Marketing Expenses : Social Media,UPWORK GLOBAL INC.,"4,694",USD,203 - Creative Marketing,60 - Busuu,"July26, Video Content Creator Busuu Social Media",Bill,10725,,,False,,Invoice
29 - Busuu Ltd,Aug 2026,8/15/2026,7/31/2026,USD,61260 Marketing Expenses : Marketing - Other,UPWORK GLOBAL INC.,82,USD,205 - SEO Marketing,60 - Busuu,"JUL26, Busuu SEO Article Writing and Editing (Upwork) - 2026",Bill,10519,,,False,,Invoice
29 - Busuu Ltd,Aug 2026,8/15/2026,7/31/2026,USD,61260 Marketing Expenses : Marketing - Other,UPWORK GLOBAL INC.,"2,059",USD,205 - SEO Marketing,60 - Busuu,"JUL26, Busuu SEO Article Writing and Editing (Upwork) - 2026",Bill,10519,,,False,,Invoice
29 - Busuu Ltd,Aug 2026,8/15/2026,7/31/2026,USD,61260 Marketing Expenses : Marketing - Other,UPWORK GLOBAL INC.,"5,151",USD,225 - Partnerships,60 - Busuu,"JUL26, B2B Content Marketing Services",Bill,10684,,,False,,Invoice
29 - Busuu Ltd,Aug 2026,8/15/2026,7/31/2026,USD,65720 Outside services : Contractors,Oxagile LLC (USD),"8,254",USD,140 - Engineering Discovery,60 - Busuu,"JUL26, Achraf Dahmani - Senior Engineer",Bill,10524,,,False,,
29 - Busuu Ltd,Aug 2026,8/15/2026,7/31/2026,USD,65720 Outside services : Contractors,UPWORK GLOBAL INC.,595,USD,140 - Engineering Discovery,60 - Busuu,"JUL26, Stephanos Gosling - Busuu CloudOps contractor H1 2026",Bill,10518,,,False,,
29 - Busuu Ltd,Aug 2026,8/15/2026,7/31/2026,USD,65720 Outside services : Contractors,UPWORK GLOBAL INC.,682,USD,204 - Performance Marketing,60 - Busuu,"JUL26, Reuel Roberts - Freelance Designer, H125, Performance Marketing",Bill,9795,,,False,,
29 - Busuu Ltd,Aug 2026,8/15/2026,7/31/2026,USD,65720 Outside services : Contractors,UPWORK GLOBAL INC.,"2,127",USD,140 - Engineering Discovery,60 - Busuu,"JUL26, Stephanos Gosling - Busuu CloudOps contractor H1 2026",Bill,10828,,,False,,
29 - Busuu Ltd,Aug 2026,8/15/2026,7/31/2026,USD,65720 Outside services : Contractors,UPWORK GLOBAL INC.,"2,230",USD,206 - Customer Relationship Marketing,60 - Busuu,"JUL26, Kimberly Asturias new contract",Bill,10691,,,False,,
29 - Busuu Ltd,Aug 2026,8/15/2026,7/31/2026,USD,65720 Outside services : Contractors,UPWORK GLOBAL INC.,"2,295",USD,205 - SEO Marketing,60 - Busuu,"July26, Busuu Community Manager - Sharae Wynn - 2026",Bill,10520,,,False,,
29 - Busuu Ltd,Aug 2026,8/15/2026,7/31/2026,USD,65790 Outside services : Other Outside Services,UPWORK GLOBAL INC.,944,USD,385 - Content Development,60 - Busuu,"JUL26, learning design- proofreading/QA copy freelancers 2026 UPWORK",Bill,10584,,,False,,
29 - Busuu Ltd,Aug 2026,8/15/2026,7/31/2026,USD,65790 Outside services : Other Outside Services,UPWORK GLOBAL INC.,"2,315",USD,385 - Content Development,60 - Busuu,"July26, Learning Design - Voice artists freelancer 2025 - UPWORK",Bill,10583,,,False,,
29 - Busuu Ltd,Aug 2026,8/15/2026,7/31/2026,USD,65790 Outside services : Other Outside Services,UPWORK GLOBAL INC.,"5,224",USD,385 - Content Development,60 - Busuu,"JUL26, Learning Design Material writers contractors 2026 - Learning content creationUPWORK",Bill,10591,,,False,,
29 - Busuu Ltd,Aug 2026,8/15/2026,8/1/2026,GBP,60150 Salary & Wages : Bonus,Vendor,"-204,885",USD,360 - General Management,60 - Busuu,0726 Bonus & Commission Accruals UK GM Bonus,Journal,,,,False,,
29 - Busuu Ltd,Aug 2026,8/15/2026,8/1/2026,GBP,60150 Salary & Wages : Bonus,Vendor,"-52,566",USD,225 - Partnerships,60 - Busuu,0726 Bonus & Commission Accruals UK Bonus,Journal,,,,False,,
29 - Busuu Ltd,Aug 2026,8/15/2026,8/1/2026,GBP,60160 Salary & Wages : Commissions,Vendor,"-58,463",USD,225 - Partnerships,60 - Busuu,0726 Bonus & Commission Accruals UK Commissions,Journal,,,,False,,
29 - Busuu Ltd,Aug 2026,8/15/2026,8/1/2026,GBP,60180 Salary & Wages : Employer Payroll Taxes,Vendor,"-47,129",USD,341 - HR Operations,60 - Busuu,PSA Accrual - 2025/26,Journal,,,,False,,
29 - Busuu Ltd,Aug 2026,8/15/2026,8/1/2026,GBP,60180 Salary & Wages : Employer Payroll Taxes,Vendor,"-12,500",USD,225 - Partnerships,60 - Busuu,0726 Bonus & Commission Accruals UK Payroll Taxes,Journal,,,,False,,
29 - Busuu Ltd,Aug 2026,8/15/2026,8/1/2026,GBP,60180 Salary & Wages : Employer Payroll Taxes,Vendor,"-7,122",USD,341 - HR Operations,60 - Busuu,P11D 2026/27,Journal,,,,False,,
29 - Busuu Ltd,Aug 2026,8/15/2026,8/1/2026,GBP,60180 Salary & Wages : Employer Payroll Taxes,Vendor,"-6,752",USD,341 - HR Operations,60 - Busuu,PSA Accrual - 2026/27,Journal,,,,False,,
29 - Busuu Ltd,Aug 2026,8/15/2026,8/1/2026,GBP,60180 Salary & Wages : Employer Payroll Taxes,Vendor,"-2,971",USD,360 - General Management,60 - Busuu,0726 Bonus & Commission Accruals UK GM Bonus Taxes,Journal,,,,False,,
29 - Busuu Ltd,Aug 2026,8/15/2026,8/1/2026,GBP,60530 Recruitment Expenses : Placement Fees,Signify Technology Group Limited,"-1,990",USD,342 - Talent Acquisition,60 - Busuu,Recruitment fees on Paolo Amosso,Journal,,,,False,,
29 - Busuu Ltd,Aug 2026,8/15/2026,8/1/2026,GBP,60530 Recruitment Expenses : Placement Fees,Trust in Soda Ltd,"-76,355",USD,342 - Talent Acquisition,60 - Busuu,Accruing for Recruitment Fees - AH,Journal,,,,False,,
29 - Busuu Ltd,Aug 2026,8/15/2026,8/1/2026,GBP,61100 Marketing Expenses : Advertisement / Promotion,Google Ireland Ltd,"-406,408",USD,204 - Performance Marketing,60 - Busuu,Google Ireland Ltd - EUR,Journal,,,,False,,Non-accrual
29 - Busuu Ltd,Aug 2026,8/15/2026,8/1/2026,GBP,61100 Marketing Expenses : Advertisement / Promotion,Google Ireland Ltd,"-160,314",USD,204 - Performance Marketing,60 - Busuu,Google Ireland Ltd - EUR,Journal,,,,False,,Non-accrual
29 - Busuu Ltd,Aug 2026,8/15/2026,8/1/2026,GBP,61100 Marketing Expenses : Advertisement / Promotion,Google Ireland Ltd,"-108,580",USD,225 - Partnerships,60 - Busuu,Paid search (Google),Journal,,,,False,,Non-accrual
29 - Busuu Ltd,Aug 2026,8/15/2026,8/1/2026,GBP,61100 Marketing Expenses : Advertisement / Promotion,Google Ireland Ltd,"-78,202",USD,204 - Performance Marketing,60 - Busuu,Google Ireland Ltd - EUR,Journal,,,,False,,Non-accrual
29 - Busuu Ltd,Aug 2026,8/15/2026,8/1/2026,GBP,61100 Marketing Expenses : Advertisement / Promotion,LinkedIn (Campaign Costs EUR),"-8,645",USD,225 - Partnerships,60 - Busuu,LinkedIn - Content deployment,Journal,,,,False,,Non-accrual
29 - Busuu Ltd,Aug 2026,8/15/2026,8/1/2026,GBP,61150 Marketing Expenses : Paid Media : SEM,Acceleration eMarketing Limited,"-1,603",USD,204 - Performance Marketing,60 - Busuu,Acceleration,Journal,,,,False,,Non-accrual
29 - Busuu Ltd,Aug 2026,8/15/2026,8/1/2026,GBP,61190 Marketing Expenses : Mobile Advertising,Apple Inc.,"-279,084",USD,204 - Performance Marketing,60 - Busuu,Apple Inc.,Journal,,,,False,,Non-accrual
29 - Busuu Ltd,Aug 2026,8/15/2026,8/1/2026,GBP,61190 Marketing Expenses : Mobile Advertising,SplitMetrics Inc.,"-12,576",USD,204 - Performance Marketing,60 - Busuu,Splitmetrics,Journal,,,,False,,Non-accrual
29 - Busuu Ltd,Aug 2026,8/15/2026,8/1/2026,GBP,61220 Marketing Expenses : Trade Shows,HRC INTERNATIONAL ACADEMY SRL,"-6,723",USD,225 - Partnerships,60 - Busuu,HRC Partnership 2025,Journal,,,,False,,Non-accrual
29 - Busuu Ltd,Aug 2026,8/15/2026,8/1/2026,GBP,61220 Marketing Expenses : Trade Shows,Impactic Global GmbH,"-25,722",USD,225 - Partnerships,60 - Busuu,Correction of Inv RE2742431 - Busuu roundtables and seminars with Impactic (Paris seminar - September 2026 ),Journal,,,,False,,Non-accrual
29 - Busuu Ltd,Aug 2026,8/15/2026,8/1/2026,GBP,61220 Marketing Expenses : Trade Shows,Impactic Global GmbH,"67,690",USD,225 - Partnerships,60 - Busuu,Correction of Inv RE2742431,Journal,,,,False,,Non-accrual
29 - Busuu Ltd,Aug 2026,8/15/2026,8/1/2026,GBP,61260 Marketing Expenses : Marketing - Other,CJ Affiliate,"-2,377",USD,204 - Performance Marketing,60 - Busuu,CJ Affiliate,Journal,,,,False,,Non-accrual
29 - Busuu Ltd,Aug 2026,8/15/2026,8/1/2026,GBP,61260 Marketing Expenses : Marketing - Other,Fomo AI,"-22,439",USD,225 - Partnerships,60 - Busuu,Tool development and implementation on B2B site,Journal,,,,False,,Non-accrual
29 - Busuu Ltd,Aug 2026,8/15/2026,8/1/2026,GBP,61260 Marketing Expenses : Marketing - Other,Footage Firm Inc.,"-1,061",USD,203 - Creative Marketing,60 - Busuu,Video Stock library,Journal,,,,False,,Non-accrual
29 - Busuu Ltd,Aug 2026,8/15/2026,8/1/2026,GBP,61260 Marketing Expenses : Marketing - Other,UsabilityHub Pty Ltd,"-2,498",USD,201 - Brand Marketing,60 - Busuu,Creative Testing (Lyssna) - top up line,Journal,,,,False,,Non-accrual
29 - Busuu Ltd,Aug 2026,8/15/2026,8/1/2026,GBP,62100 Technology Expenses : Web Hosting Expense,Microsoft Ireland Operations Limited,"-11,045",USD,530 - Supply Chain,60 - Busuu,Azure accrual (May & June),Journal,,,,False,,
29 - Busuu Ltd,Aug 2026,8/15/2026,8/1/2026,GBP,62110 Technology Expenses : Software License/Renewal/Support - Electronically Delivered,Aircall SAS (International payment),"-1,856",USD,225 - Partnerships,60 - Busuu,Monthly Calling Subscription,Journal,,,,False,,
29 - Busuu Ltd,Aug 2026,8/15/2026,8/1/2026,GBP,62110 Technology Expenses : Software License/Renewal/Support - Electronically Delivered,GitHub Inc.- (International payments),"-1,333",USD,122 - Engineering Operations,60 - Busuu,Github Enterprise Metered Billing Funds - GitHub Copilot (Add - on) - Monthy usage for Copilot AI coding tool and Github Actions,Journal,,,,False,,
29 - Busuu Ltd,Aug 2026,8/15/2026,8/1/2026,GBP,62110 Technology Expenses : Software License/Renewal/Support - Electronically Delivered,HubSpot Ireland Ltd,"-13,538",USD,225 - Partnerships,60 - Busuu,CRM,Journal,,,,False,,
29 - Busuu Ltd,Aug 2026,8/15/2026,8/1/2026,GBP,62110 Technology Expenses : Software License/Renewal/Support - Electronically Delivered,Miuros S.A.S,"-1,320",USD,580 - Support Operations,60 - Busuu,Accrued for 18 Days a Previous Invoice Expired at 12th May,Journal,,,,False,,
29 - Busuu Ltd,Aug 2026,8/15/2026,8/1/2026,GBP,62110 Technology Expenses : Software License/Renewal/Support - Electronically Delivered,MongoDB Limited,"-3,186",USD,122 - Engineering Operations,60 - Busuu,Accruing Mongo DB,Journal,,,,False,,
29 - Busuu Ltd,Aug 2026,8/15/2026,8/1/2026,GBP,62110 Technology Expenses : Software License/Renewal/Support - Electronically Delivered,Vendor,"-1,285",USD,122 - Engineering Operations,60 - Busuu,Maestro Parallel Device Cloud Software testing license,Journal,,,,False,,
29 - Busuu Ltd,Aug 2026,8/15/2026,8/1/2026,GBP,62110 Technology Expenses : Software License/Renewal/Support - Electronically Delivered,Vendor,"-1,171",USD,225 - Partnerships,60 - Busuu,Costs associated with link building for B2B site,Journal,,,,False,,
29 - Busuu Ltd,Aug 2026,8/15/2026,8/1/2026,GBP,63110 Facility Expenses : Office Telephone,DRD Communications Ltd,-166,USD,350 - Workplace Services,60 - Busuu,Office telephone cost,Journal,,,,False,,
29 - Busuu Ltd,Aug 2026,8/15/2026,8/1/2026,GBP,63110 Facility Expenses : Office Telephone,DRD Communications Ltd,-0,USD,350 - Workplace Services,60 - Busuu,"JUL26,  User/Group Services (eg Voicemail,Call Recording)",Bill,,,,False,,
29 - Busuu Ltd,Aug 2026,8/15/2026,8/1/2026,GBP,63110 Facility Expenses : Office Telephone,DRD Communications Ltd,0,USD,350 - Workplace Services,60 - Busuu,"JUL26, Calls - From Landline",Bill,,,,False,,
29 - Busuu Ltd,Aug 2026,8/15/2026,8/1/2026,GBP,63110 Facility Expenses : Office Telephone,DRD Communications Ltd,30,USD,350 - Workplace Services,60 - Busuu,"JUL26, Call Bundles - Landline",Bill,,,,False,,
29 - Busuu Ltd,Aug 2026,8/15/2026,8/1/2026,GBP,63110 Facility Expenses : Office Telephone,DRD Communications Ltd,57,USD,350 - Workplace Services,60 - Busuu,"JUL26,  User/Group Services (eg Voicemail,Call Recording)",Bill,,,,False,,
29 - Busuu Ltd,Aug 2026,8/15/2026,8/1/2026,GBP,63110 Facility Expenses : Office Telephone,DRD Communications Ltd,73,USD,350 - Workplace Services,60 - Busuu,"JUL26, User Licences (Phone/DesktopApp/MobileApp)",Bill,,,,False,,
29 - Busuu Ltd,Aug 2026,8/15/2026,8/1/2026,GBP,63150 Facility Expenses : Rent Expense,Business Cube Management Solutions Limited,0,USD,350 - Workplace Services,60 - Busuu,IN-LD-02 lease incentive credit,Journal,,,,False,,
29 - Busuu Ltd,Aug 2026,8/15/2026,8/1/2026,GBP,63150 Facility Expenses : Rent Expense,Business Cube Management Solutions Limited,"59,409",USD,350 - Workplace Services,60 - Busuu,IN-LD-02 rent exp.,Journal,,,,False,,
29 - Busuu Ltd,Aug 2026,8/15/2026,8/1/2026,GBP,64140 Travel & Entertainment : Entertainment,Vendor,"-1,692",USD,360 - General Management,60 - Busuu,"STRONGROOM KITCHEN - London office social on 25-JUN for 25 people, allocated £50 per head. Bar has confirmed any unused funds will be refunded.",Journal,,,,False,,
29 - Busuu Ltd,Aug 2026,8/15/2026,8/1/2026,GBP,64155 Travel & Entertainment : Employee Training,LinkedIn (GBP),"-8,191",USD,341 - HR Operations,60 - Busuu,"MAY26-MAY27, LinkedIn Learning as an LMS - Yr 2-3",Journal,,,,False,,
29 - Busuu Ltd,Aug 2026,8/15/2026,8/1/2026,GBP,65100 Professional fees : Accounting Fees,Cooper Parry Group Limited,"-33,168",USD,321 - Accounting,60 - Busuu,Audit fee 2026,Journal,,,,False,,
29 - Busuu Ltd,Aug 2026,8/15/2026,8/1/2026,GBP,65100 Professional fees : Accounting Fees,Cooper Parry Group Limited,"-2,031",USD,321 - Accounting,60 - Busuu,Audit fee 2025,Journal,,,,False,,
29 - Busuu Ltd,Aug 2026,8/15/2026,8/1/2026,GBP,65100 Professional fees : Accounting Fees,Ernst & Young LLP (International payments),"-2,374",USD,321 - Accounting,60 - Busuu,EY - India VAT,Journal,,,,False,,
29 - Busuu Ltd,Aug 2026,8/15/2026,8/1/2026,GBP,65120 Professional fees : Tax Fees,Azets Holdings Ltd - London (Account ending 360),"-7,514",USD,323 - Tax,60 - Busuu,Tax fee 2025 - azets,Journal,,,,False,,
29 - Busuu Ltd,Aug 2026,8/15/2026,8/1/2026,GBP,65120 Professional fees : Tax Fees,Azets Holdings Ltd - London (Account ending 360),"-4,383",USD,323 - Tax,60 - Busuu,Tax fee 2026,Journal,,,,False,,
29 - Busuu Ltd,Aug 2026,8/15/2026,8/1/2026,GBP,65120 Professional fees : Tax Fees,Azets Holdings Ltd - London (Account ending 360),"-1,421",USD,323 - Tax,60 - Busuu,ERS - azets 2025/26,Journal,,,,False,,
29 - Busuu Ltd,Aug 2026,8/15/2026,8/1/2026,GBP,65120 Professional fees : Tax Fees,Azets Holdings Ltd - London (Account ending 360),-474,USD,323 - Tax,60 - Busuu,ERS - azets 2026/27,Journal,,,,False,,
29 - Busuu Ltd,Aug 2026,8/15/2026,8/1/2026,GBP,65190 Professional fees : Other Consulting Fee,Activpayroll Ltd (EUR),"-3,278",USD,321 - Accounting,60 - Busuu,ActivPayroll (EUR),Journal,,,,False,,
29 - Busuu Ltd,Aug 2026,8/15/2026,8/1/2026,GBP,65190 Professional fees : Other Consulting Fee,Activpayroll Ltd (EUR),"-2,927",USD,321 - Accounting,60 - Busuu,Accrued Remmuneration Register for 2026,Journal,,,,False,,
29 - Busuu Ltd,Aug 2026,8/15/2026,8/1/2026,GBP,65190 Professional fees : Other Consulting Fee,Activpayroll Ltd (GBP),"-2,288",USD,321 - Accounting,60 - Busuu,ActivPayroll (GBP),Journal,,,,False,,
29 - Busuu Ltd,Aug 2026,8/15/2026,8/1/2026,GBP,65190 Professional fees : Other Consulting Fee,GPDP Limited,"-1,354",USD,323 - Tax,60 - Busuu,R&D scoping project FY25,Journal,,,,False,,
29 - Busuu Ltd,Aug 2026,8/15/2026,8/1/2026,GBP,65190 Professional fees : Other Consulting Fee,Virtalent Ltd,"-3,578",USD,360 - General Management,60 - Busuu,Virtual assistant - Accrued for June as per Forecast,Journal,,,,False,,
29 - Busuu Ltd,Aug 2026,8/15/2026,8/1/2026,GBP,65230 Legal fees : Legal - Corporate,Kingsley Napley LLP,"-5,777",USD,331 - Legal,60 - Busuu,Extra project - March & April,Journal,,,,False,,
29 - Busuu Ltd,Aug 2026,8/15/2026,8/1/2026,GBP,65230 Legal fees : Legal - Corporate,"Orrick, Herrington & Sutcliffe LLP","-10,543",USD,331 - Legal,60 - Busuu,Orrick Herrington & Sutcliffe (UK) LLP - March Accrued,Journal,,,,False,,
29 - Busuu Ltd,Aug 2026,8/15/2026,8/1/2026,GBP,65230 Legal fees : Legal - Corporate,Vendor,"-6,769",USD,331 - Legal,60 - Busuu,Legal Fees - AD HOC,Journal,,,,False,,
29 - Busuu Ltd,Aug 2026,8/15/2026,8/1/2026,GBP,65230 Legal fees : Legal - Corporate,Vendor,"-3,249",USD,341 - HR Operations,60 - Busuu,Spendesk - Settlement fees,Journal,,,,False,,
29 - Busuu Ltd,Aug 2026,8/15/2026,8/1/2026,GBP,65720 Outside services : Contractors,A Tavola Limited t/a Torrence Marketing,"-20,307",USD,206 - Customer Relationship Marketing,60 - Busuu,Katherine Torrence,Journal,,,,False,,
29 - Busuu Ltd,Aug 2026,8/15/2026,8/1/2026,GBP,65720 Outside services : Contractors,A Tavola Limited t/a Torrence Marketing,"10,154",USD,206 - Customer Relationship Marketing,60 - Busuu,"JUL26, Fractional CMO",Bill,10762,,,False,,
29 - Busuu Ltd,Aug 2026,8/15/2026,8/1/2026,GBP,65720 Outside services : Contractors,"Deel, Inc. (Direct Debit)","-96,264",USD,181 - Data Analytics,60 - Busuu,"Jul 26, Baptiste Dufresne, Salary inc NI Contributions",Journal,,,,False,,
29 - Busuu Ltd,Aug 2026,8/15/2026,8/1/2026,GBP,65720 Outside services : Contractors,"Deel, Inc. (Direct Debit)","-60,222",USD,360 - General Management,60 - Busuu,"Jul 26, Karine Allouche, Salary inc NI Contributions",Journal,,,,False,,
29 - Busuu Ltd,Aug 2026,8/15/2026,8/1/2026,GBP,65720 Outside services : Contractors,"Deel, Inc. (Direct Debit)","-20,807",USD,225 - Partnerships,60 - Busuu,"Jul 26, Cecile Labazordiere Ruillier Beaufond Salary inc NI Contributions",Journal,,,,False,,
29 - Busuu Ltd,Aug 2026,8/15/2026,8/1/2026,GBP,65720 Outside services : Contractors,"Deel, Inc. (Direct Debit)","-13,560",USD,225 - Partnerships,60 - Busuu,"Jul 26, Paul Dufresne, Salary inc NI Contributions",Journal,,,,False,,
29 - Busuu Ltd,Aug 2026,8/15/2026,8/1/2026,GBP,65720 Outside services : Contractors,"Deel, Inc. (Direct Debit)","-12,934",USD,225 - Partnerships,60 - Busuu,"Jul 26, Lucrezia Scarapicchia, Salary inc NI Contributions",Journal,,,,False,,
29 - Busuu Ltd,Aug 2026,8/15/2026,8/1/2026,GBP,65720 Outside services : Contractors,"Deel, Inc. (Direct Debit)","-11,536",USD,225 - Partnerships,60 - Busuu,0726 Bonus & Commission Accruals UK DEEL,Journal,,,,False,,
29 - Busuu Ltd,Aug 2026,8/15/2026,8/1/2026,GBP,65720 Outside services : Contractors,"Deel, Inc. (Direct Debit)","-11,180",USD,225 - Partnerships,60 - Busuu,"Jul 26, Cecile Labazordiere Ruillier Beaufond, Bonus",Journal,,,,False,,
29 - Busuu Ltd,Aug 2026,8/15/2026,8/1/2026,GBP,65720 Outside services : Contractors,"Deel, Inc. (Direct Debit)","-10,283",USD,225 - Partnerships,60 - Busuu,"Jul 26, Alina Rios Mesa, Salary inc NI Contributions",Journal,,,,False,,
29 - Busuu Ltd,Aug 2026,8/15/2026,8/1/2026,GBP,65720 Outside services : Contractors,"Deel, Inc. (Direct Debit)","-8,613",USD,225 - Partnerships,60 - Busuu,"Jul 26, Lucrezia Scarapicchia, Bonus",Journal,,,,False,,
29 - Busuu Ltd,Aug 2026,8/15/2026,8/1/2026,GBP,65720 Outside services : Contractors,"Deel, Inc. (Direct Debit)","-7,646",USD,140 - Engineering Discovery,60 - Busuu,"Jul 26, Stefan Krasimirov Kosev, Salary inc NI Contributions",Journal,,,,False,,
29 - Busuu Ltd,Aug 2026,8/15/2026,8/1/2026,GBP,65720 Outside services : Contractors,"Deel, Inc. (Direct Debit)","-7,369",USD,203 - Creative Marketing,60 - Busuu,"Jul 26, Alex Nollent, Salary inc NI Contributions",Journal,,,,False,,
29 - Busuu Ltd,Aug 2026,8/15/2026,8/1/2026,GBP,65720 Outside services : Contractors,"Deel, Inc. (Direct Debit)","-2,974",USD,225 - Partnerships,60 - Busuu,"Jul 26, Alina Rios Mesa, Bonus",Journal,,,,False,,
29 - Busuu Ltd,Aug 2026,8/15/2026,8/1/2026,GBP,65720 Outside services : Contractors,"Deel, Inc. (Direct Debit)","-1,691",USD,140 - Engineering Discovery,60 - Busuu,"Jul 26, Stefan Krasimirov Kosev, Bonus",Journal,,,,False,,
29 - Busuu Ltd,Aug 2026,8/15/2026,8/1/2026,GBP,65720 Outside services : Contractors,"Deel, Inc. (Direct Debit)","-1,467",USD,225 - Partnerships,60 - Busuu,"Jul 26, Lucrezia Scarapicchia, Expenses",Journal,,,,False,,
29 - Busuu Ltd,Aug 2026,8/15/2026,8/1/2026,GBP,65720 Outside services : Contractors,"Deel, Inc. (Direct Debit)",-862,USD,181 - Data Analytics,60 - Busuu,"Jul 26, Baptiste Dufresne, Platform Fee",Journal,,,,False,,
29 - Busuu Ltd,Aug 2026,8/15/2026,8/1/2026,GBP,65720 Outside services : Contractors,"Deel, Inc. (Direct Debit)",-449,USD,225 - Partnerships,60 - Busuu,"Jul 26, Cecile Labazordiere Ruillier Beaufond Expenses",Journal,,,,False,,
29 - Busuu Ltd,Aug 2026,8/15/2026,8/1/2026,GBP,65720 Outside services : Contractors,"Deel, Inc. (Direct Debit)",-439,USD,225 - Partnerships,60 - Busuu,"Jul 26, Cecile Labazordiere Ruillier Beaufond, Platform Fee",Journal,,,,False,,
29 - Busuu Ltd,Aug 2026,8/15/2026,8/1/2026,GBP,65720 Outside services : Contractors,"Deel, Inc. (Direct Debit)",-439,USD,225 - Partnerships,60 - Busuu,"Jul 26, Paul Dufresne, Platform Fee",Journal,,,,False,,
29 - Busuu Ltd,Aug 2026,8/15/2026,8/1/2026,GBP,65720 Outside services : Contractors,"Deel, Inc. (Direct Debit)",-439,USD,360 - General Management,60 - Busuu,"Jul 26, Karine Allouche, Platform Fee",Journal,,,,False,,
29 - Busuu Ltd,Aug 2026,8/15/2026,8/1/2026,GBP,65720 Outside services : Contractors,"Deel, Inc. (Direct Debit)",-423,USD,140 - Engineering Discovery,60 - Busuu,"Jul 26, Stefan Krasimirov Kosev, Platform Fee",Journal,,,,False,,
29 - Busuu Ltd,Aug 2026,8/15/2026,8/1/2026,GBP,65720 Outside services : Contractors,"Deel, Inc. (Direct Debit)",-423,USD,203 - Creative Marketing,60 - Busuu,"Jul 26, Alex Nollent, Platform Fee",Journal,,,,False,,
29 - Busuu Ltd,Aug 2026,8/15/2026,8/1/2026,GBP,65720 Outside services : Contractors,"Deel, Inc. (Direct Debit)",-423,USD,225 - Partnerships,60 - Busuu,"Jul 26, Alina Rios Mesa, Platform Fee",Journal,,,,False,,
29 - Busuu Ltd,Aug 2026,8/15/2026,8/1/2026,GBP,65720 Outside services : Contractors,"Deel, Inc. (Direct Debit)",-423,USD,225 - Partnerships,60 - Busuu,"Jul 26, Lucrezia Scarapicchia, Platform Fee",Journal,,,,False,,
29 - Busuu Ltd,Aug 2026,8/15/2026,8/1/2026,GBP,65720 Outside services : Contractors,"Deel, Inc. (Direct Debit)",-5,USD,203 - Creative Marketing,60 - Busuu,"Jul 26, Alex Nollent, Payment Processing Fee",Journal,,,,False,,
29 - Busuu Ltd,Aug 2026,8/15/2026,8/1/2026,GBP,65720 Outside services : Contractors,Lexernet Limited,"-27,076",USD,331 - Legal,60 - Busuu,Matthew Angel,Journal,,,,False,,
29 - Busuu Ltd,Aug 2026,8/15/2026,8/1/2026,GBP,65720 Outside services : Contractors,Operatix Limited,"-5,402",USD,225 - Partnerships,60 - Busuu,MemoryBlue - Alejandro Garcia,Journal,,,,False,,
29 - Busuu Ltd,Aug 2026,8/15/2026,8/1/2026,GBP,65720 Outside services : Contractors,Operatix Limited,"-5,402",USD,225 - Partnerships,60 - Busuu,MemoryBlue - Antoine Andreau,Journal,,,,False,,
29 - Busuu Ltd,Aug 2026,8/15/2026,8/1/2026,GBP,65720 Outside services : Contractors,Operatix Limited,"-5,402",USD,225 - Partnerships,60 - Busuu,MemoryBlue - Davide Garbarino,Journal,,,,False,,
29 - Busuu Ltd,Aug 2026,8/15/2026,8/1/2026,GBP,65720 Outside services : Contractors,Operatix Limited,"-5,402",USD,225 - Partnerships,60 - Busuu,MemoryBlue - Deborah Cardarelli,Journal,,,,False,,
29 - Busuu Ltd,Aug 2026,8/15/2026,8/1/2026,GBP,65720 Outside services : Contractors,Operatix Limited,"-5,402",USD,225 - Partnerships,60 - Busuu,MemoryBlue - Fraz Bashir,Journal,,,,False,,
29 - Busuu Ltd,Aug 2026,8/15/2026,8/1/2026,GBP,65720 Outside services : Contractors,Operatix Limited,"-5,402",USD,225 - Partnerships,60 - Busuu,MemoryBlue - Mustafa Unal,Journal,,,,False,,
29 - Busuu Ltd,Aug 2026,8/15/2026,8/1/2026,GBP,65720 Outside services : Contractors,Operatix Limited,"-5,402",USD,225 - Partnerships,60 - Busuu,MemoryBlue - Sascha Kritzler,Journal,,,,False,,
29 - Busuu Ltd,Aug 2026,8/15/2026,8/1/2026,GBP,65720 Outside services : Contractors,Oxagile LLC (USD),"-8,282",USD,140 - Engineering Discovery,60 - Busuu,Achraf Dahmani,Journal,,,,False,,
29 - Busuu Ltd,Aug 2026,8/15/2026,8/1/2026,GBP,65720 Outside services : Contractors,Oxagile LLC- (International payments),"-10,675",USD,140 - Engineering Discovery,60 - Busuu,Alexey Rossennik,Journal,,,,False,,
29 - Busuu Ltd,Aug 2026,8/15/2026,8/1/2026,GBP,65720 Outside services : Contractors,Oxagile LLC- (International payments),"-10,154",USD,131 - Platform - Data Engineering,60 - Busuu,Natalia Linkevich,Journal,,,,False,,
29 - Busuu Ltd,Aug 2026,8/15/2026,8/1/2026,GBP,65720 Outside services : Contractors,Oxagile LLC- (International payments),"-9,477",USD,140 - Engineering Discovery,60 - Busuu,Maryna Stasevich,Journal,,,,False,,
29 - Busuu Ltd,Aug 2026,8/15/2026,8/1/2026,GBP,65720 Outside services : Contractors,Ozaraa Servicos De Technologia LTDA,"-5,677",USD,140 - Engineering Discovery,60 - Busuu,Carlos Lucas da Silva Dias,Journal,,,,False,,
29 - Busuu Ltd,Aug 2026,8/15/2026,8/1/2026,GBP,65720 Outside services : Contractors,Pivot Forward Ltd.,"-45,353",USD,341 - HR Operations,60 - Busuu,PivotForward,Journal,,,,False,,
29 - Busuu Ltd,Aug 2026,8/15/2026,8/1/2026,GBP,65720 Outside services : Contractors,Rebelpug S.R.L.,"-9,382",USD,140 - Engineering Discovery,60 - Busuu,Paolo Amosso,Journal,,,,False,,
29 - Busuu Ltd,Aug 2026,8/15/2026,8/1/2026,GBP,65720 Outside services : Contractors,Technova Servicos Desenvolvimeto Programas Informatica LTDA EPP,"-7,199",USD,160 - Commerce Engineering,60 - Busuu,Alan Hoffmeister (2025),Journal,,,,False,,
29 - Busuu Ltd,Aug 2026,8/15/2026,8/1/2026,GBP,65720 Outside services : Contractors,Vendor,"-11,707",USD,181 - Data Analytics,60 - Busuu,Juan Carlos,Journal,,,,False,,
29 - Busuu Ltd,Aug 2026,8/15/2026,8/1/2026,GBP,65720 Outside services : Contractors,Vendor,"-6,787",USD,225 - Partnerships,60 - Busuu,Janine Connor,Journal,,,,False,,
29 - Busuu Ltd,Aug 2026,8/15/2026,8/1/2026,GBP,65720 Outside services : Contractors,Vendor,"-5,854",USD,225 - Partnerships,60 - Busuu,0726 RIF Accrual,Journal,,,,False,,
29 - Busuu Ltd,Aug 2026,8/15/2026,8/1/2026,GBP,65790 Outside services : Other Outside Services,Digital Learning Associates,"1,922",USD,385 - Content Development,60 - Busuu,"Aug26, New videos for English course",Bill,8498,,,False,,
29 - Busuu Ltd,Aug 2026,8/15/2026,8/1/2026,GBP,65790 Outside services : Other Outside Services,"Freelance Labs, Inc.","-3,555",USD,385 - Content Development,60 - Busuu,Anais Boulard,Journal,,,,False,,
29 - Busuu Ltd,Aug 2026,8/15/2026,8/1/2026,GBP,65790 Outside services : Other Outside Services,"Freelance Labs, Inc.","-3,415",USD,385 - Content Development,60 - Busuu,Sunaina Mewara,Journal,,,,False,,
29 - Busuu Ltd,Aug 2026,8/15/2026,8/1/2026,GBP,65790 Outside services : Other Outside Services,Vistatec Limited,"-32,194",USD,200 - Marketing Operations,60 - Busuu,Localisation - Visatec agency,Journal,,,,False,,
29 - Busuu Ltd,Aug 2026,8/15/2026,8/1/2026,GBP,65790 Outside services : Other Outside Services,Word Connection sarl,-410,USD,200 - Marketing Operations,60 - Busuu,Localisation - Word Connection Agency,Journal,,,,False,,
29 - Busuu Ltd,Aug 2026,8/15/2026,8/1/2026,GBP,66180 Office Expenses : Bad Debt Expense,Vendor,"-5,520",USD,225 - Partnerships,60 - Busuu,0726 - B2B BAD DEBT PROVISION,Journal,,,,False,,
29 - Busuu Ltd,Aug 2026,8/15/2026,8/1/2026,GBP,66300 Office Expenses : Food Services,City Pantry Ltd T/A Just Eat for Business,-858,USD,350 - Workplace Services,60 - Busuu,Just Eat - UK office lunches,Journal,,,,False,,
29 - Busuu Ltd,Aug 2026,8/15/2026,8/1/2026,GBP,66300 Office Expenses : Food Services,Vendor,-416,USD,350 - Workplace Services,60 - Busuu,Spendesk accrual - Ocado,Journal,,,,False,,
29 - Busuu Ltd,Aug 2026,8/15/2026,8/1/2026,GBP,66510 Unrealized Gain/Loss,Vendor,"-134,460",USD,321 - Accounting,00 - Corporate,,Currency Revaluation,,,,False,,
29 - Busuu Ltd,Aug 2026,8/15/2026,8/1/2026,GBP,66510 Unrealized Gain/Loss,Vendor,"-5,681",USD,321 - Accounting,00 - Corporate,,Currency Revaluation,,,,False,,
29 - Busuu Ltd,Aug 2026,8/15/2026,8/1/2026,GBP,66510 Unrealized Gain/Loss,Vendor,85,USD,321 - Accounting,00 - Corporate,,Currency Revaluation,,,,False,,
29 - Busuu Ltd,Aug 2026,8/15/2026,8/1/2026,GBP,66510 Unrealized Gain/Loss,Vendor,400,USD,321 - Accounting,60 - Busuu,0726 - B2B B2B Stripe EUR & USD revaluation,Journal,,,,False,,
29 - Busuu Ltd,Aug 2026,8/15/2026,8/1/2026,GBP,66510 Unrealized Gain/Loss,Vendor,"1,607",USD,321 - Accounting,60 - Busuu,0726 - B2B B2B Stripe EUR & USD revaluation,Journal,,,,False,,
29 - Busuu Ltd,Aug 2026,8/15/2026,8/1/2026,GBP,66510 Unrealized Gain/Loss,Vendor,"5,023",USD,321 - Accounting,00 - Corporate,,Currency Revaluation,,,,False,,
29 - Busuu Ltd,Aug 2026,8/15/2026,8/1/2026,GBP,66510 Unrealized Gain/Loss,Vendor,"619,737",USD,321 - Accounting,00 - Corporate,,Currency Revaluation,,,,False,,
29 - Busuu Ltd,Aug 2026,8/15/2026,8/1/2026,GBP,69200 Cross Charges : Cross Charge Out,Vendor,0,USD,380 - Content Operations,60 - Busuu,Q3 2026 Capitalisation of Content Development External Vendor Cost,Journal,,,,False,,
29 - Busuu Ltd,Aug 2026,8/15/2026,8/1/2026,GBP,69200 Cross Charges : Cross Charge Out,Vendor,"6,257",USD,200 - Marketing Operations,60 - Busuu,0726 Capitalisation of Content Development Salary Cost,Journal,,,,False,,
29 - Busuu Ltd,Aug 2026,8/15/2026,8/1/2026,GBP,69200 Cross Charges : Cross Charge Out,Vendor,"15,947",USD,385 - Content Development,60 - Busuu,Q3 2026 Capitalisation of Content Development External Vendor Cost,Journal,,,,False,,
29 - Busuu Ltd,Aug 2026,8/15/2026,8/1/2026,GBP,69200 Cross Charges : Cross Charge Out,Vendor,"24,123",USD,200 - Marketing Operations,60 - Busuu,Q3 2026 Capitalisation of Content Development External Vendor Cost,Journal,,,,False,,
29 - Busuu Ltd,Aug 2026,8/15/2026,8/1/2026,GBP,69200 Cross Charges : Cross Charge Out,Vendor,"30,471",USD,385 - Content Development,60 - Busuu,0726 Capitalisation of Content Development Salary Cost,Journal,,,,False,,
29 - Busuu Ltd,Aug 2026,8/15/2026,8/1/2026,GBP,69200 Cross Charges : Cross Charge Out,Vendor,"195,911",USD,160 - Commerce Engineering,60 - Busuu,Busuu Software Monthly Finance Capitalization,Journal,,,,False,,
29 - Busuu Ltd,Aug 2026,8/15/2026,8/1/2026,USD,60100 Salary & Wages : Salary Expense,Vendor,"-19,036",USD,181 - Data Analytics,60 - Busuu,Chegg Intercompany - Chegg Inc India Data wages recharge - June '26,Journal,,,,False,,
29 - Busuu Ltd,Aug 2026,8/15/2026,8/1/2026,USD,60100 Salary & Wages : Salary Expense,Vendor,"-15,858",USD,225 - Partnerships,60 - Busuu,Chegg Intercompany - IC Salary,Journal,,,,False,,
29 - Busuu Ltd,Aug 2026,8/15/2026,8/1/2026,USD,60100 Salary & Wages : Salary Expense,Vendor,"-8,876",USD,204 - Performance Marketing,60 - Busuu,Chegg Intercompany - Chegg Inc India Marketing wages recharge - June '26,Journal,,,,False,,
29 - Busuu Ltd,Aug 2026,8/15/2026,8/1/2026,USD,60100 Salary & Wages : Salary Expense,Vendor,"-2,092",USD,321 - Accounting,60 - Busuu,Chegg Intercompany - Chegg Inc India Finance wages recharge - June '26,Journal,,,,False,,
29 - Busuu Ltd,Aug 2026,8/15/2026,8/1/2026,USD,60180 Salary & Wages : Employer Payroll Taxes,Vendor,"-1,213",USD,225 - Partnerships,60 - Busuu,Chegg Intercompany - IC Taxes,Journal,,,,False,,
29 - Busuu Ltd,Aug 2026,8/15/2026,8/1/2026,USD,60290 Other Compensation and Benefits : Other Employee Benefits,Vendor,-633,USD,225 - Partnerships,60 - Busuu,Chegg Intercompany - IC Benefits,Journal,,,,False,,
29 - Busuu Ltd,Aug 2026,8/15/2026,8/1/2026,USD,61180 Marketing Expenses : Brand Marketing,UPWORK GLOBAL INC.,"-1,530",USD,203 - Creative Marketing,60 - Busuu,Reuel Roberts,Journal,,,,False,,Non-accrual
29 - Busuu Ltd,Aug 2026,8/15/2026,8/1/2026,USD,61200 Marketing Expenses : Creative Development,UPWORK GLOBAL INC.,-341,USD,203 - Creative Marketing,60 - Busuu,Iryna Shcherbyna,Journal,,,,False,,Non-accrual
29 - Busuu Ltd,Aug 2026,8/15/2026,8/1/2026,USD,61240 Marketing Expenses : Social Media,UPWORK GLOBAL INC.,"-4,694",USD,203 - Creative Marketing,60 - Busuu,Gabriele  Pletaite,Journal,,,,False,,Non-accrual
29 - Busuu Ltd,Aug 2026,8/15/2026,8/1/2026,USD,61260 Marketing Expenses : Marketing - Other,UPWORK GLOBAL INC.,"-3,366",USD,225 - Partnerships,60 - Busuu,Chloe Sawyer,Journal,,,,False,,Non-accrual
29 - Busuu Ltd,Aug 2026,8/15/2026,8/1/2026,USD,61260 Marketing Expenses : Marketing - Other,UPWORK GLOBAL INC.,"-1,868",USD,205 - SEO Marketing,60 - Busuu,Emily Duncan,Journal,,,,False,,Non-accrual
29 - Busuu Ltd,Aug 2026,8/15/2026,8/1/2026,USD,61260 Marketing Expenses : Marketing - Other,UPWORK GLOBAL INC.,"-1,329",USD,225 - Partnerships,60 - Busuu,Jack Limebear,Journal,,,,False,,Non-accrual
29 - Busuu Ltd,Aug 2026,8/15/2026,8/1/2026,USD,61260 Marketing Expenses : Marketing - Other,UPWORK GLOBAL INC.,-457,USD,225 - Partnerships,60 - Busuu,Holly Grace Callis,Journal,,,,False,,Non-accrual
29 - Busuu Ltd,Aug 2026,8/15/2026,8/1/2026,USD,61260 Marketing Expenses : Marketing - Other,UPWORK GLOBAL INC.,-191,USD,205 - SEO Marketing,60 - Busuu,Alberto Araujo,Journal,,,,False,,Non-accrual
29 - Busuu Ltd,Aug 2026,8/15/2026,8/1/2026,USD,61260 Marketing Expenses : Marketing - Other,UPWORK GLOBAL INC.,-82,USD,205 - SEO Marketing,60 - Busuu,Jeremy Beal,Journal,,,,False,,Non-accrual
29 - Busuu Ltd,Aug 2026,8/15/2026,8/1/2026,USD,62100 Technology Expenses : Web Hosting Expense,Vendor,"-111,449",USD,530 - Supply Chain,60 - Busuu,Chegg Intercompany - AWS July 2026,Journal,,,,False,,
29 - Busuu Ltd,Aug 2026,8/15/2026,8/1/2026,USD,62110 Technology Expenses : Software License/Renewal/Support - Electronically Delivered,Vendor,"-35,033",USD,190 - IT Operations,60 - Busuu,Chegg Intercompany - Chegg IT per employee - July 2026,Journal,,,,False,,
29 - Busuu Ltd,Aug 2026,8/15/2026,8/1/2026,USD,65720 Outside services : Contractors,UPWORK GLOBAL INC.,"-2,721",USD,140 - Engineering Discovery,60 - Busuu,Stephanos Gosling,Journal,,,,False,,
29 - Busuu Ltd,Aug 2026,8/15/2026,8/1/2026,USD,65720 Outside services : Contractors,UPWORK GLOBAL INC.,"-2,295",USD,205 - SEO Marketing,60 - Busuu,Sharae Wynn,Journal,,,,False,,
29 - Busuu Ltd,Aug 2026,8/15/2026,8/1/2026,USD,65720 Outside services : Contractors,UPWORK GLOBAL INC.,"-2,230",USD,206 - Customer Relationship Marketing,60 - Busuu,Kimberly Asturias,Journal,,,,False,,
29 - Busuu Ltd,Aug 2026,8/15/2026,8/1/2026,USD,65720 Outside services : Contractors,UPWORK GLOBAL INC.,-682,USD,204 - Performance Marketing,60 - Busuu,Reuel Roberts,Journal,,,,False,,
29 - Busuu Ltd,Aug 2026,8/15/2026,8/1/2026,USD,65790 Outside services : Other Outside Services,UPWORK GLOBAL INC.,"-2,973",USD,385 - Content Development,60 - Busuu,Rachael Nobbs,Journal,,,,False,,
29 - Busuu Ltd,Aug 2026,8/15/2026,8/1/2026,USD,65790 Outside services : Other Outside Services,UPWORK GLOBAL INC.,"-2,315",USD,385 - Content Development,60 - Busuu,Ozgur Kalender,Journal,,,,False,,
29 - Busuu Ltd,Aug 2026,8/15/2026,8/1/2026,USD,65790 Outside services : Other Outside Services,UPWORK GLOBAL INC.,"-2,251",USD,385 - Content Development,60 - Busuu,Julia  Borda,Journal,,,,False,,
29 - Busuu Ltd,Aug 2026,8/15/2026,8/1/2026,USD,65790 Outside services : Other Outside Services,UPWORK GLOBAL INC.,-499,USD,385 - Content Development,60 - Busuu,Emma Brown,Journal,,,,False,,
29 - Busuu Ltd,Aug 2026,8/15/2026,8/1/2026,USD,65790 Outside services : Other Outside Services,UPWORK GLOBAL INC.,-310,USD,385 - Content Development,60 - Busuu,Lindsay Jones,Journal,,,,False,,
29 - Busuu Ltd,Aug 2026,8/15/2026,8/1/2026,USD,65790 Outside services : Other Outside Services,UPWORK GLOBAL INC.,-135,USD,385 - Content Development,60 - Busuu,Jenny Gwynne,Journal,,,,False,,
29 - Busuu Ltd,Aug 2026,8/15/2026,8/2/2026,EUR,61100 Marketing Expenses : Advertisement / Promotion,LinkedIn (Campaign Costs EUR),"8,553",USD,225 - Partnerships,60 - Busuu,"JUL26, Q3 2026",Bill,10903,,,False,,Invoice
29 - Busuu Ltd,Aug 2026,8/15/2026,8/2/2026,GBP,66530 Rounding Gain/Loss,Vendor,0,USD,000 - Central,00 - Corporate,,Currency Revaluation,,,,False,,
29 - Busuu Ltd,Aug 2026,8/15/2026,8/2/2026,GBP,66530 Rounding Gain/Loss,Vendor,0,USD,000 - Central,60 - Busuu,,Currency Revaluation,,,,False,,
29 - Busuu Ltd,Aug 2026,8/15/2026,8/3/2026,EUR,61260 Marketing Expenses : Marketing - Other,CJ Affiliate,"2,267",USD,204 - Performance Marketing,60 - Busuu,"July26, Q2 2026",Bill,10610,,,False,,Invoice
29 - Busuu Ltd,Aug 2026,8/15/2026,8/3/2026,EUR,65790 Outside services : Other Outside Services,Word Connection sarl,312,USD,200 - Marketing Operations,60 - Busuu,"JUL26, Localisation services for FY2026",Bill,10513,,,False,,
29 - Busuu Ltd,Aug 2026,8/15/2026,8/3/2026,GBP,66150 Office Expenses : Printing and Stationery,Alternative Business Machines Limited,2,USD,350 - Workplace Services,60 - Busuu,"JUL26, Canon imageRUNNER ADVANCE C3530i WSG09183",Bill,,,,False,,
29 - Busuu Ltd,Aug 2026,8/15/2026,8/3/2026,GBP,66300 Office Expenses : Food Services,City Pantry Ltd T/A Just Eat for Business,-0,USD,350 - Workplace Services,60 - Busuu,"JUL26, Lunches for Busuu London office",Bill,10726,,,False,,
29 - Busuu Ltd,Aug 2026,8/15/2026,8/3/2026,GBP,66300 Office Expenses : Food Services,City Pantry Ltd T/A Just Eat for Business,335,USD,350 - Workplace Services,60 - Busuu,"JUL26, Lunches for Busuu London office",Bill,10726,,,False,,
29 - Busuu Ltd,Aug 2026,8/15/2026,8/3/2026,GBP,66300 Office Expenses : Food Services,City Pantry Ltd T/A Just Eat for Business,580,USD,350 - Workplace Services,60 - Busuu,"JUL26, Lunches for Busuu London office",Bill,10726,,,False,,
29 - Busuu Ltd,Aug 2026,8/15/2026,8/3/2026,GBP,66520 Realized Gain/Loss,Vendor,81,USD,000 - Central,00 - Corporate,,Currency Revaluation,,,,False,,
29 - Busuu Ltd,Aug 2026,8/15/2026,8/3/2026,GBP,66520 Realized Gain/Loss,Vendor,217,USD,000 - Central,00 - Corporate,,Currency Revaluation,,,,False,,
29 - Busuu Ltd,Aug 2026,8/15/2026,8/3/2026,GBP,66530 Rounding Gain/Loss,Vendor,-0,USD,000 - Central,60 - Busuu,,Currency Revaluation,,,,False,,
29 - Busuu Ltd,Aug 2026,8/15/2026,8/3/2026,USD,62110 Technology Expenses : Software License/Renewal/Support - Electronically Delivered,GitHub Inc.- (International payments),763,USD,140 - Engineering Discovery,60 - Busuu,"July26, Github Enterprise Metered Billing Funds",Bill,10124,,,False,,
29 - Busuu Ltd,Aug 2026,8/15/2026,8/3/2026,USD,62150 Technology Expenses : Other Technology Expense,Spectrotel Holding Company LLC,901,USD,190 - IT Operations,60 - Busuu,"AUG26, EOF 1 Gbps Internet - GTT - 12 month",Bill,10859,,,False,,
29 - Busuu Ltd,Aug 2026,8/15/2026,8/4/2026,EUR,65230 Legal fees : Legal - Corporate,REVIGNY,"8,693",USD,331 - Legal,60 - Busuu,"AUG26, Legal Services",Bill,10930,,,False,,
29 - Busuu Ltd,Aug 2026,8/15/2026,8/4/2026,GBP,61260 Marketing Expenses : Marketing - Other,Wecomeet ltd,"1,625",USD,225 - Partnerships,60 - Busuu,"July26, Hubspot B2B website maintenance",Bill,10562,,,False,,Invoice
29 - Busuu Ltd,Aug 2026,8/15/2026,8/4/2026,GBP,66520 Realized Gain/Loss,Vendor,-53,USD,000 - Central,00 - Corporate,,Currency Revaluation,,,,False,,
29 - Busuu Ltd,Aug 2026,8/15/2026,8/4/2026,GBP,66520 Realized Gain/Loss,Vendor,6,USD,000 - Central,00 - Corporate,,Currency Revaluation,,,,False,,
29 - Busuu Ltd,Aug 2026,8/15/2026,8/4/2026,GBP,66520 Realized Gain/Loss,Vendor,37,USD,000 - Central,00 - Corporate,,Currency Revaluation,,,,False,,
29 - Busuu Ltd,Aug 2026,8/15/2026,8/4/2026,GBP,66520 Realized Gain/Loss,Vendor,101,USD,000 - Central,00 - Corporate,,Currency Revaluation,,,,False,,
29 - Busuu Ltd,Aug 2026,8/15/2026,8/4/2026,GBP,66530 Rounding Gain/Loss,Vendor,0,USD,000 - Central,00 - Corporate,,Currency Revaluation,,,,False,,
29 - Busuu Ltd,Aug 2026,8/15/2026,8/4/2026,USD,65720 Outside services : Contractors,CPS Connor,"8,944",USD,225 - Partnerships,60 - Busuu,"July26, Freelance Services - Janine Connor",Bill,10849,,,False,,
29 - Busuu Ltd,Aug 2026,8/15/2026,8/5/2026,EUR,65720 Outside services : Contractors,CTW Creative Talents Worldwide,"6,682",USD,205 - SEO Marketing,60 - Busuu,"AUG26, Vanessa Lydia Liwanag - SEO Content Management Services",Bill,10521,,,False,,
29 - Busuu Ltd,Aug 2026,8/15/2026,8/5/2026,GBP,60240 Other Compensation and Benefits : Employee Benefits,Vendor,"8,554",USD,341 - HR Operations,60 - Busuu,AVIVA HEALTH,Journal,,,,False,,
29 - Busuu Ltd,Aug 2026,8/15/2026,8/5/2026,GBP,65720 Outside services : Contractors,Trust in Soda Ltd,"10,509",USD,200 - Marketing Operations,60 - Busuu,"JUL26, Trustin soda Contractor fee - Katherine Geoghegan",Bill,10925,,,False,,
29 - Busuu Ltd,Aug 2026,8/15/2026,8/5/2026,GBP,66520 Realized Gain/Loss,Vendor,-80,USD,000 - Central,00 - Corporate,,Currency Revaluation,,,,False,,
29 - Busuu Ltd,Aug 2026,8/15/2026,8/5/2026,GBP,66520 Realized Gain/Loss,Vendor,-67,USD,000 - Central,00 - Corporate,,Currency Revaluation,,,,False,,
29 - Busuu Ltd,Aug 2026,8/15/2026,8/5/2026,GBP,66520 Realized Gain/Loss,Vendor,-61,USD,000 - Central,00 - Corporate,,Currency Revaluation,,,,False,,
29 - Busuu Ltd,Aug 2026,8/15/2026,8/5/2026,GBP,66520 Realized Gain/Loss,Vendor,-45,USD,000 - Central,00 - Corporate,,Currency Revaluation,,,,False,,
29 - Busuu Ltd,Aug 2026,8/15/2026,8/5/2026,GBP,66520 Realized Gain/Loss,Vendor,-11,USD,000 - Central,00 - Corporate,,Currency Revaluation,,,,False,,
29 - Busuu Ltd,Aug 2026,8/15/2026,8/5/2026,GBP,66520 Realized Gain/Loss,Vendor,-3,USD,000 - Central,00 - Corporate,,Currency Revaluation,,,,False,,
29 - Busuu Ltd,Aug 2026,8/15/2026,8/5/2026,GBP,66520 Realized Gain/Loss,Vendor,-0,USD,000 - Central,00 - Corporate,,Currency Revaluation,,,,False,,
29 - Busuu Ltd,Aug 2026,8/15/2026,8/5/2026,GBP,66520 Realized Gain/Loss,Vendor,-0,USD,000 - Central,00 - Corporate,,Currency Revaluation,,,,False,,
29 - Busuu Ltd,Aug 2026,8/15/2026,8/5/2026,GBP,66520 Realized Gain/Loss,Vendor,1,USD,000 - Central,00 - Corporate,,Currency Revaluation,,,,False,,
29 - Busuu Ltd,Aug 2026,8/15/2026,8/5/2026,GBP,66520 Realized Gain/Loss,Vendor,4,USD,000 - Central,00 - Corporate,,Currency Revaluation,,,,False,,
29 - Busuu Ltd,Aug 2026,8/15/2026,8/5/2026,GBP,66520 Realized Gain/Loss,Vendor,5,USD,000 - Central,00 - Corporate,,Currency Revaluation,,,,False,,
29 - Busuu Ltd,Aug 2026,8/15/2026,8/5/2026,GBP,66520 Realized Gain/Loss,Vendor,6,USD,000 - Central,00 - Corporate,,Currency Revaluation,,,,False,,
29 - Busuu Ltd,Aug 2026,8/15/2026,8/5/2026,GBP,66520 Realized Gain/Loss,Vendor,9,USD,000 - Central,00 - Corporate,,Currency Revaluation,,,,False,,
29 - Busuu Ltd,Aug 2026,8/15/2026,8/5/2026,GBP,66520 Realized Gain/Loss,Vendor,40,USD,000 - Central,00 - Corporate,,Currency Revaluation,,,,False,,
29 - Busuu Ltd,Aug 2026,8/15/2026,8/5/2026,GBP,66520 Realized Gain/Loss,Vendor,45,USD,000 - Central,00 - Corporate,,Currency Revaluation,,,,False,,
29 - Busuu Ltd,Aug 2026,8/15/2026,8/5/2026,USD,65720 Outside services : Contractors,Ozaraa Servicos De Technologia LTDA,"6,243",USD,160 - Commerce Engineering,60 - Busuu,"JUL26, Lucas - senior android engineer",Bill,10469,,,False,,
29 - Busuu Ltd,Aug 2026,8/15/2026,8/5/2026,USD,65720 Outside services : Contractors,Technova Servicos Desenvolvimeto Programas Informatica LTDA EPP,"8,324",USD,160 - Commerce Engineering,60 - Busuu,"July26, Alan Hoffmeister 2026",Bill,10501,,,False,,
29 - Busuu Ltd,Aug 2026,8/15/2026,8/6/2026,GBP,62100 Technology Expenses : Web Hosting Expense,Microsoft Ireland Operations Limited,"4,455",USD,530 - Supply Chain,60 - Busuu,"JUL26, Microsoft Azure subscription",Bill,10456,,,False,,
29 - Busuu Ltd,Aug 2026,8/15/2026,8/6/2026,GBP,66170 Office Expenses : Bank Service Charges,Vendor,24,USD,321 - Accounting,60 - Busuu,"RUK260805-004366, CHARGE RE /REMI/00001076/1 /BNF/RUK260805-004366, CHARGE RE //GBP, 16089 DATED 05/08/2026/OCMT/EUR20,00//BENM/40190077916623 HSBC BANK PLC SCS COLL ACC/EXCH/1.1400875//TMS/2026-08-06T03:05:25 GMT/MID/1.1 6582334",Journal,,,,False,,
29 - Busuu Ltd,Aug 2026,8/15/2026,8/6/2026,GBP,66520 Realized Gain/Loss,Vendor,-60,USD,000 - Central,00 - Corporate,,Currency Revaluation,,,,False,,
29 - Busuu Ltd,Aug 2026,8/15/2026,8/6/2026,GBP,66520 Realized Gain/Loss,Vendor,14,USD,000 - Central,00 - Corporate,,Currency Revaluation,,,,False,,
29 - Busuu Ltd,Aug 2026,8/15/2026,8/6/2026,GBP,66520 Realized Gain/Loss,Vendor,215,USD,000 - Central,00 - Corporate,,Currency Revaluation,,,,False,,
29 - Busuu Ltd,Aug 2026,8/15/2026,8/6/2026,GBP,66520 Realized Gain/Loss,Vendor,346,USD,000 - Central,00 - Corporate,,Currency Revaluation,,,,False,,
29 - Busuu Ltd,Aug 2026,8/15/2026,8/6/2026,GBP,66530 Rounding Gain/Loss,Vendor,-0,USD,000 - Central,60 - Busuu,,Currency Revaluation,,,,False,,
29 - Busuu Ltd,Aug 2026,8/15/2026,8/6/2026,GBP,66530 Rounding Gain/Loss,Vendor,-0,USD,000 - Central,60 - Busuu,,Currency Revaluation,,,,False,,
29 - Busuu Ltd,Aug 2026,8/15/2026,8/6/2026,GBP,66530 Rounding Gain/Loss,Vendor,0,USD,000 - Central,60 - Busuu,,Currency Revaluation,,,,False,,
29 - Busuu Ltd,Aug 2026,8/15/2026,8/7/2026,EUR,61210 Marketing Expenses : Sponsorship,Ecosistema Formazione Italia DBA EFI,"3,483",USD,206 - Customer Relationship Marketing,60 - Busuu,"AUG26, Sponsorship event People Tech Forum Italy",Bill,10872,,,False,,Invoice
29 - Busuu Ltd,Aug 2026,8/15/2026,8/7/2026,GBP,66170 Office Expenses : Bank Service Charges,Vendor,-43,USD,321 - Accounting,60 - Busuu,AMEX CBR BACS /SREF/080586 /DBACCT/30000200888104,Journal,,,,False,,
29 - Busuu Ltd,Aug 2026,8/15/2026,8/7/2026,GBP,66300 Office Expenses : Food Services,Melitta Professional Coffee Solutions UK Ltd.,454,USD,350 - Workplace Services,60 - Busuu,"AUG26, Coffee Beans",Bill,10198,,,False,,
29 - Busuu Ltd,Aug 2026,8/15/2026,8/7/2026,GBP,66520 Realized Gain/Loss,Vendor,-9,USD,000 - Central,00 - Corporate,,Currency Revaluation,,,,False,,
29 - Busuu Ltd,Aug 2026,8/15/2026,8/7/2026,GBP,66520 Realized Gain/Loss,Vendor,-6,USD,000 - Central,00 - Corporate,,Currency Revaluation,,,,False,,
29 - Busuu Ltd,Aug 2026,8/15/2026,8/7/2026,GBP,66520 Realized Gain/Loss,Vendor,-2,USD,000 - Central,00 - Corporate,,Currency Revaluation,,,,False,,
29 - Busuu Ltd,Aug 2026,8/15/2026,8/7/2026,GBP,66520 Realized Gain/Loss,Vendor,20,USD,000 - Central,00 - Corporate,,Currency Revaluation,,,,False,,
29 - Busuu Ltd,Aug 2026,8/15/2026,8/7/2026,USD,66170 Office Expenses : Bank Service Charges,B2B_LIBERTY EDUCATION DO BRASIL LTDA,10,USD,321 - Accounting,60 - Busuu,,Payment,,,,False,,
29 - Busuu Ltd,Aug 2026,8/15/2026,8/10/2026,GBP,66170 Office Expenses : Bank Service Charges,Vendor,41,USD,321 - Accounting,60 - Busuu,CHGS 01JUN26-30JUN26 INV 13590139,Journal,,,,False,,
29 - Busuu Ltd,Aug 2026,8/15/2026,8/10/2026,GBP,66170 Office Expenses : Bank Service Charges,Vendor,"1,790",USD,321 - Accounting,60 - Busuu,CHGS 01JUN26-30JUN26 INV 13595322,Journal,,,,False,,
29 - Busuu Ltd,Aug 2026,8/15/2026,8/10/2026,GBP,66300 Office Expenses : Food Services,City Pantry Ltd T/A Just Eat for Business,399,USD,350 - Workplace Services,60 - Busuu,"AUG26, Lunches for Busuu London office (03/08/2026  TO 07/08/2026 )",Bill,10726,,,False,,
29 - Busuu Ltd,Aug 2026,8/15/2026,8/10/2026,GBP,66300 Office Expenses : Food Services,City Pantry Ltd T/A Just Eat for Business,448,USD,350 - Workplace Services,60 - Busuu,"AUG26, Lunches for Busuu London office (03/08/2026  TO 07/08/2026 )",Bill,10726,,,False,,
29 - Busuu Ltd,Aug 2026,8/15/2026,8/10/2026,GBP,66520 Realized Gain/Loss,Vendor,-290,USD,000 - Central,00 - Corporate,,Currency Revaluation,,,,False,,
29 - Busuu Ltd,Aug 2026,8/15/2026,8/10/2026,GBP,66520 Realized Gain/Loss,Vendor,3,USD,000 - Central,00 - Corporate,,Currency Revaluation,,,,False,,
29 - Busuu Ltd,Aug 2026,8/15/2026,8/10/2026,GBP,66520 Realized Gain/Loss,Vendor,70,USD,000 - Central,00 - Corporate,,Currency Revaluation,,,,False,,
29 - Busuu Ltd,Aug 2026,8/15/2026,8/10/2026,GBP,66520 Realized Gain/Loss,Vendor,159,USD,000 - Central,00 - Corporate,,Currency Revaluation,,,,False,,
29 - Busuu Ltd,Aug 2026,8/15/2026,8/10/2026,GBP,66530 Rounding Gain/Loss,Vendor,-0,USD,000 - Central,60 - Busuu,,Currency Revaluation,,,,False,,
29 - Busuu Ltd,Aug 2026,8/15/2026,8/10/2026,GBP,66530 Rounding Gain/Loss,Vendor,0,USD,000 - Central,60 - Busuu,,Currency Revaluation,,,,False,,
29 - Busuu Ltd,Aug 2026,8/15/2026,8/10/2026,GBP,66530 Rounding Gain/Loss,Vendor,0,USD,000 - Central,60 - Busuu,,Currency Revaluation,,,,False,,
29 - Busuu Ltd,Aug 2026,8/15/2026,8/10/2026,USD,61260 Marketing Expenses : Marketing - Other,Footage Firm Inc.,"1,053",USD,203 - Creative Marketing,60 - Busuu,"AUG26, Video Stock library",Bill,10670,,,False,,Invoice
29 - Busuu Ltd,Aug 2026,8/15/2026,8/11/2026,GBP,66520 Realized Gain/Loss,Vendor,1,USD,000 - Central,00 - Corporate,,Currency Revaluation,,,,False,,
29 - Busuu Ltd,Aug 2026,8/15/2026,8/11/2026,GBP,66520 Realized Gain/Loss,Vendor,12,USD,000 - Central,00 - Corporate,,Currency Revaluation,,,,False,,
29 - Busuu Ltd,Aug 2026,8/15/2026,8/11/2026,GBP,66520 Realized Gain/Loss,Vendor,401,USD,000 - Central,00 - Corporate,,Currency Revaluation,,,,False,,
29 - Busuu Ltd,Aug 2026,8/15/2026,8/12/2026,GBP,66300 Office Expenses : Food Services,City Pantry Ltd T/A Just Eat for Business,-614,USD,350 - Workplace Services,60 - Busuu,"July26, Lunches for Busuu London office (13/07/2026- 16/07/2026)",Bill Credit,10726,,,False,,
29 - Busuu Ltd,Aug 2026,8/15/2026,8/12/2026,GBP,66300 Office Expenses : Food Services,City Pantry Ltd T/A Just Eat for Business,-407,USD,350 - Workplace Services,60 - Busuu,"July26, Lunches for Busuu London office (13/07/2026- 16/07/2026)",Bill Credit,10726,,,False,,
29 - Busuu Ltd,Aug 2026,8/15/2026,8/12/2026,GBP,66300 Office Expenses : Food Services,City Pantry Ltd T/A Just Eat for Business,-0,USD,350 - Workplace Services,60 - Busuu,"July26, Lunches for Busuu London office (13/07/2026- 16/07/2026)",Bill Credit,10726,,,False,,
29 - Busuu Ltd,Aug 2026,8/15/2026,8/12/2026,GBP,66520 Realized Gain/Loss,Vendor,"-1,680",USD,000 - Central,00 - Corporate,,Currency Revaluation,,,,False,,
29 - Busuu Ltd,Aug 2026,8/15/2026,8/12/2026,GBP,66520 Realized Gain/Loss,Vendor,-36,USD,000 - Central,00 - Corporate,,Currency Revaluation,,,,False,,
29 - Busuu Ltd,Aug 2026,8/15/2026,8/12/2026,GBP,66520 Realized Gain/Loss,Vendor,-6,USD,000 - Central,00 - Corporate,,Currency Revaluation,,,,False,,
29 - Busuu Ltd,Aug 2026,8/15/2026,8/12/2026,GBP,66520 Realized Gain/Loss,Vendor,3,USD,000 - Central,00 - Corporate,,Currency Revaluation,,,,False,,
29 - Busuu Ltd,Aug 2026,8/15/2026,8/12/2026,GBP,66530 Rounding Gain/Loss,Vendor,0,USD,000 - Central,00 - Corporate,,Currency Revaluation,,,,False,,
29 - Busuu Ltd,Aug 2026,8/15/2026,8/13/2026,GBP,62110 Technology Expenses : Software License/Renewal/Support - Electronically Delivered,Aircall UK Ltd,"2,555",USD,225 - Partnerships,60 - Busuu,"Aug26, Monthly Calling Subscription",Bill,10912,,,False,,
29 - Busuu Ltd,Aug 2026,8/15/2026,8/13/2026,GBP,66520 Realized Gain/Loss,Vendor,-0,USD,000 - Central,00 - Corporate,,Currency Revaluation,,,,False,,
29 - Busuu Ltd,Aug 2026,8/15/2026,8/13/2026,GBP,66520 Realized Gain/Loss,Vendor,1,USD,000 - Central,00 - Corporate,,Currency Revaluation,,,,False,,
29 - Busuu Ltd,Aug 2026,8/15/2026,8/13/2026,GBP,66520 Realized Gain/Loss,Vendor,5,USD,000 - Central,00 - Corporate,,Currency Revaluation,,,,False,,
29 - Busuu Ltd,Aug 2026,8/15/2026,8/13/2026,GBP,66520 Realized Gain/Loss,Vendor,20,USD,000 - Central,00 - Corporate,,Currency Revaluation,,,,False,,
29 - Busuu Ltd,Aug 2026,8/15/2026,8/13/2026,GBP,66530 Rounding Gain/Loss,Vendor,0,USD,000 - Central,60 - Busuu,,Currency Revaluation,,,,False,,
29 - Busuu Ltd,Aug 2026,8/15/2026,8/13/2026,GBP,66530 Rounding Gain/Loss,Vendor,0,USD,000 - Central,60 - Busuu,,Currency Revaluation,,,,False,,
29 - Busuu Ltd,Aug 2026,8/15/2026,8/14/2026,EUR,66170 Office Expenses : Bank Service Charges,B2B_Trend Micro France,36,USD,321 - Accounting,60 - Busuu,,Payment,,,,False,,
29 - Busuu Ltd,Aug 2026,8/15/2026,8/14/2026,GBP,66170 Office Expenses : Bank Service Charges,Vendor,18,USD,321 - Accounting,60 - Busuu,"RUK260814-002407, CHARGE RE /REMI/00001085/1 /PURP/FEES /BNF/RUK26081 4-002407, CHARGE RE //GBP, 6458,64 DATED 14/08/2026/OCMT/GBP13, 19//BENM/40190077916615 HSBC BANK PLC SCS COLL ACC/EXCH/000000000 000/",Journal,,,,False,,
29 - Busuu Ltd,Aug 2026,8/15/2026,8/14/2026,GBP,66520 Realized Gain/Loss,Vendor,-27,USD,000 - Central,00 - Corporate,,Currency Revaluation,,,,False,,
29 - Busuu Ltd,Aug 2026,8/15/2026,8/14/2026,GBP,66520 Realized Gain/Loss,Vendor,-1,USD,000 - Central,00 - Corporate,,Currency Revaluation,,,,False,,
29 - Busuu Ltd,Aug 2026,8/15/2026,8/14/2026,GBP,66520 Realized Gain/Loss,Vendor,0,USD,321 - Accounting,60 - Busuu,,Currency Revaluation,,,,False,,
29 - Busuu Ltd,Aug 2026,8/15/2026,8/14/2026,GBP,66520 Realized Gain/Loss,Vendor,0,USD,321 - Accounting,60 - Busuu,,Currency Revaluation,,,,False,,
29 - Busuu Ltd,Aug 2026,8/15/2026,8/14/2026,GBP,66520 Realized Gain/Loss,Vendor,1,USD,000 - Central,00 - Corporate,,Currency Revaluation,,,,False,,
29 - Busuu Ltd,Aug 2026,8/15/2026,8/14/2026,GBP,66520 Realized Gain/Loss,Vendor,4,USD,000 - Central,00 - Corporate,,Currency Revaluation,,,,False,,
29 - Busuu Ltd,Aug 2026,8/15/2026,8/14/2026,GBP,66520 Realized Gain/Loss,Vendor,7,USD,000 - Central,00 - Corporate,,Currency Revaluation,,,,False,,
29 - Busuu Ltd,Aug 2026,8/15/2026,8/14/2026,GBP,66520 Realized Gain/Loss,Vendor,19,USD,000 - Central,00 - Corporate,,Currency Revaluation,,,,False,,
29 - Busuu Ltd,Aug 2026,8/15/2026,8/14/2026,GBP,66520 Realized Gain/Loss,Vendor,25,USD,000 - Central,00 - Corporate,,Currency Revaluation,,,,False,,
29 - Busuu Ltd,Aug 2026,8/15/2026,8/14/2026,GBP,66520 Realized Gain/Loss,Vendor,29,USD,000 - Central,00 - Corporate,,Currency Revaluation,,,,False,,
29 - Busuu Ltd,Aug 2026,8/15/2026,8/14/2026,GBP,66530 Rounding Gain/Loss,Vendor,-0,USD,000 - Central,60 - Busuu,,Currency Revaluation,,,,False,,
29 - Busuu Ltd,Aug 2026,8/15/2026,8/14/2026,GBP,66530 Rounding Gain/Loss,Vendor,0,USD,000 - Central,60 - Busuu,,Currency Revaluation,,,,False,,
29 - Busuu Ltd,Aug 2026,8/15/2026,8/14/2026,USD,66170 Office Expenses : Bank Service Charges,Partnerships_Bemobi - Peru,82,USD,321 - Accounting,60 - Busuu,,Payment,,,,False,,
29 - Busuu Ltd,Aug 2026,8/15/2026,8/17/2026,GBP,62110 Technology Expenses : Software License/Renewal/Support - Electronically Delivered,Clearooms Limited,142,USD,350 - Workplace Services,60 - Busuu,"AUG26, Hot Desks - Plan 2 (20 - 49)",Bill,,,,False,,
29 - Busuu Ltd,Aug 2026,8/15/2026,8/17/2026,GBP,62130 Technology Expenses : Expensed Equipments/Technology,Sycomp UK Limited,916,USD,190 - IT Operations,60 - Busuu,"AUG26, MXN53B/A-Apple Power Adapter 70W USB-C (New)",Bill,10831,,,False,,
29 - Busuu Ltd,Aug 2026,8/15/2026,8/17/2026,GBP,66300 Office Expenses : Food Services,City Pantry Ltd T/A Just Eat for Business,-0,USD,350 - Workplace Services,60 - Busuu,"AUG26, Lunches for Busuu London office",Bill,10726,,,False,,
29 - Busuu Ltd,Aug 2026,8/15/2026,8/17/2026,GBP,66300 Office Expenses : Food Services,City Pantry Ltd T/A Just Eat for Business,175,USD,350 - Workplace Services,60 - Busuu,"AUG26, Lunches for Busuu London office",Bill,10726,,,False,,
29 - Busuu Ltd,Aug 2026,8/15/2026,8/17/2026,GBP,66300 Office Expenses : Food Services,City Pantry Ltd T/A Just Eat for Business,710,USD,350 - Workplace Services,60 - Busuu,"AUG26, Lunches for Busuu London office",Bill,10726,,,False,,
29 - Busuu Ltd,Aug 2026,8/15/2026,8/17/2026,GBP,66520 Realized Gain/Loss,Vendor,-2,USD,000 - Central,00 - Corporate,,Currency Revaluation,,,,False,,
29 - Busuu Ltd,Aug 2026,8/15/2026,8/17/2026,GBP,66520 Realized Gain/Loss,Vendor,-1,USD,000 - Central,00 - Corporate,,Currency Revaluation,,,,False,,
29 - Busuu Ltd,Aug 2026,8/15/2026,8/17/2026,GBP,66520 Realized Gain/Loss,Vendor,0,USD,321 - Accounting,60 - Busuu,,Currency Revaluation,,,,False,,
29 - Busuu Ltd,Aug 2026,8/15/2026,8/17/2026,GBP,66520 Realized Gain/Loss,Vendor,0,USD,321 - Accounting,60 - Busuu,,Currency Revaluation,,,,False,,
29 - Busuu Ltd,Aug 2026,8/15/2026,8/17/2026,GBP,66520 Realized Gain/Loss,Vendor,2,USD,321 - Accounting,60 - Busuu,,Currency Revaluation,,,,False,,
29 - Busuu Ltd,Aug 2026,8/15/2026,8/17/2026,GBP,66520 Realized Gain/Loss,Vendor,4,USD,000 - Central,00 - Corporate,,Currency Revaluation,,,,False,,
29 - Busuu Ltd,Aug 2026,8/15/2026,8/17/2026,GBP,66520 Realized Gain/Loss,Vendor,6,USD,000 - Central,00 - Corporate,,Currency Revaluation,,,,False,,
29 - Busuu Ltd,Aug 2026,8/15/2026,8/17/2026,GBP,66520 Realized Gain/Loss,Vendor,170,USD,000 - Central,00 - Corporate,,Currency Revaluation,,,,False,,
29 - Busuu Ltd,Aug 2026,8/15/2026,8/17/2026,GBP,66530 Rounding Gain/Loss,Vendor,-0,USD,000 - Central,60 - Busuu,,Currency Revaluation,,,,False,,
29 - Busuu Ltd,Aug 2026,8/15/2026,8/17/2026,GBP,66530 Rounding Gain/Loss,Vendor,-0,USD,321 - Accounting,60 - Busuu,,Currency Revaluation,,,,False,,
29 - Busuu Ltd,Aug 2026,8/15/2026,8/17/2026,GBP,66530 Rounding Gain/Loss,Vendor,0,USD,000 - Central,00 - Corporate,,Currency Revaluation,,,,False,,
29 - Busuu Ltd,Aug 2026,8/15/2026,8/17/2026,GBP,66530 Rounding Gain/Loss,Vendor,0,USD,000 - Central,60 - Busuu,,Currency Revaluation,,,,False,,
29 - Busuu Ltd,Aug 2026,8/15/2026,8/17/2026,GBP,66530 Rounding Gain/Loss,Vendor,0,USD,000 - Central,60 - Busuu,,Currency Revaluation,,,,False,,
29 - Busuu Ltd,Aug 2026,8/15/2026,8/17/2026,USD,65720 Outside services : Contractors,Fomo AI,"7,489",USD,204 - Performance Marketing,60 - Busuu,"AUG26, Consulting Services",Bill,10543,,,False,,
29 - Busuu Ltd,Aug 2026,8/15/2026,8/17/2026,USD,66170 Office Expenses : Bank Service Charges,B2B_PPG GLOBAL BUSINESS SERVICES POLAND SP. Z.O.O.,10,USD,321 - Accounting,60 - Busuu,,Payment,,,,False,,
29 - Busuu Ltd,Aug 2026,8/15/2026,8/17/2026,USD,66170 Office Expenses : Bank Service Charges,Partnerships_Dinama,45,USD,321 - Accounting,60 - Busuu,,Payment,,,,False,,
29 - Busuu Ltd,Aug 2026,8/15/2026,8/18/2026,EUR,61220 Marketing Expenses : Trade Shows,Marques Vormmakers BV,724,USD,206 - Customer Relationship Marketing,60 - Busuu,"AUG26, 50% Booth and Coffee machine ZP Cologne",Bill,10933,,,False,,Invoice
29 - Busuu Ltd,Aug 2026,8/15/2026,8/18/2026,GBP,66520 Realized Gain/Loss,Vendor,0,USD,000 - Central,00 - Corporate,,Currency Revaluation,,,,False,,
29 - Busuu Ltd,Aug 2026,8/15/2026,8/18/2026,GBP,66520 Realized Gain/Loss,Vendor,1,USD,000 - Central,00 - Corporate,,Currency Revaluation,,,,False,,
29 - Busuu Ltd,Aug 2026,8/15/2026,8/18/2026,GBP,66520 Realized Gain/Loss,Vendor,6,USD,000 - Central,00 - Corporate,,Currency Revaluation,,,,False,,
29 - Busuu Ltd,Aug 2026,8/15/2026,8/18/2026,GBP,66530 Rounding Gain/Loss,Vendor,-0,USD,000 - Central,60 - Busuu,,Currency Revaluation,,,,False,,
29 - Busuu Ltd,Aug 2026,8/15/2026,8/19/2026,GBP,61150 Marketing Expenses : Paid Media : SEM,Acceleration eMarketing Limited,"1,583",USD,204 - Performance Marketing,60 - Busuu,"Jul26, Q3 2026",Bill,10613,,,False,,Invoice
29 - Busuu Ltd,Aug 2026,8/15/2026,8/19/2026,GBP,66520 Realized Gain/Loss,Vendor,-91,USD,000 - Central,00 - Corporate,,Currency Revaluation,,,,False,,
29 - Busuu Ltd,Aug 2026,8/15/2026,8/19/2026,GBP,66520 Realized Gain/Loss,Vendor,-57,USD,000 - Central,00 - Corporate,,Currency Revaluation,,,,False,,
29 - Busuu Ltd,Aug 2026,8/15/2026,8/19/2026,GBP,66520 Realized Gain/Loss,Vendor,-19,USD,000 - Central,00 - Corporate,,Currency Revaluation,,,,False,,
29 - Busuu Ltd,Aug 2026,8/15/2026,8/19/2026,GBP,66520 Realized Gain/Loss,Vendor,-0,USD,000 - Central,00 - Corporate,,Currency Revaluation,,,,False,,
29 - Busuu Ltd,Aug 2026,8/15/2026,8/19/2026,GBP,66520 Realized Gain/Loss,Vendor,1,USD,321 - Accounting,60 - Busuu,,Currency Revaluation,,,,False,,
29 - Busuu Ltd,Aug 2026,8/15/2026,8/19/2026,GBP,66520 Realized Gain/Loss,Vendor,2,USD,000 - Central,00 - Corporate,,Currency Revaluation,,,,False,,
29 - Busuu Ltd,Aug 2026,8/15/2026,8/19/2026,GBP,66520 Realized Gain/Loss,Vendor,12,USD,000 - Central,00 - Corporate,,Currency Revaluation,,,,False,,
29 - Busuu Ltd,Aug 2026,8/15/2026,8/19/2026,GBP,66520 Realized Gain/Loss,Vendor,16,USD,000 - Central,00 - Corporate,,Currency Revaluation,,,,False,,
29 - Busuu Ltd,Aug 2026,8/15/2026,8/19/2026,GBP,66520 Realized Gain/Loss,Vendor,51,USD,321 - Accounting,60 - Busuu,FX on Terra invoices 299535764,Journal,,,,False,,
29 - Busuu Ltd,Aug 2026,8/15/2026,8/19/2026,GBP,66520 Realized Gain/Loss,Vendor,72,USD,000 - Central,00 - Corporate,,Currency Revaluation,,,,False,,
29 - Busuu Ltd,Aug 2026,8/15/2026,8/19/2026,USD,62110 Technology Expenses : Software License/Renewal/Support - Electronically Delivered,"Smartling, Inc.","1,198",USD,200 - Marketing Operations,60 - Busuu,"JUL24-JUN27, Use of AI Hub (MT BYOK)",Bill,10927,,,False,,
29 - Busuu Ltd,Aug 2026,8/15/2026,8/20/2026,EUR,66170 Office Expenses : Bank Service Charges,B2B_Cegid SAS,37,USD,321 - Accounting,60 - Busuu,,Payment,,,,False,,
29 - Busuu Ltd,Aug 2026,8/15/2026,8/20/2026,EUR,66170 Office Expenses : Bank Service Charges,B2B_OYAK Otomotiv Enerji ve Lojistik Holding Anonim ?irketi,37,USD,321 - Accounting,60 - Busuu,,Payment,,,,False,,
29 - Busuu Ltd,Aug 2026,8/15/2026,8/20/2026,EUR,66170 Office Expenses : Bank Service Charges,B2B_PATRIZIA SE,37,USD,321 - Accounting,60 - Busuu,,Payment,,,,False,,
29 - Busuu Ltd,Aug 2026,8/15/2026,8/20/2026,GBP,62110 Technology Expenses : Software License/Renewal/Support - Electronically Delivered,Vendor,51,USD,321 - Accounting,60 - Busuu,INTUIT LIMITED,Journal,,,,False,,
29 - Busuu Ltd,Aug 2026,8/15/2026,8/20/2026,GBP,66520 Realized Gain/Loss,Vendor,-6,USD,000 - Central,00 - Corporate,,Currency Revaluation,,,,False,,
29 - Busuu Ltd,Aug 2026,8/15/2026,8/20/2026,GBP,66520 Realized Gain/Loss,Vendor,-5,USD,000 - Central,00 - Corporate,,Currency Revaluation,,,,False,,
29 - Busuu Ltd,Aug 2026,8/15/2026,8/20/2026,GBP,66520 Realized Gain/Loss,Vendor,-1,USD,000 - Central,00 - Corporate,,Currency Revaluation,,,,False,,
29 - Busuu Ltd,Aug 2026,8/15/2026,8/20/2026,GBP,66520 Realized Gain/Loss,Vendor,-0,USD,321 - Accounting,60 - Busuu,,Currency Revaluation,,,,False,,
29 - Busuu Ltd,Aug 2026,8/15/2026,8/20/2026,GBP,66520 Realized Gain/Loss,Vendor,-0,USD,321 - Accounting,60 - Busuu,,Currency Revaluation,,,,False,,
29 - Busuu Ltd,Aug 2026,8/15/2026,8/20/2026,GBP,66520 Realized Gain/Loss,Vendor,0,USD,321 - Accounting,60 - Busuu,,Currency Revaluation,,,,False,,
29 - Busuu Ltd,Aug 2026,8/15/2026,8/20/2026,GBP,66520 Realized Gain/Loss,Vendor,0,USD,321 - Accounting,60 - Busuu,,Currency Revaluation,,,,False,,
29 - Busuu Ltd,Aug 2026,8/15/2026,8/20/2026,GBP,66520 Realized Gain/Loss,Vendor,20,USD,000 - Central,00 - Corporate,,Currency Revaluation,,,,False,,
29 - Busuu Ltd,Aug 2026,8/15/2026,8/20/2026,GBP,66520 Realized Gain/Loss,Vendor,68,USD,000 - Central,00 - Corporate,,Currency Revaluation,,,,False,,
29 - Busuu Ltd,Aug 2026,8/15/2026,8/20/2026,GBP,66520 Realized Gain/Loss,Vendor,166,USD,000 - Central,00 - Corporate,,Currency Revaluation,,,,False,,
29 - Busuu Ltd,Aug 2026,8/15/2026,8/20/2026,GBP,66520 Realized Gain/Loss,Vendor,176,USD,000 - Central,00 - Corporate,,Currency Revaluation,,,,False,,
29 - Busuu Ltd,Aug 2026,8/15/2026,8/20/2026,GBP,66520 Realized Gain/Loss,Vendor,192,USD,000 - Central,00 - Corporate,,Currency Revaluation,,,,False,,
29 - Busuu Ltd,Aug 2026,8/15/2026,8/20/2026,GBP,66520 Realized Gain/Loss,Vendor,"1,024",USD,000 - Central,00 - Corporate,,Currency Revaluation,,,,False,,
29 - Busuu Ltd,Aug 2026,8/15/2026,8/20/2026,USD,66170 Office Expenses : Bank Service Charges,"B2B_AMETEK TAIWAN CORP., LTD.",25,USD,321 - Accounting,60 - Busuu,,Payment,,,,False,,
29 - Busuu Ltd,Aug 2026,8/15/2026,8/21/2026,GBP,66520 Realized Gain/Loss,Vendor,-9,USD,000 - Central,00 - Corporate,,Currency Revaluation,,,,False,,
29 - Busuu Ltd,Aug 2026,8/15/2026,8/21/2026,GBP,66520 Realized Gain/Loss,Vendor,-4,USD,000 - Central,00 - Corporate,,Currency Revaluation,,,,False,,
29 - Busuu Ltd,Aug 2026,8/15/2026,8/21/2026,GBP,66520 Realized Gain/Loss,Vendor,-1,USD,000 - Central,00 - Corporate,,Currency Revaluation,,,,False,,
29 - Busuu Ltd,Aug 2026,8/15/2026,8/21/2026,GBP,66520 Realized Gain/Loss,Vendor,-0,USD,000 - Central,00 - Corporate,,Currency Revaluation,,,,False,,
29 - Busuu Ltd,Aug 2026,8/15/2026,8/21/2026,GBP,66520 Realized Gain/Loss,Vendor,-0,USD,000 - Central,00 - Corporate,,Currency Revaluation,,,,False,,
29 - Busuu Ltd,Aug 2026,8/15/2026,8/21/2026,GBP,66520 Realized Gain/Loss,Vendor,442,USD,000 - Central,00 - Corporate,,Currency Revaluation,,,,False,,
29 - Busuu Ltd,Aug 2026,8/15/2026,8/21/2026,GBP,66520 Realized Gain/Loss,Vendor,"8,145",USD,000 - Central,00 - Corporate,,Currency Revaluation,,,,False,,
29 - Busuu Ltd,Aug 2026,8/15/2026,8/23/2026,GBP,66530 Rounding Gain/Loss,Vendor,-0,USD,000 - Central,00 - Corporate,,Currency Revaluation,,,,False,,
29 - Busuu Ltd,Aug 2026,8/15/2026,8/23/2026,GBP,66530 Rounding Gain/Loss,Vendor,-0,USD,000 - Central,60 - Busuu,,Currency Revaluation,,,,False,,
29 - Busuu Ltd,Aug 2026,8/15/2026,8/24/2026,GBP,66300 Office Expenses : Food Services,City Pantry Ltd T/A Just Eat for Business,-0,USD,350 - Workplace Services,60 - Busuu,"AUG26, Lunches for Busuu London office",Bill,10726,,,False,,
29 - Busuu Ltd,Aug 2026,8/15/2026,8/24/2026,GBP,66300 Office Expenses : Food Services,City Pantry Ltd T/A Just Eat for Business,285,USD,350 - Workplace Services,60 - Busuu,"AUG26, Lunches for Busuu London office",Bill,10726,,,False,,
29 - Busuu Ltd,Aug 2026,8/15/2026,8/24/2026,GBP,66300 Office Expenses : Food Services,City Pantry Ltd T/A Just Eat for Business,645,USD,350 - Workplace Services,60 - Busuu,"AUG26, Lunches for Busuu London office",Bill,10726,,,False,,
29 - Busuu Ltd,Aug 2026,8/15/2026,8/24/2026,GBP,66520 Realized Gain/Loss,Vendor,-0,USD,000 - Central,00 - Corporate,,Currency Revaluation,,,,False,,
29 - Busuu Ltd,Aug 2026,8/15/2026,8/24/2026,GBP,66520 Realized Gain/Loss,Vendor,24,USD,000 - Central,00 - Corporate,,Currency Revaluation,,,,False,,
29 - Busuu Ltd,Aug 2026,8/15/2026,8/24/2026,GBP,66520 Realized Gain/Loss,Vendor,85,USD,000 - Central,00 - Corporate,,Currency Revaluation,,,,False,,
29 - Busuu Ltd,Aug 2026,8/15/2026,8/24/2026,GBP,66520 Realized Gain/Loss,Vendor,231,USD,000 - Central,00 - Corporate,,Currency Revaluation,,,,False,,
29 - Busuu Ltd,Aug 2026,8/15/2026,8/24/2026,GBP,66520 Realized Gain/Loss,Vendor,499,USD,000 - Central,00 - Corporate,,Currency Revaluation,,,,False,,
29 - Busuu Ltd,Aug 2026,8/15/2026,8/24/2026,GBP,66530 Rounding Gain/Loss,Vendor,-0,USD,000 - Central,60 - Busuu,,Currency Revaluation,,,,False,,
29 - Busuu Ltd,Aug 2026,8/15/2026,8/24/2026,GBP,66530 Rounding Gain/Loss,Vendor,0,USD,000 - Central,60 - Busuu,,Currency Revaluation,,,,False,,
29 - Busuu Ltd,Aug 2026,8/15/2026,8/24/2026,USD,62110 Technology Expenses : Software License/Renewal/Support - Electronically Delivered,Intercom R and D Unlimited Company- (International payments),986,USD,101 - Product - Discovery,60 - Busuu,"AUG26, , Intercom",Bill,10814,,,False,,
29 - Busuu Ltd,Aug 2026,8/15/2026,8/25/2026,GBP,66520 Realized Gain/Loss,#B2C_Android_Play,217,USD,321 - Accounting,60 - Busuu,0726 Google - FX and True-up,Journal,,,,False,,
29 - Busuu Ltd,Aug 2026,8/15/2026,8/25/2026,GBP,66520 Realized Gain/Loss,Vendor,-0,USD,000 - Central,00 - Corporate,,Currency Revaluation,,,,False,,
29 - Busuu Ltd,Aug 2026,8/15/2026,8/25/2026,GBP,66520 Realized Gain/Loss,Vendor,20,USD,000 - Central,60 - Busuu,,Currency Revaluation,,,,False,,
29 - Busuu Ltd,Aug 2026,8/15/2026,8/25/2026,GBP,66520 Realized Gain/Loss,Vendor,155,USD,000 - Central,00 - Corporate,,Currency Revaluation,,,,False,,
29 - Busuu Ltd,Aug 2026,8/15/2026,8/25/2026,GBP,66520 Realized Gain/Loss,Vendor,270,USD,000 - Central,00 - Corporate,,Currency Revaluation,,,,False,,
29 - Busuu Ltd,Aug 2026,8/15/2026,8/26/2026,GBP,60240 Other Compensation and Benefits : Employee Benefits,Vendor,241,USD,341 - HR Operations,60 - Busuu,AVIVA HEALTH,Journal,,,,False,,
29 - Busuu Ltd,Aug 2026,8/15/2026,8/26/2026,GBP,66520 Realized Gain/Loss,Vendor,-11,USD,000 - Central,00 - Corporate,,Currency Revaluation,,,,False,,
29 - Busuu Ltd,Aug 2026,8/15/2026,8/26/2026,GBP,66520 Realized Gain/Loss,Vendor,-9,USD,000 - Central,00 - Corporate,,Currency Revaluation,,,,False,,
29 - Busuu Ltd,Aug 2026,8/15/2026,8/26/2026,GBP,66520 Realized Gain/Loss,Vendor,-2,USD,000 - Central,00 - Corporate,,Currency Revaluation,,,,False,,
29 - Busuu Ltd,Aug 2026,8/15/2026,8/26/2026,USD,65720 Outside services : Contractors,Ozaraa Servicos De Technologia LTDA,"4,560",USD,160 - Commerce Engineering,60 - Busuu,"AUG26, Lucas - senior android engineer",Bill,10469,,,False,,
29 - Busuu Ltd,Aug 2026,8/15/2026,8/27/2026,GBP,66520 Realized Gain/Loss,Vendor,-11,USD,000 - Central,00 - Corporate,,Currency Revaluation,,,,False,,
29 - Busuu Ltd,Aug 2026,8/15/2026,8/27/2026,GBP,66520 Realized Gain/Loss,Vendor,-9,USD,000 - Central,00 - Corporate,,Currency Revaluation,,,,False,,
29 - Busuu Ltd,Aug 2026,8/15/2026,8/27/2026,GBP,66520 Realized Gain/Loss,Vendor,-6,USD,000 - Central,00 - Corporate,,Currency Revaluation,,,,False,,
29 - Busuu Ltd,Aug 2026,8/15/2026,8/27/2026,GBP,66520 Realized Gain/Loss,Vendor,-2,USD,000 - Central,00 - Corporate,,Currency Revaluation,,,,False,,
29 - Busuu Ltd,Aug 2026,8/15/2026,8/27/2026,GBP,66520 Realized Gain/Loss,Vendor,17,USD,000 - Central,00 - Corporate,,Currency Revaluation,,,,False,,
29 - Busuu Ltd,Aug 2026,8/15/2026,8/27/2026,GBP,66530 Rounding Gain/Loss,Vendor,0,USD,000 - Central,00 - Corporate,,Currency Revaluation,,,,False,,
29 - Busuu Ltd,Aug 2026,8/15/2026,8/28/2026,GBP,60290 Other Compensation and Benefits : Other Employee Benefits,Vendor,10,USD,225 - Partnerships,60 - Busuu,Bravo Benefits - service charge,Journal,,,,False,,
29 - Busuu Ltd,Aug 2026,8/15/2026,8/28/2026,GBP,60290 Other Compensation and Benefits : Other Employee Benefits,Vendor,168,USD,225 - Partnerships,60 - Busuu,Bravo Benefits - childcare voucher,Journal,,,,False,,
29 - Busuu Ltd,Aug 2026,8/15/2026,8/28/2026,GBP,66170 Office Expenses : Bank Service Charges,Vendor,18,USD,321 - Accounting,60 - Busuu,"RUK260828-002753, CHARGE RE /REMI/00001100/1 /PURP/FEES /BNF/RUK26082 8-002753, CHARGE RE //GBP, 1176,21 DATED 28/08/2026/OCMT/GBP13, 23//BENM/40190077916615 HSBC BANK PLC SCS COLL ACC/EXCH/000000000 000/",Journal,,,,False,,
29 - Busuu Ltd,Aug 2026,8/15/2026,8/28/2026,GBP,66520 Realized Gain/Loss,Vendor,"-3,305",USD,000 - Central,00 - Corporate,,Currency Revaluation,,,,False,,
29 - Busuu Ltd,Aug 2026,8/15/2026,8/28/2026,GBP,66520 Realized Gain/Loss,Vendor,-199,USD,000 - Central,00 - Corporate,,Currency Revaluation,,,,False,,
29 - Busuu Ltd,Aug 2026,8/15/2026,8/28/2026,GBP,66520 Realized Gain/Loss,Vendor,-107,USD,000 - Central,00 - Corporate,,Currency Revaluation,,,,False,,
29 - Busuu Ltd,Aug 2026,8/15/2026,8/28/2026,GBP,66520 Realized Gain/Loss,Vendor,5,USD,000 - Central,00 - Corporate,,Currency Revaluation,,,,False,,
29 - Busuu Ltd,Aug 2026,8/15/2026,8/28/2026,GBP,66520 Realized Gain/Loss,Vendor,84,USD,000 - Central,00 - Corporate,,Currency Revaluation,,,,False,,
29 - Busuu Ltd,Aug 2026,8/15/2026,8/28/2026,GBP,66530 Rounding Gain/Loss,Vendor,0,USD,000 - Central,00 - Corporate,,Currency Revaluation,,,,False,,
29 - Busuu Ltd,Aug 2026,8/15/2026,8/30/2026,GBP,66530 Rounding Gain/Loss,Vendor,0,USD,000 - Central,60 - Busuu,,Currency Revaluation,,,,False,,
29 - Busuu Ltd,Aug 2026,8/15/2026,8/30/2026,GBP,66530 Rounding Gain/Loss,Vendor,0,USD,000 - Central,60 - Busuu,,Currency Revaluation,,,,False,,
29 - Busuu Ltd,Aug 2026,8/15/2026,8/31/2026,GBP,60100 Salary & Wages : Salary Expense,Vendor,"-8,768",USD,140 - Engineering Discovery,60 - Busuu,Salary Adjustment - 140,Journal,,,,False,,
29 - Busuu Ltd,Aug 2026,8/15/2026,8/31/2026,GBP,60100 Salary & Wages : Salary Expense,Vendor,"-5,989",USD,141 - Engineering Engagement,60 - Busuu,Salary Adjustment - 141,Journal,,,,False,,
29 - Busuu Ltd,Aug 2026,8/15/2026,8/31/2026,GBP,60100 Salary & Wages : Salary Expense,Vendor,"-3,629",USD,102 - Product - Engagement,60 - Busuu,Unpaid Leave - 102,Journal,,,,False,,
29 - Busuu Ltd,Aug 2026,8/15/2026,8/31/2026,GBP,60100 Salary & Wages : Salary Expense,Vendor,"-2,719",USD,206 - Customer Relationship Marketing,60 - Busuu,Salary Adjustment - 206,Journal,,,,False,,
29 - Busuu Ltd,Aug 2026,8/15/2026,8/31/2026,GBP,60100 Salary & Wages : Salary Expense,Vendor,"-2,109",USD,341 - HR Operations,60 - Busuu,Unpaid Leave - 341,Journal,,,,False,,
29 - Busuu Ltd,Aug 2026,8/15/2026,8/31/2026,GBP,60100 Salary & Wages : Salary Expense,Vendor,812,USD,140 - Engineering Discovery,60 - Busuu,On Call - 140,Journal,,,,False,,
29 - Busuu Ltd,Aug 2026,8/15/2026,8/31/2026,GBP,60100 Salary & Wages : Salary Expense,Vendor,"1,041",USD,385 - Content Development,60 - Busuu,Backdated Salary - 385,Journal,,,,False,,
29 - Busuu Ltd,Aug 2026,8/15/2026,8/31/2026,GBP,60100 Salary & Wages : Salary Expense,Vendor,"1,813",USD,206 - Customer Relationship Marketing,60 - Busuu,Holiday Pay - 206,Journal,,,,False,,
29 - Busuu Ltd,Aug 2026,8/15/2026,8/31/2026,GBP,60100 Salary & Wages : Salary Expense,Vendor,"2,058",USD,341 - HR Operations,60 - Busuu,Apprenticeship Levy -,Journal,,,,False,,
29 - Busuu Ltd,Aug 2026,8/15/2026,8/31/2026,GBP,60100 Salary & Wages : Salary Expense,Vendor,"2,219",USD,204 - Performance Marketing,60 - Busuu,Backdated Salary - 204,Journal,,,,False,,
29 - Busuu Ltd,Aug 2026,8/15/2026,8/31/2026,GBP,60100 Salary & Wages : Salary Expense,Vendor,"5,022",USD,141 - Engineering Engagement,60 - Busuu,Holiday Pay - 141,Journal,,,,False,,
29 - Busuu Ltd,Aug 2026,8/15/2026,8/31/2026,GBP,60100 Salary & Wages : Salary Expense,Vendor,"5,171",USD,206 - Customer Relationship Marketing,60 - Busuu,Backdated Salary - 206,Journal,,,,False,,
29 - Busuu Ltd,Aug 2026,8/15/2026,8/31/2026,GBP,60100 Salary & Wages : Salary Expense,Vendor,"6,547",USD,206 - Customer Relationship Marketing,60 - Busuu,PILON - 206,Journal,,,,False,,
29 - Busuu Ltd,Aug 2026,8/15/2026,8/31/2026,GBP,60100 Salary & Wages : Salary Expense,Vendor,"7,039",USD,201 - Brand Marketing,60 - Busuu,Basic Pay - 201,Journal,,,,False,,
29 - Busuu Ltd,Aug 2026,8/15/2026,8/31/2026,GBP,60100 Salary & Wages : Salary Expense,Vendor,"9,120",USD,366 - Business Operations Management,60 - Busuu,Basic Pay - 366,Journal,,,,False,,
29 - Busuu Ltd,Aug 2026,8/15/2026,8/31/2026,GBP,60100 Salary & Wages : Salary Expense,Vendor,"11,381",USD,143 - Engineering Mobile Native,60 - Busuu,Basic Pay - 143,Journal,,,,False,,
29 - Busuu Ltd,Aug 2026,8/15/2026,8/31/2026,GBP,60100 Salary & Wages : Salary Expense,Vendor,"15,538",USD,321 - Accounting,60 - Busuu,Basic Pay - 321,Journal,,,,False,,
29 - Busuu Ltd,Aug 2026,8/15/2026,8/31/2026,GBP,60100 Salary & Wages : Salary Expense,Vendor,"15,917",USD,140 - Engineering Discovery,60 - Busuu,Holiday Pay - 140,Journal,,,,False,,
29 - Busuu Ltd,Aug 2026,8/15/2026,8/31/2026,GBP,60100 Salary & Wages : Salary Expense,Vendor,"17,657",USD,103 - Product - Monetization,60 - Busuu,Basic Pay - 103,Journal,,,,False,,
29 - Busuu Ltd,Aug 2026,8/15/2026,8/31/2026,GBP,60100 Salary & Wages : Salary Expense,Vendor,"17,973",USD,203 - Creative Marketing,60 - Busuu,Basic Pay - 203,Journal,,,,False,,
29 - Busuu Ltd,Aug 2026,8/15/2026,8/31/2026,GBP,60100 Salary & Wages : Salary Expense,Vendor,"18,307",USD,580 - Support Operations,60 - Busuu,Basic Pay - 580,Journal,,,,False,,
29 - Busuu Ltd,Aug 2026,8/15/2026,8/31/2026,GBP,60100 Salary & Wages : Salary Expense,Vendor,"18,537",USD,141 - Engineering Engagement,60 - Busuu,PILON - 141,Journal,,,,False,,
29 - Busuu Ltd,Aug 2026,8/15/2026,8/31/2026,GBP,60100 Salary & Wages : Salary Expense,Vendor,"21,138",USD,205 - SEO Marketing,60 - Busuu,Basic Pay - 205,Journal,,,,False,,
29 - Busuu Ltd,Aug 2026,8/15/2026,8/31/2026,GBP,60100 Salary & Wages : Salary Expense,Vendor,"22,760",USD,112 - User Experience - Engagement,60 - Busuu,Basic Pay - 112,Journal,,,,False,,
29 - Busuu Ltd,Aug 2026,8/15/2026,8/31/2026,GBP,60100 Salary & Wages : Salary Expense,Vendor,"24,820",USD,341 - HR Operations,60 - Busuu,Basic Pay - 341,Journal,,,,False,,
29 - Busuu Ltd,Aug 2026,8/15/2026,8/31/2026,GBP,60100 Salary & Wages : Salary Expense,Vendor,"30,689",USD,200 - Marketing Operations,60 - Busuu,Basic Pay - 200,Journal,,,,False,,
29 - Busuu Ltd,Aug 2026,8/15/2026,8/31/2026,GBP,60100 Salary & Wages : Salary Expense,Vendor,"31,589",USD,325 - FP & A,60 - Busuu,Basic Pay - 325,Journal,,,,False,,
29 - Busuu Ltd,Aug 2026,8/15/2026,8/31/2026,GBP,60100 Salary & Wages : Salary Expense,Vendor,"33,797",USD,204 - Performance Marketing,60 - Busuu,Basic Pay - 204,Journal,,,,False,,
29 - Busuu Ltd,Aug 2026,8/15/2026,8/31/2026,GBP,60100 Salary & Wages : Salary Expense,Vendor,"34,863",USD,102 - Product - Engagement,60 - Busuu,Basic Pay - 102,Journal,,,,False,,
29 - Busuu Ltd,Aug 2026,8/15/2026,8/31/2026,GBP,60100 Salary & Wages : Salary Expense,Vendor,"38,117",USD,105 - Product Marketing Management,60 - Busuu,Basic Pay - 105,Journal,,,,False,,
29 - Busuu Ltd,Aug 2026,8/15/2026,8/31/2026,GBP,60100 Salary & Wages : Salary Expense,Vendor,"39,649",USD,385 - Content Development,60 - Busuu,Basic Pay - 385,Journal,,,,False,,
29 - Busuu Ltd,Aug 2026,8/15/2026,8/31/2026,GBP,60100 Salary & Wages : Salary Expense,Vendor,"41,754",USD,140 - Engineering Discovery,60 - Busuu,PILON - 140,Journal,,,,False,,
29 - Busuu Ltd,Aug 2026,8/15/2026,8/31/2026,GBP,60100 Salary & Wages : Salary Expense,Vendor,"47,684",USD,206 - Customer Relationship Marketing,60 - Busuu,Basic Pay - 206,Journal,,,,False,,
29 - Busuu Ltd,Aug 2026,8/15/2026,8/31/2026,GBP,60100 Salary & Wages : Salary Expense,Vendor,"82,419",USD,140 - Engineering Discovery,60 - Busuu,Basic Pay - 140,Journal,,,,False,,
29 - Busuu Ltd,Aug 2026,8/15/2026,8/31/2026,GBP,60100 Salary & Wages : Salary Expense,Vendor,"194,677",USD,225 - Partnerships,60 - Busuu,Basic Pay - 225,Journal,,,,False,,
29 - Busuu Ltd,Aug 2026,8/15/2026,8/31/2026,GBP,60120 Salary & Wages : Severance,Vendor,"20,307",USD,206 - Customer Relationship Marketing,60 - Busuu,Termination Payment - 206,Journal,,,,False,,
29 - Busuu Ltd,Aug 2026,8/15/2026,8/31/2026,GBP,60120 Salary & Wages : Severance,Vendor,"36,537",USD,141 - Engineering Engagement,60 - Busuu,Termination Payment - 141,Journal,,,,False,,
29 - Busuu Ltd,Aug 2026,8/15/2026,8/31/2026,GBP,60120 Salary & Wages : Severance,Vendor,"67,754",USD,140 - Engineering Discovery,60 - Busuu,Termination Payment - 140,Journal,,,,False,,
29 - Busuu Ltd,Aug 2026,8/15/2026,8/31/2026,GBP,60150 Salary & Wages : Bonus,Vendor,"5,415",USD,105 - Product Marketing Management,60 - Busuu,Bonus - 105,Journal,,,,False,,
29 - Busuu Ltd,Aug 2026,8/15/2026,8/31/2026,GBP,60150 Salary & Wages : Bonus,Vendor,"6,498",USD,225 - Partnerships,60 - Busuu,Bonus - 225,Journal,,,,False,,
29 - Busuu Ltd,Aug 2026,8/15/2026,8/31/2026,GBP,60150 Salary & Wages : Bonus,Vendor,"103,734",USD,225 - Partnerships,60 - Busuu,0826 Bonus & Commission Accruals UK Bonus,Journal,,,,False,9/1/2026,
29 - Busuu Ltd,Aug 2026,8/15/2026,8/31/2026,GBP,60150 Salary & Wages : Bonus,Vendor,"231,041",USD,360 - General Management,60 - Busuu,0826 Bonus & Commission Accruals UK GM Bonus,Journal,,,,False,9/1/2026,
29 - Busuu Ltd,Aug 2026,8/15/2026,8/31/2026,GBP,60160 Salary & Wages : Commissions,Vendor,"115,372",USD,225 - Partnerships,60 - Busuu,0826 Bonus & Commission Accruals UK Commissions,Journal,,,,False,9/1/2026,
29 - Busuu Ltd,Aug 2026,8/15/2026,8/31/2026,GBP,60180 Salary & Wages : Employer Payroll Taxes,Vendor,"-1,207",USD,341 - HR Operations,60 - Busuu,[103438 @Line 1] 26/27 Employers NI allowance (Amortization Destination),Journal,,,,False,,
29 - Busuu Ltd,Aug 2026,8/15/2026,8/31/2026,GBP,60180 Salary & Wages : Employer Payroll Taxes,Vendor,-162,USD,200 - Marketing Operations,60 - Busuu,Chegg RSU ERNI Offset - 200,Journal,,,,False,,
29 - Busuu Ltd,Aug 2026,8/15/2026,8/31/2026,GBP,60180 Salary & Wages : Employer Payroll Taxes,Vendor,-94,USD,140 - Engineering Discovery,60 - Busuu,Chegg RSU ERNI Offset - 140,Journal,,,,False,,
29 - Busuu Ltd,Aug 2026,8/15/2026,8/31/2026,GBP,60180 Salary & Wages : Employer Payroll Taxes,Vendor,-92,USD,105 - Product Marketing Management,60 - Busuu,Chegg RSU ERNI Offset - 105,Journal,,,,False,,
29 - Busuu Ltd,Aug 2026,8/15/2026,8/31/2026,GBP,60180 Salary & Wages : Employer Payroll Taxes,Vendor,-68,USD,143 - Engineering Mobile Native,60 - Busuu,Chegg RSU ERNI Offset - 143,Journal,,,,False,,
29 - Busuu Ltd,Aug 2026,8/15/2026,8/31/2026,GBP,60180 Salary & Wages : Employer Payroll Taxes,Vendor,-67,USD,204 - Performance Marketing,60 - Busuu,Chegg RSU ERNI Offset - 204,Journal,,,,False,,
29 - Busuu Ltd,Aug 2026,8/15/2026,8/31/2026,GBP,60180 Salary & Wages : Employer Payroll Taxes,Vendor,-44,USD,205 - SEO Marketing,60 - Busuu,Chegg RSU ERNI Offset - 205,Journal,,,,False,,
29 - Busuu Ltd,Aug 2026,8/15/2026,8/31/2026,GBP,60180 Salary & Wages : Employer Payroll Taxes,Vendor,-13,USD,385 - Content Development,60 - Busuu,Chegg RSU ERNI Offset - 385,Journal,,,,False,,
29 - Busuu Ltd,Aug 2026,8/15/2026,8/31/2026,GBP,60180 Salary & Wages : Employer Payroll Taxes,Vendor,971,USD,201 - Brand Marketing,60 - Busuu,Employer NI - 201,Journal,,,,False,,
29 - Busuu Ltd,Aug 2026,8/15/2026,8/31/2026,GBP,60180 Salary & Wages : Employer Payroll Taxes,Vendor,"1,215",USD,366 - Business Operations Management,60 - Busuu,Employer NI - 366,Journal,,,,False,,
29 - Busuu Ltd,Aug 2026,8/15/2026,8/31/2026,GBP,60180 Salary & Wages : Employer Payroll Taxes,Vendor,"1,451",USD,103 - Product - Monetization,60 - Busuu,Employer NI - 103,Journal,,,,False,,
29 - Busuu Ltd,Aug 2026,8/15/2026,8/31/2026,GBP,60180 Salary & Wages : Employer Payroll Taxes,Vendor,"1,690",USD,143 - Engineering Mobile Native,60 - Busuu,Employer NI - 143,Journal,,,,False,,
29 - Busuu Ltd,Aug 2026,8/15/2026,8/31/2026,GBP,60180 Salary & Wages : Employer Payroll Taxes,Vendor,"2,045",USD,321 - Accounting,60 - Busuu,Employer NI - 321,Journal,,,,False,,
29 - Busuu Ltd,Aug 2026,8/15/2026,8/31/2026,GBP,60180 Salary & Wages : Employer Payroll Taxes,Vendor,"2,434",USD,141 - Engineering Engagement,60 - Busuu,Employer NI - 141,Journal,,,,False,,
29 - Busuu Ltd,Aug 2026,8/15/2026,8/31/2026,GBP,60180 Salary & Wages : Employer Payroll Taxes,Vendor,"2,452",USD,580 - Support Operations,60 - Busuu,Employer NI - 580,Journal,,,,False,,
29 - Busuu Ltd,Aug 2026,8/15/2026,8/31/2026,GBP,60180 Salary & Wages : Employer Payroll Taxes,Vendor,"2,472",USD,203 - Creative Marketing,60 - Busuu,Employer NI - 203,Journal,,,,False,,
29 - Busuu Ltd,Aug 2026,8/15/2026,8/31/2026,GBP,60180 Salary & Wages : Employer Payroll Taxes,Vendor,"2,923",USD,205 - SEO Marketing,60 - Busuu,Employer NI - 205,Journal,,,,False,,
29 - Busuu Ltd,Aug 2026,8/15/2026,8/31/2026,GBP,60180 Salary & Wages : Employer Payroll Taxes,Vendor,"3,101",USD,341 - HR Operations,60 - Busuu,Employer NI - 341,Journal,,,,False,,
29 - Busuu Ltd,Aug 2026,8/15/2026,8/31/2026,GBP,60180 Salary & Wages : Employer Payroll Taxes,Vendor,"3,133",USD,112 - User Experience - Engagement,60 - Busuu,Employer NI - 112,Journal,,,,False,,
29 - Busuu Ltd,Aug 2026,8/15/2026,8/31/2026,GBP,60180 Salary & Wages : Employer Payroll Taxes,Vendor,"3,350",USD,360 - General Management,60 - Busuu,0826 Bonus & Commission Accruals UK GM Bonus Taxes,Journal,,,,False,9/1/2026,
29 - Busuu Ltd,Aug 2026,8/15/2026,8/31/2026,GBP,60180 Salary & Wages : Employer Payroll Taxes,Vendor,"3,982",USD,102 - Product - Engagement,60 - Busuu,Employer NI - 102,Journal,,,,False,,
29 - Busuu Ltd,Aug 2026,8/15/2026,8/31/2026,GBP,60180 Salary & Wages : Employer Payroll Taxes,Vendor,"4,400",USD,325 - FP & A,60 - Busuu,Employer NI - 325,Journal,,,,False,,
29 - Busuu Ltd,Aug 2026,8/15/2026,8/31/2026,GBP,60180 Salary & Wages : Employer Payroll Taxes,Vendor,"4,452",USD,200 - Marketing Operations,60 - Busuu,Employer NI - 200,Journal,,,,False,,
29 - Busuu Ltd,Aug 2026,8/15/2026,8/31/2026,GBP,60180 Salary & Wages : Employer Payroll Taxes,Vendor,"5,025",USD,204 - Performance Marketing,60 - Busuu,Employer NI - 204,Journal,,,,False,,
29 - Busuu Ltd,Aug 2026,8/15/2026,8/31/2026,GBP,60180 Salary & Wages : Employer Payroll Taxes,Vendor,"5,411",USD,385 - Content Development,60 - Busuu,Employer NI - 385,Journal,,,,False,,
29 - Busuu Ltd,Aug 2026,8/15/2026,8/31/2026,GBP,60180 Salary & Wages : Employer Payroll Taxes,Vendor,"5,884",USD,105 - Product Marketing Management,60 - Busuu,Employer NI - 105,Journal,,,,False,,
29 - Busuu Ltd,Aug 2026,8/15/2026,8/31/2026,GBP,60180 Salary & Wages : Employer Payroll Taxes,Vendor,"7,681",USD,206 - Customer Relationship Marketing,60 - Busuu,Employer NI - 206,Journal,,,,False,,
29 - Busuu Ltd,Aug 2026,8/15/2026,8/31/2026,GBP,60180 Salary & Wages : Employer Payroll Taxes,Vendor,"8,440",USD,341 - HR Operations,60 - Busuu,PSA Accrual - 2026/27,Journal,,,,False,9/1/2026,
29 - Busuu Ltd,Aug 2026,8/15/2026,8/31/2026,GBP,60180 Salary & Wages : Employer Payroll Taxes,Vendor,"8,902",USD,341 - HR Operations,60 - Busuu,P11D 2026/27,Journal,,,,False,9/1/2026,
29 - Busuu Ltd,Aug 2026,8/15/2026,8/31/2026,GBP,60180 Salary & Wages : Employer Payroll Taxes,Vendor,"18,393",USD,140 - Engineering Discovery,60 - Busuu,Employer NI - 140,Journal,,,,False,,
29 - Busuu Ltd,Aug 2026,8/15/2026,8/31/2026,GBP,60180 Salary & Wages : Employer Payroll Taxes,Vendor,"24,667",USD,225 - Partnerships,60 - Busuu,0826 Bonus & Commission Accruals UK Payroll Taxes,Journal,,,,False,9/1/2026,
29 - Busuu Ltd,Aug 2026,8/15/2026,8/31/2026,GBP,60180 Salary & Wages : Employer Payroll Taxes,Vendor,"27,124",USD,225 - Partnerships,60 - Busuu,Employer NI - 225,Journal,,,,False,,
29 - Busuu Ltd,Aug 2026,8/15/2026,8/31/2026,GBP,60180 Salary & Wages : Employer Payroll Taxes,Vendor,"47,129",USD,341 - HR Operations,60 - Busuu,PSA Accrual - 2025/26,Journal,,,,False,9/1/2026,
29 - Busuu Ltd,Aug 2026,8/15/2026,8/31/2026,GBP,60215 Other Compensation and Benefits : Pension Expense,Vendor,"-10,020",USD,225 - Partnerships,60 - Busuu,Pension (Salary Sacrifice) - 225,Journal,,,,False,,
29 - Busuu Ltd,Aug 2026,8/15/2026,8/31/2026,GBP,60215 Other Compensation and Benefits : Pension Expense,Vendor,"-7,416",USD,103 - Product - Monetization,60 - Busuu,Pension (Salary Sacrifice) - 103,Journal,,,,False,,
29 - Busuu Ltd,Aug 2026,8/15/2026,8/31/2026,GBP,60215 Other Compensation and Benefits : Pension Expense,Vendor,"-3,929",USD,140 - Engineering Discovery,60 - Busuu,Pension (Salary Sacrifice) - 140,Journal,,,,False,,
29 - Busuu Ltd,Aug 2026,8/15/2026,8/31/2026,GBP,60215 Other Compensation and Benefits : Pension Expense,Vendor,"-3,886",USD,206 - Customer Relationship Marketing,60 - Busuu,Pension (Salary Sacrifice) - 206,Journal,,,,False,,
29 - Busuu Ltd,Aug 2026,8/15/2026,8/31/2026,GBP,60215 Other Compensation and Benefits : Pension Expense,Vendor,"-3,224",USD,105 - Product Marketing Management,60 - Busuu,Pension (Salary Sacrifice) - 105,Journal,,,,False,,
29 - Busuu Ltd,Aug 2026,8/15/2026,8/31/2026,GBP,60215 Other Compensation and Benefits : Pension Expense,Vendor,"-2,991",USD,102 - Product - Engagement,60 - Busuu,Pension (Salary Sacrifice) - 102,Journal,,,,False,,
29 - Busuu Ltd,Aug 2026,8/15/2026,8/31/2026,GBP,60215 Other Compensation and Benefits : Pension Expense,Vendor,"-1,320",USD,385 - Content Development,60 - Busuu,Pension (Salary Sacrifice) - 385,Journal,,,,False,,
29 - Busuu Ltd,Aug 2026,8/15/2026,8/31/2026,GBP,60215 Other Compensation and Benefits : Pension Expense,Vendor,"-1,266",USD,204 - Performance Marketing,60 - Busuu,Pension (Salary Sacrifice) - 204,Journal,,,,False,,
29 - Busuu Ltd,Aug 2026,8/15/2026,8/31/2026,GBP,60215 Other Compensation and Benefits : Pension Expense,Vendor,"-1,128",USD,325 - FP & A,60 - Busuu,Pension (Salary Sacrifice) - 325,Journal,,,,False,,
29 - Busuu Ltd,Aug 2026,8/15/2026,8/31/2026,GBP,60215 Other Compensation and Benefits : Pension Expense,Vendor,-910,USD,341 - HR Operations,60 - Busuu,Pension (Salary Sacrifice) - 341,Journal,,,,False,,
29 - Busuu Ltd,Aug 2026,8/15/2026,8/31/2026,GBP,60215 Other Compensation and Benefits : Pension Expense,Vendor,-815,USD,205 - SEO Marketing,60 - Busuu,Pension (Salary Sacrifice) - 205,Journal,,,,False,,
29 - Busuu Ltd,Aug 2026,8/15/2026,8/31/2026,GBP,60215 Other Compensation and Benefits : Pension Expense,Vendor,-777,USD,321 - Accounting,60 - Busuu,Pension (Salary Sacrifice) - 321,Journal,,,,False,,
29 - Busuu Ltd,Aug 2026,8/15/2026,8/31/2026,GBP,60215 Other Compensation and Benefits : Pension Expense,Vendor,-745,USD,112 - User Experience - Engagement,60 - Busuu,Pension (Salary Sacrifice) - 112,Journal,,,,False,,
29 - Busuu Ltd,Aug 2026,8/15/2026,8/31/2026,GBP,60215 Other Compensation and Benefits : Pension Expense,Vendor,-456,USD,366 - Business Operations Management,60 - Busuu,Pension (Salary Sacrifice) - 366,Journal,,,,False,,
29 - Busuu Ltd,Aug 2026,8/15/2026,8/31/2026,GBP,60215 Other Compensation and Benefits : Pension Expense,Vendor,-395,USD,200 - Marketing Operations,60 - Busuu,Pension (Salary Sacrifice) - 200,Journal,,,,False,,
29 - Busuu Ltd,Aug 2026,8/15/2026,8/31/2026,GBP,60215 Other Compensation and Benefits : Pension Expense,Vendor,-367,USD,203 - Creative Marketing,60 - Busuu,Pension (Salary Sacrifice) - 203,Journal,,,,False,,
29 - Busuu Ltd,Aug 2026,8/15/2026,8/31/2026,GBP,60215 Other Compensation and Benefits : Pension Expense,Vendor,-266,USD,580 - Support Operations,60 - Busuu,Pension (Salary Sacrifice) - 580,Journal,,,,False,,
29 - Busuu Ltd,Aug 2026,8/15/2026,8/31/2026,GBP,60215 Other Compensation and Benefits : Pension Expense,Vendor,-213,USD,141 - Engineering Engagement,60 - Busuu,Pension (Salary Sacrifice) - 141,Journal,,,,False,,
29 - Busuu Ltd,Aug 2026,8/15/2026,8/31/2026,GBP,60215 Other Compensation and Benefits : Pension Expense,Vendor,211,USD,201 - Brand Marketing,60 - Busuu,Employer Pension - 201,Journal,,,,False,,
29 - Busuu Ltd,Aug 2026,8/15/2026,8/31/2026,GBP,60215 Other Compensation and Benefits : Pension Expense,Vendor,341,USD,143 - Engineering Mobile Native,60 - Busuu,Employer Pension - 143,Journal,,,,False,,
29 - Busuu Ltd,Aug 2026,8/15/2026,8/31/2026,GBP,60215 Other Compensation and Benefits : Pension Expense,Vendor,363,USD,141 - Engineering Engagement,60 - Busuu,Employer Pension - 141,Journal,,,,False,,
29 - Busuu Ltd,Aug 2026,8/15/2026,8/31/2026,GBP,60215 Other Compensation and Benefits : Pension Expense,Vendor,730,USD,366 - Business Operations Management,60 - Busuu,Employer Pension - 366,Journal,,,,False,,
29 - Busuu Ltd,Aug 2026,8/15/2026,8/31/2026,GBP,60215 Other Compensation and Benefits : Pension Expense,Vendor,815,USD,580 - Support Operations,60 - Busuu,Employer Pension - 580,Journal,,,,False,,
29 - Busuu Ltd,Aug 2026,8/15/2026,8/31/2026,GBP,60215 Other Compensation and Benefits : Pension Expense,Vendor,906,USD,203 - Creative Marketing,60 - Busuu,Employer Pension - 203,Journal,,,,False,,
29 - Busuu Ltd,Aug 2026,8/15/2026,8/31/2026,GBP,60215 Other Compensation and Benefits : Pension Expense,Vendor,"1,243",USD,321 - Accounting,60 - Busuu,Employer Pension - 321,Journal,,,,False,,
29 - Busuu Ltd,Aug 2026,8/15/2026,8/31/2026,GBP,60215 Other Compensation and Benefits : Pension Expense,Vendor,"1,316",USD,200 - Marketing Operations,60 - Busuu,Employer Pension - 200,Journal,,,,False,,
29 - Busuu Ltd,Aug 2026,8/15/2026,8/31/2026,GBP,60215 Other Compensation and Benefits : Pension Expense,Vendor,"1,427",USD,112 - User Experience - Engagement,60 - Busuu,Employer Pension - 112,Journal,,,,False,,
29 - Busuu Ltd,Aug 2026,8/15/2026,8/31/2026,GBP,60215 Other Compensation and Benefits : Pension Expense,Vendor,"1,449",USD,205 - SEO Marketing,60 - Busuu,Employer Pension - 205,Journal,,,,False,,
29 - Busuu Ltd,Aug 2026,8/15/2026,8/31/2026,GBP,60215 Other Compensation and Benefits : Pension Expense,Vendor,"1,591",USD,341 - HR Operations,60 - Busuu,Employer Pension - 341,Journal,,,,False,,
29 - Busuu Ltd,Aug 2026,8/15/2026,8/31/2026,GBP,60215 Other Compensation and Benefits : Pension Expense,Vendor,"2,026",USD,204 - Performance Marketing,60 - Busuu,Employer Pension - 204,Journal,,,,False,,
29 - Busuu Ltd,Aug 2026,8/15/2026,8/31/2026,GBP,60215 Other Compensation and Benefits : Pension Expense,Vendor,"2,076",USD,325 - FP & A,60 - Busuu,Employer Pension - 325,Journal,,,,False,,
29 - Busuu Ltd,Aug 2026,8/15/2026,8/31/2026,GBP,60215 Other Compensation and Benefits : Pension Expense,Vendor,"2,340",USD,385 - Content Development,60 - Busuu,Employer Pension - 385,Journal,,,,False,,
29 - Busuu Ltd,Aug 2026,8/15/2026,8/31/2026,GBP,60215 Other Compensation and Benefits : Pension Expense,Vendor,"3,681",USD,102 - Product - Engagement,60 - Busuu,Employer Pension - 102,Journal,,,,False,,
29 - Busuu Ltd,Aug 2026,8/15/2026,8/31/2026,GBP,60215 Other Compensation and Benefits : Pension Expense,Vendor,"4,367",USD,105 - Product Marketing Management,60 - Busuu,Employer Pension - 105,Journal,,,,False,,
29 - Busuu Ltd,Aug 2026,8/15/2026,8/31/2026,GBP,60215 Other Compensation and Benefits : Pension Expense,Vendor,"5,193",USD,206 - Customer Relationship Marketing,60 - Busuu,Employer Pension - 206,Journal,,,,False,,
29 - Busuu Ltd,Aug 2026,8/15/2026,8/31/2026,GBP,60215 Other Compensation and Benefits : Pension Expense,Vendor,"6,879",USD,140 - Engineering Discovery,60 - Busuu,Employer Pension - 140,Journal,,,,False,,
29 - Busuu Ltd,Aug 2026,8/15/2026,8/31/2026,GBP,60215 Other Compensation and Benefits : Pension Expense,Vendor,"7,945",USD,103 - Product - Monetization,60 - Busuu,Employer Pension - 103,Journal,,,,False,,
29 - Busuu Ltd,Aug 2026,8/15/2026,8/31/2026,GBP,60215 Other Compensation and Benefits : Pension Expense,Vendor,"14,647",USD,225 - Partnerships,60 - Busuu,Employer Pension - 225,Journal,,,,False,,
29 - Busuu Ltd,Aug 2026,8/15/2026,8/31/2026,GBP,60240 Other Compensation and Benefits : Employee Benefits,Vendor,-497,USD,325 - FP & A,60 - Busuu,Health Insurance - 325,Journal,,,,False,,
29 - Busuu Ltd,Aug 2026,8/15/2026,8/31/2026,GBP,60240 Other Compensation and Benefits : Employee Benefits,Vendor,116,USD,350 - Workplace Services,60 - Busuu,Spendesk August 26 - Card Purchase - RTG wellness - Office Massages,Journal,,,,False,,
29 - Busuu Ltd,Aug 2026,8/15/2026,8/31/2026,GBP,60240 Other Compensation and Benefits : Employee Benefits,Vendor,141,USD,350 - Workplace Services,60 - Busuu,Spendesk August 26 - Card Purchase - RTG wellness - Office Massages,Journal,,,,False,,
29 - Busuu Ltd,Aug 2026,8/15/2026,8/31/2026,GBP,60290 Other Compensation and Benefits : Other Employee Benefits,Gympass UK LTD,"6,677",USD,341 - HR Operations,60 - Busuu,"[INUK_12945 @Expense Line 1] OCT25 TO SEP 26, Wellhub - Benefit  (2025-10-01 to  2026-09-30) (Amortization Destination)",Journal,,,,False,,
29 - Busuu Ltd,Aug 2026,8/15/2026,8/31/2026,GBP,60290 Other Compensation and Benefits : Other Employee Benefits,MetLife Europe d.a.c,"1,304",USD,341 - HR Operations,60 - Busuu,[424A1219 01/05/2026 @Expense Line 1] POLICY NUMBER 424A1219 PREMIUM DUE FOR THE PERIOD 01/05/2026 to 30/04/2027 (Amortization Destination),Journal,,,,False,,
29 - Busuu Ltd,Aug 2026,8/15/2026,8/31/2026,GBP,60290 Other Compensation and Benefits : Other Employee Benefits,Vendor,-966,USD,225 - Partnerships,60 - Busuu,WELLHUB PAYMENT - 225,Journal,,,,False,,
29 - Busuu Ltd,Aug 2026,8/15/2026,8/31/2026,GBP,60290 Other Compensation and Benefits : Other Employee Benefits,Vendor,-920,USD,341 - HR Operations,60 - Busuu,[97946 @Line 2] INV1068 0126 Wellhub adjustment (Amortization Destination),Journal,,,,False,,
29 - Busuu Ltd,Aug 2026,8/15/2026,8/31/2026,GBP,60290 Other Compensation and Benefits : Other Employee Benefits,Vendor,-920,USD,341 - HR Operations,60 - Busuu,[98753 @Line 2] INV1068 0126 Wellhub adjustment (Amortization Destination),Journal,,,,False,,
29 - Busuu Ltd,Aug 2026,8/15/2026,8/31/2026,GBP,60290 Other Compensation and Benefits : Other Employee Benefits,Vendor,-494,USD,140 - Engineering Discovery,60 - Busuu,WELLHUB PAYMENT - 140,Journal,,,,False,,
29 - Busuu Ltd,Aug 2026,8/15/2026,8/31/2026,GBP,60290 Other Compensation and Benefits : Other Employee Benefits,Vendor,-328,USD,206 - Customer Relationship Marketing,60 - Busuu,WELLHUB PAYMENT - 206,Journal,,,,False,,
29 - Busuu Ltd,Aug 2026,8/15/2026,8/31/2026,GBP,60290 Other Compensation and Benefits : Other Employee Benefits,Vendor,-223,USD,102 - Product - Engagement,60 - Busuu,WELLHUB PAYMENT - 102,Journal,,,,False,,
29 - Busuu Ltd,Aug 2026,8/15/2026,8/31/2026,GBP,60290 Other Compensation and Benefits : Other Employee Benefits,Vendor,-223,USD,200 - Marketing Operations,60 - Busuu,WELLHUB PAYMENT - 200,Journal,,,,False,,
29 - Busuu Ltd,Aug 2026,8/15/2026,8/31/2026,GBP,60290 Other Compensation and Benefits : Other Employee Benefits,Vendor,-223,USD,385 - Content Development,60 - Busuu,WELLHUB PAYMENT - 385,Journal,,,,False,,
29 - Busuu Ltd,Aug 2026,8/15/2026,8/31/2026,GBP,60290 Other Compensation and Benefits : Other Employee Benefits,Vendor,-223,USD,580 - Support Operations,60 - Busuu,WELLHUB PAYMENT - 580,Journal,,,,False,,
29 - Busuu Ltd,Aug 2026,8/15/2026,8/31/2026,GBP,60290 Other Compensation and Benefits : Other Employee Benefits,Vendor,-196,USD,000 - Central,00 - Corporate,[104602 @Line 1] Adjustment Refund Received - POLICY NUMBER 424A1219 PREMIUM DUE FOR THE PERIOD 01/05/2026 to 30/04/2027 (Amortization Destination),Journal,,,,False,,
29 - Busuu Ltd,Aug 2026,8/15/2026,8/31/2026,GBP,60290 Other Compensation and Benefits : Other Employee Benefits,Vendor,-196,USD,341 - HR Operations,60 - Busuu,[105260 @Line 1] Adjustment Refund Received - POLICY NUMBER 424A1219 PREMIUM DUE FOR THE PERIOD 01/05/2026 to 30/04/2027 (Amortization Destination),Journal,,,,False,,
29 - Busuu Ltd,Aug 2026,8/15/2026,8/31/2026,GBP,60290 Other Compensation and Benefits : Other Employee Benefits,Vendor,-168,USD,225 - Partnerships,60 - Busuu,Child Care Vouchers - 225,Journal,,,,False,,
29 - Busuu Ltd,Aug 2026,8/15/2026,8/31/2026,GBP,60290 Other Compensation and Benefits : Other Employee Benefits,Vendor,-149,USD,203 - Creative Marketing,60 - Busuu,WELLHUB PAYMENT - 203,Journal,,,,False,,
29 - Busuu Ltd,Aug 2026,8/15/2026,8/31/2026,GBP,60290 Other Compensation and Benefits : Other Employee Benefits,Vendor,-149,USD,205 - SEO Marketing,60 - Busuu,WELLHUB PAYMENT - 205,Journal,,,,False,,
29 - Busuu Ltd,Aug 2026,8/15/2026,8/31/2026,GBP,60290 Other Compensation and Benefits : Other Employee Benefits,Vendor,-149,USD,325 - FP & A,60 - Busuu,WELLHUB PAYMENT - 325,Journal,,,,False,,
29 - Busuu Ltd,Aug 2026,8/15/2026,8/31/2026,GBP,60290 Other Compensation and Benefits : Other Employee Benefits,Vendor,-74,USD,103 - Product - Monetization,60 - Busuu,WELLHUB PAYMENT - 103,Journal,,,,False,,
29 - Busuu Ltd,Aug 2026,8/15/2026,8/31/2026,GBP,60290 Other Compensation and Benefits : Other Employee Benefits,Vendor,-74,USD,105 - Product Marketing Management,60 - Busuu,WELLHUB PAYMENT - 105,Journal,,,,False,,
29 - Busuu Ltd,Aug 2026,8/15/2026,8/31/2026,GBP,60290 Other Compensation and Benefits : Other Employee Benefits,Vendor,-74,USD,112 - User Experience - Engagement,60 - Busuu,WELLHUB PAYMENT - 112,Journal,,,,False,,
29 - Busuu Ltd,Aug 2026,8/15/2026,8/31/2026,GBP,60290 Other Compensation and Benefits : Other Employee Benefits,Vendor,-74,USD,143 - Engineering Mobile Native,60 - Busuu,WELLHUB PAYMENT - 143,Journal,,,,False,,
29 - Busuu Ltd,Aug 2026,8/15/2026,8/31/2026,GBP,60290 Other Compensation and Benefits : Other Employee Benefits,Vendor,-74,USD,201 - Brand Marketing,60 - Busuu,WELLHUB PAYMENT - 201,Journal,,,,False,,
29 - Busuu Ltd,Aug 2026,8/15/2026,8/31/2026,GBP,60290 Other Compensation and Benefits : Other Employee Benefits,Vendor,-74,USD,204 - Performance Marketing,60 - Busuu,WELLHUB PAYMENT - 204,Journal,,,,False,,
29 - Busuu Ltd,Aug 2026,8/15/2026,8/31/2026,GBP,60290 Other Compensation and Benefits : Other Employee Benefits,Vendor,-48,USD,141 - Engineering Engagement,60 - Busuu,WELLHUB PAYMENT - 141,Journal,,,,False,,
29 - Busuu Ltd,Aug 2026,8/15/2026,8/31/2026,GBP,60290 Other Compensation and Benefits : Other Employee Benefits,Vendor,48,USD,141 - Engineering Engagement,60 - Busuu,WELLHUB PAYMENT - 141,Journal,,,,False,,
29 - Busuu Ltd,Aug 2026,8/15/2026,8/31/2026,GBP,60290 Other Compensation and Benefits : Other Employee Benefits,Vendor,74,USD,103 - Product - Monetization,60 - Busuu,WELLHUB PAYMENT - 103,Journal,,,,False,,
29 - Busuu Ltd,Aug 2026,8/15/2026,8/31/2026,GBP,60290 Other Compensation and Benefits : Other Employee Benefits,Vendor,74,USD,105 - Product Marketing Management,60 - Busuu,WELLHUB PAYMENT - 105,Journal,,,,False,,
29 - Busuu Ltd,Aug 2026,8/15/2026,8/31/2026,GBP,60290 Other Compensation and Benefits : Other Employee Benefits,Vendor,74,USD,112 - User Experience - Engagement,60 - Busuu,WELLHUB PAYMENT - 112,Journal,,,,False,,
29 - Busuu Ltd,Aug 2026,8/15/2026,8/31/2026,GBP,60290 Other Compensation and Benefits : Other Employee Benefits,Vendor,74,USD,143 - Engineering Mobile Native,60 - Busuu,WELLHUB PAYMENT - 143,Journal,,,,False,,
29 - Busuu Ltd,Aug 2026,8/15/2026,8/31/2026,GBP,60290 Other Compensation and Benefits : Other Employee Benefits,Vendor,74,USD,201 - Brand Marketing,60 - Busuu,WELLHUB PAYMENT - 201,Journal,,,,False,,
29 - Busuu Ltd,Aug 2026,8/15/2026,8/31/2026,GBP,60290 Other Compensation and Benefits : Other Employee Benefits,Vendor,74,USD,204 - Performance Marketing,60 - Busuu,WELLHUB PAYMENT - 204,Journal,,,,False,,
29 - Busuu Ltd,Aug 2026,8/15/2026,8/31/2026,GBP,60290 Other Compensation and Benefits : Other Employee Benefits,Vendor,149,USD,203 - Creative Marketing,60 - Busuu,WELLHUB PAYMENT - 203,Journal,,,,False,,
29 - Busuu Ltd,Aug 2026,8/15/2026,8/31/2026,GBP,60290 Other Compensation and Benefits : Other Employee Benefits,Vendor,149,USD,205 - SEO Marketing,60 - Busuu,WELLHUB PAYMENT - 205,Journal,,,,False,,
29 - Busuu Ltd,Aug 2026,8/15/2026,8/31/2026,GBP,60290 Other Compensation and Benefits : Other Employee Benefits,Vendor,149,USD,325 - FP & A,60 - Busuu,WELLHUB PAYMENT - 325,Journal,,,,False,,
29 - Busuu Ltd,Aug 2026,8/15/2026,8/31/2026,GBP,60290 Other Compensation and Benefits : Other Employee Benefits,Vendor,196,USD,000 - Central,00 - Corporate,[105282 @Line 0] Adjustment Refund Received - POLICY NUMBER 424A1219 PREMIUM DUE FOR THE PERIOD 01/05/2026 to 30/04/2027 (Amortization Destination),Journal,,,,False,,
29 - Busuu Ltd,Aug 2026,8/15/2026,8/31/2026,GBP,60290 Other Compensation and Benefits : Other Employee Benefits,Vendor,223,USD,102 - Product - Engagement,60 - Busuu,WELLHUB PAYMENT - 102,Journal,,,,False,,
29 - Busuu Ltd,Aug 2026,8/15/2026,8/31/2026,GBP,60290 Other Compensation and Benefits : Other Employee Benefits,Vendor,223,USD,200 - Marketing Operations,60 - Busuu,WELLHUB PAYMENT - 200,Journal,,,,False,,
29 - Busuu Ltd,Aug 2026,8/15/2026,8/31/2026,GBP,60290 Other Compensation and Benefits : Other Employee Benefits,Vendor,223,USD,385 - Content Development,60 - Busuu,WELLHUB PAYMENT - 385,Journal,,,,False,,
29 - Busuu Ltd,Aug 2026,8/15/2026,8/31/2026,GBP,60290 Other Compensation and Benefits : Other Employee Benefits,Vendor,223,USD,580 - Support Operations,60 - Busuu,WELLHUB PAYMENT - 580,Journal,,,,False,,
29 - Busuu Ltd,Aug 2026,8/15/2026,8/31/2026,GBP,60290 Other Compensation and Benefits : Other Employee Benefits,Vendor,328,USD,206 - Customer Relationship Marketing,60 - Busuu,WELLHUB PAYMENT - 206,Journal,,,,False,,
29 - Busuu Ltd,Aug 2026,8/15/2026,8/31/2026,GBP,60290 Other Compensation and Benefits : Other Employee Benefits,Vendor,494,USD,140 - Engineering Discovery,60 - Busuu,WELLHUB PAYMENT - 140,Journal,,,,False,,
29 - Busuu Ltd,Aug 2026,8/15/2026,8/31/2026,GBP,60290 Other Compensation and Benefits : Other Employee Benefits,Vendor,920,USD,341 - HR Operations,60 - Busuu,[98752 @Line 2] INV1068 0126 Wellhub adjustment (Amortization Destination),Journal,,,,False,,
29 - Busuu Ltd,Aug 2026,8/15/2026,8/31/2026,GBP,60290 Other Compensation and Benefits : Other Employee Benefits,Vendor,966,USD,225 - Partnerships,60 - Busuu,WELLHUB PAYMENT - 225,Journal,,,,False,,
29 - Busuu Ltd,Aug 2026,8/15/2026,8/31/2026,GBP,60530 Recruitment Expenses : Placement Fees,Signify Technology Group Limited,"1,990",USD,342 - Talent Acquisition,60 - Busuu,Recruitment fees on Paolo Amosso,Journal,,,,False,9/1/2026,
29 - Busuu Ltd,Aug 2026,8/15/2026,8/31/2026,GBP,60530 Recruitment Expenses : Placement Fees,Trust in Soda Ltd,"24,369",USD,342 - Talent Acquisition,60 - Busuu,Accruing for Recruitment Fees - AH,Journal,,,,False,9/1/2026,
29 - Busuu Ltd,Aug 2026,8/15/2026,8/31/2026,GBP,60590 Recruitment Expenses : Other Recruiting Cost,Teamtailor AB,"1,380",USD,342 - Talent Acquisition,60 - Busuu,"[124536 @Expense Line 1] DEC25, ATS contract renewal (25th-Dec-2025 TO 24th-Dec-26) (Amortization Destination)",Journal,,,,False,,
29 - Busuu Ltd,Aug 2026,8/15/2026,8/31/2026,GBP,61100 Marketing Expenses : Advertisement / Promotion,Google Ireland Ltd,"57,268",USD,204 - Performance Marketing,60 - Busuu,Google Ireland Ltd - EUR,Journal,,,,False,9/1/2026,Accrual
29 - Busuu Ltd,Aug 2026,8/15/2026,8/31/2026,GBP,61100 Marketing Expenses : Advertisement / Promotion,Google Ireland Ltd,"105,395",USD,225 - Partnerships,60 - Busuu,Paid search (Google),Journal,,,,False,9/1/2026,Accrual
29 - Busuu Ltd,Aug 2026,8/15/2026,8/31/2026,GBP,61100 Marketing Expenses : Advertisement / Promotion,Google Ireland Ltd,"132,640",USD,204 - Performance Marketing,60 - Busuu,Google Ireland Ltd - EUR,Journal,,,,False,9/1/2026,Accrual
29 - Busuu Ltd,Aug 2026,8/15/2026,8/31/2026,GBP,61100 Marketing Expenses : Advertisement / Promotion,Google Ireland Ltd,"413,959",USD,204 - Performance Marketing,60 - Busuu,Google Ireland Ltd - EUR,Journal,,,,False,9/1/2026,Accrual
29 - Busuu Ltd,Aug 2026,8/15/2026,8/31/2026,GBP,61100 Marketing Expenses : Advertisement / Promotion,LinkedIn (Campaign Costs EUR),"12,953",USD,225 - Partnerships,60 - Busuu,LinkedIn - Content deployment,Journal,,,,False,9/1/2026,Accrual
29 - Busuu Ltd,Aug 2026,8/15/2026,8/31/2026,GBP,61110 Marketing Expenses : Email Marketing,Vendor,"33,776",USD,206 - Customer Relationship Marketing,60 - Busuu,[105258 @Line 7] Chegg Intercompany - Braze Prepayment (30/04/2026 - 29/10/2026) (Amortization Destination),Journal,,,,False,,Non-accrual
29 - Busuu Ltd,Aug 2026,8/15/2026,8/31/2026,GBP,61150 Marketing Expenses : Paid Media : SEM,Acceleration eMarketing Limited,"1,326",USD,204 - Performance Marketing,60 - Busuu,Acceleration,Journal,,,,False,9/1/2026,Accrual
29 - Busuu Ltd,Aug 2026,8/15/2026,8/31/2026,GBP,61190 Marketing Expenses : Mobile Advertising,Adjust GmbH,"7,116",USD,204 - Performance Marketing,60 - Busuu,"[SDE26111562 @Expense Line 2] Apr26, Q3 2026 (2026/04/01- 2026/09/30 ) (Amortization Destination)",Journal,,,,False,,Non-accrual
29 - Busuu Ltd,Aug 2026,8/15/2026,8/31/2026,GBP,61190 Marketing Expenses : Mobile Advertising,Adjust GmbH,"7,116",USD,204 - Performance Marketing,60 - Busuu,"[SDE26111562 @Expense Line 1] Apr26, Q2 2026 (2026/04/01- 2026/09/30 ) (Amortization Destination)",Journal,,,,False,,Non-accrual
29 - Busuu Ltd,Aug 2026,8/15/2026,8/31/2026,GBP,61190 Marketing Expenses : Mobile Advertising,Apple Inc.,"249,728",USD,204 - Performance Marketing,60 - Busuu,Apple Inc.,Journal,,,,False,9/1/2026,Accrual
29 - Busuu Ltd,Aug 2026,8/15/2026,8/31/2026,GBP,61190 Marketing Expenses : Mobile Advertising,SplitMetrics Inc.,"5,369",USD,204 - Performance Marketing,60 - Busuu,Splitmetrics,Journal,,,,False,9/1/2026,Accrual
29 - Busuu Ltd,Aug 2026,8/15/2026,8/31/2026,GBP,61220 Marketing Expenses : Trade Shows,HRC INTERNATIONAL ACADEMY SRL,"6,634",USD,225 - Partnerships,60 - Busuu,HRC Partnership 2025,Journal,,,,False,9/1/2026,Accrual
29 - Busuu Ltd,Aug 2026,8/15/2026,8/31/2026,GBP,61220 Marketing Expenses : Trade Shows,Vendor,"4,015",USD,225 - Partnerships,60 - Busuu,Booth Talent Day BCN,Journal,,,,False,9/1/2026,Accrual
29 - Busuu Ltd,Aug 2026,8/15/2026,8/31/2026,GBP,61260 Marketing Expenses : Marketing - Other,AppTweak S.A.,252,USD,200 - Marketing Operations,60 - Busuu,"[344045 @Expense Line 1] FEB26, ASO - Grow Yearly (02/16/26 - 02/16/27) (Amortization Destination)",Journal,,,,False,,Non-accrual
29 - Busuu Ltd,Aug 2026,8/15/2026,8/31/2026,GBP,61260 Marketing Expenses : Marketing - Other,AppTweak S.A.,"1,845",USD,200 - Marketing Operations,60 - Busuu,"[385223 @Expense Line 1] JUL26, ASO - Grow Yearly (1-JUL-2026 TO 1-JUL-2027) (Amortization Destination)",Journal,,,,False,,Non-accrual
29 - Busuu Ltd,Aug 2026,8/15/2026,8/31/2026,GBP,61260 Marketing Expenses : Marketing - Other,CJ Affiliate,"2,565",USD,204 - Performance Marketing,60 - Busuu,CJ Affiliate,Journal,,,,False,9/1/2026,Accrual
29 - Busuu Ltd,Aug 2026,8/15/2026,8/31/2026,GBP,61260 Marketing Expenses : Marketing - Other,Duit Studio SL,"6,725",USD,225 - Partnerships,60 - Busuu,Content marketing agency,Journal,,,,False,9/1/2026,Accrual
29 - Busuu Ltd,Aug 2026,8/15/2026,8/31/2026,GBP,61260 Marketing Expenses : Marketing - Other,Fomo AI,"29,523",USD,225 - Partnerships,60 - Busuu,Tool development and implementation on B2B site,Journal,,,,False,9/1/2026,Accrual
29 - Busuu Ltd,Aug 2026,8/15/2026,8/31/2026,GBP,61260 Marketing Expenses : Marketing - Other,Footage Firm Inc.,"1,063",USD,203 - Creative Marketing,60 - Busuu,Video Stock library,Journal,,,,False,9/1/2026,Accrual
29 - Busuu Ltd,Aug 2026,8/15/2026,8/31/2026,GBP,61260 Marketing Expenses : Marketing - Other,"G2.com, Inc.",997,USD,225 - Partnerships,60 - Busuu,"[51605 @Expense Line 1] APR26, G2 Professional Plan (10-APR-2026 TO 9-APR-2027) (Amortization Destination)",Journal,,,,False,,Non-accrual
29 - Busuu Ltd,Aug 2026,8/15/2026,8/31/2026,GBP,61260 Marketing Expenses : Marketing - Other,"Smartling, Inc.",413,USD,225 - Partnerships,60 - Busuu,"[BUSUU-0012 @Expense Line 1] JUL26-JUL27, Smartling Hubspot connector (Amortization Destination)",Journal,,,,False,,Non-accrual
29 - Busuu Ltd,Aug 2026,8/15/2026,8/31/2026,GBP,61260 Marketing Expenses : Marketing - Other,SplitMetrics Inc.,"3,694",USD,205 - SEO Marketing,60 - Busuu,"[293252 @Expense Line 1] AUG26,-SEP26, App store optimisation services (August 20 - September 19) (Amortization Destination)",Journal,,,,False,,Non-accrual
29 - Busuu Ltd,Aug 2026,8/15/2026,8/31/2026,GBP,61260 Marketing Expenses : Marketing - Other,SplitMetrics Inc.,"5,919",USD,205 - SEO Marketing,60 - Busuu,"[293209 @Expense Line 1] JUL26-AUG26, App store optimisation services (July 20 - August 19) (Amortization Destination)",Journal,,,,False,,Non-accrual
29 - Busuu Ltd,Aug 2026,8/15/2026,8/31/2026,GBP,61260 Marketing Expenses : Marketing - Other,Vendor,223,USD,225 - Partnerships,60 - Busuu,Spendesk August 26 - Card Purchase - easystorage.com - We need a recurring card to pay merch storage in Madrid,Journal,,,,False,,Non-accrual
29 - Busuu Ltd,Aug 2026,8/15/2026,8/31/2026,GBP,61260 Marketing Expenses : Marketing - Other,Vendor,343,USD,225 - Partnerships,60 - Busuu,Spendesk August 26 - Card Purchase - grupobillingham.com - Merch Madrid office,Journal,,,,False,,Non-accrual
29 - Busuu Ltd,Aug 2026,8/15/2026,8/31/2026,GBP,61260 Marketing Expenses : Marketing - Other,Vendor,959,USD,205 - SEO Marketing,60 - Busuu,Spendesk August 26 - Card Purchase - SEMrush - SEMrush Pro plan + Competitive Intelligence addon.,Journal,,,,False,,Non-accrual
29 - Busuu Ltd,Aug 2026,8/15/2026,8/31/2026,GBP,62100 Technology Expenses : Web Hosting Expense,Microsoft Ireland Operations Limited,"4,738",USD,530 - Supply Chain,60 - Busuu,Azure accrual (May & June),Journal,,,,False,9/1/2026,
29 - Busuu Ltd,Aug 2026,8/15/2026,8/31/2026,GBP,62100 Technology Expenses : Web Hosting Expense,Vendor,"2,700",USD,530 - Supply Chain,60 - Busuu,0826 - Verbling Google Cloud,Journal,,,,False,,
29 - Busuu Ltd,Aug 2026,8/15/2026,8/31/2026,GBP,62110 Technology Expenses : Software License/Renewal/Support - Electronically Delivered,Aircall SAS (International payment),"5,052",USD,225 - Partnerships,60 - Busuu,Monthly Calling Subscription,Journal,,,,False,9/1/2026,
29 - Busuu Ltd,Aug 2026,8/15/2026,8/31/2026,GBP,62110 Technology Expenses : Software License/Renewal/Support - Electronically Delivered,"Asana, Inc",579,USD,200 - Marketing Operations,60 - Busuu,"[INVGB10284241 @Expense Line 1] JAN26, Asana Subscription 2026 (Jan 12, 2026 - Jan 11, 2027) (Amortization Destination)",Journal,,,,False,,
29 - Busuu Ltd,Aug 2026,8/15/2026,8/31/2026,GBP,62110 Technology Expenses : Software License/Renewal/Support - Electronically Delivered,Bitrise Limited,"1,760",USD,140 - Engineering Discovery,60 - Busuu,"[2026-18020 @Expense Line 1] Jun26, Bitrise(Jun 27, 2026 to Jun 27, 2027) (Amortization Destination)",Journal,,,,False,,
29 - Busuu Ltd,Aug 2026,8/15/2026,8/31/2026,GBP,62110 Technology Expenses : Software License/Renewal/Support - Electronically Delivered,"Confluent, Inc","3,505",USD,140 - Engineering Discovery,60 - Busuu,"[INV62089 @Expense Line 1] SEP25, Software contract renewal (Amortization Destination)",Journal,,,,False,,
29 - Busuu Ltd,Aug 2026,8/15/2026,8/31/2026,GBP,62110 Technology Expenses : Software License/Renewal/Support - Electronically Delivered,Crono SaaS Ltd,318,USD,225 - Partnerships,60 - Busuu,"[2E6CB20D-2389 @Expense Line 1] MAY26-FEB27, Crono licenses (12-MAY-2026 TO 24-FEB-2027) (Amortization Destination)",Journal,,,,False,,
29 - Busuu Ltd,Aug 2026,8/15/2026,8/31/2026,GBP,62110 Technology Expenses : Software License/Renewal/Support - Electronically Delivered,Crono SaaS Ltd,"2,225",USD,225 - Partnerships,60 - Busuu,"[2E6CB20D-2154 @Expense Line 1] FEB26, Licenses (Feb 24, 2026–Feb 24, 2027) (Amortization Destination)",Journal,,,,False,,
29 - Busuu Ltd,Aug 2026,8/15/2026,8/31/2026,GBP,62110 Technology Expenses : Software License/Renewal/Support - Electronically Delivered,DealHub Ltd.,"1,437",USD,225 - Partnerships,60 - Busuu,"[EI268000575 @Expense Line 1] APR26-MAR27, SaaS CPQ (1-APR-2026 TO 31-MAR-2027) (Amortization Destination)",Journal,,,,False,,
29 - Busuu Ltd,Aug 2026,8/15/2026,8/31/2026,GBP,62110 Technology Expenses : Software License/Renewal/Support - Electronically Delivered,Docusign,306,USD,341 - HR Operations,60 - Busuu,"[222200154957 @Expense Line 1] JUL26, Docusign Contract Renewal July 25 - July 28 (Amortization Destination)",Journal,,,,False,,
29 - Busuu Ltd,Aug 2026,8/15/2026,8/31/2026,GBP,62110 Technology Expenses : Software License/Renewal/Support - Electronically Delivered,Docusign,"1,056",USD,341 - HR Operations,60 - Busuu,"[222200154957 @Expense Line 1] JUL26, Docusign Contract Renewal July 25 - July 28 (Amortization Destination)",Journal,,,,False,,
29 - Busuu Ltd,Aug 2026,8/15/2026,8/31/2026,GBP,62110 Technology Expenses : Software License/Renewal/Support - Electronically Delivered,Eleven Labs Inc.,"2,282",USD,122 - Engineering Operations,60 - Busuu,Accruing Text to Speech Monthly Invoice,Journal,,,,False,9/1/2026,
29 - Busuu Ltd,Aug 2026,8/15/2026,8/31/2026,GBP,62110 Technology Expenses : Software License/Renewal/Support - Electronically Delivered,Eleven Labs Inc.,"3,523",USD,140 - Engineering Discovery,60 - Busuu,"[DA7EADC2-0032 @Expense Line 1] JUN26-AUG26, Text-to-Speech Software (Amortization Destination)",Journal,,,,False,,
29 - Busuu Ltd,Aug 2026,8/15/2026,8/31/2026,GBP,62110 Technology Expenses : Software License/Renewal/Support - Electronically Delivered,GitHub Inc.- (International payments),429,USD,140 - Engineering Discovery,60 - Busuu,"[INV137696317 @Expense Line 1] MAY26, Software Subscription (28-MAY-2026 TO 11-APR-2027) (Amortization Destination)",Journal,,,,False,,
29 - Busuu Ltd,Aug 2026,8/15/2026,8/31/2026,GBP,62110 Technology Expenses : Software License/Renewal/Support - Electronically Delivered,GitHub Inc.- (International payments),436,USD,140 - Engineering Discovery,60 - Busuu,"[INV142221112 @Expense Line 1] JUN26-APR27, Software Subscription (Jun 25, 2026 - Apr 11, 2027) (Amortization Destination)",Journal,,,,False,,
29 - Busuu Ltd,Aug 2026,8/15/2026,8/31/2026,GBP,62110 Technology Expenses : Software License/Renewal/Support - Electronically Delivered,GitHub Inc.- (International payments),"1,317",USD,122 - Engineering Operations,60 - Busuu,Github Enterprise Metered Billing Funds - GitHub Copilot (Add - on) - Monthy usage for Copilot AI coding tool and Github Actions,Journal,,,,False,9/1/2026,
29 - Busuu Ltd,Aug 2026,8/15/2026,8/31/2026,GBP,62110 Technology Expenses : Software License/Renewal/Support - Electronically Delivered,GitHub Inc.- (International payments),"2,177",USD,140 - Engineering Discovery,60 - Busuu,"[INV128243792 @Expense Line 1] April26, GitHub Enterprise Cloud Annual (04/12/26 - 04/11/27) (Amortization Destination)",Journal,,,,False,,
29 - Busuu Ltd,Aug 2026,8/15/2026,8/31/2026,GBP,62110 Technology Expenses : Software License/Renewal/Support - Electronically Delivered,Gong.io Inc,121,USD,225 - Partnerships,60 - Busuu,"[INV-US-20090491 @Expense Line 1] MAR26-DEC26, Gong subscription (4th-Mar-26 to 31st-Dec-26) (Amortization Destination)",Journal,,,,False,,
29 - Busuu Ltd,Aug 2026,8/15/2026,8/31/2026,GBP,62110 Technology Expenses : Software License/Renewal/Support - Electronically Delivered,Gong.io Inc,121,USD,225 - Partnerships,60 - Busuu,"[INV-US-20090542 @Expense Line 1] MAR26-DEC26, Gong subscription (5th-Mar-26 to 31st-Dec-26) (Amortization Destination)",Journal,,,,False,,
29 - Busuu Ltd,Aug 2026,8/15/2026,8/31/2026,GBP,62110 Technology Expenses : Software License/Renewal/Support - Electronically Delivered,Gong.io Inc,"2,867",USD,225 - Partnerships,60 - Busuu,"[INV-US-20091611 @Expense Line 1] MAR26-DEC26, Gong subscription (9th-Mar-2026 to 31st-dec-26) (Amortization Destination)",Journal,,,,False,,
29 - Busuu Ltd,Aug 2026,8/15/2026,8/31/2026,GBP,62110 Technology Expenses : Software License/Renewal/Support - Electronically Delivered,Gong.io Inc,"3,573",USD,225 - Partnerships,60 - Busuu,"[INV-US-20085367 @Expense Line 1] JAN26, Gong.io renewal - 2026 (1st-Jan-2026 to 31st-Dec-2026) (Amortization Destination)",Journal,,,,False,,
29 - Busuu Ltd,Aug 2026,8/15/2026,8/31/2026,GBP,62110 Technology Expenses : Software License/Renewal/Support - Electronically Delivered,Hightouch,"1,011",USD,204 - Performance Marketing,60 - Busuu,"[5624 @Expense Line 1] SEP25, Hightouch reverse ETL (Amortization Destination)",Journal,,,,False,,
29 - Busuu Ltd,Aug 2026,8/15/2026,8/31/2026,GBP,62110 Technology Expenses : Software License/Renewal/Support - Electronically Delivered,HubSpot Ireland Ltd,871,USD,225 - Partnerships,60 - Busuu,"[784009086 @Expense Line 1] Jun-Sep26, CRM (6/29/2026 - 9/28/2026) (Amortization Destination)",Journal,,,,False,,
29 - Busuu Ltd,Aug 2026,8/15/2026,8/31/2026,GBP,62110 Technology Expenses : Software License/Renewal/Support - Electronically Delivered,HubSpot Ireland Ltd,"13,506",USD,225 - Partnerships,60 - Busuu,"[784009086 @Expense Line 1] Jun-Sep26, CRM (6/29/2026 - 9/28/2026) (Amortization Destination)",Journal,,,,False,,
29 - Busuu Ltd,Aug 2026,8/15/2026,8/31/2026,GBP,62110 Technology Expenses : Software License/Renewal/Support - Electronically Delivered,HubSpot Ireland Ltd,"13,506",USD,225 - Partnerships,60 - Busuu,"[784009086 @Expense Line 1] Jun-Sep26, CRM (6/29/2026 - 9/28/2026) (Amortization Destination)",Journal,,,,False,,
29 - Busuu Ltd,Aug 2026,8/15/2026,8/31/2026,GBP,62110 Technology Expenses : Software License/Renewal/Support - Electronically Delivered,Intercom R and D Unlimited Company- (International payments),"4,603",USD,101 - Product - Discovery,60 - Busuu,"[QMC3BTZC-0016 @Expense Line 1] JUN26-SEP26, Intercom (24-JUN-2026 TO 24-SEP-2026) (Amortization Destination)",Journal,,,,False,,
29 - Busuu Ltd,Aug 2026,8/15/2026,8/31/2026,GBP,62110 Technology Expenses : Software License/Renewal/Support - Electronically Delivered,LinkedIn (GBP),"6,681",USD,225 - Partnerships,60 - Busuu,"[104995 @Line 0] MAY26, Enterprise License (Amortization Destination)",Journal,,,,False,,
29 - Busuu Ltd,Aug 2026,8/15/2026,8/31/2026,GBP,62110 Technology Expenses : Software License/Renewal/Support - Electronically Delivered,Lucid Software Inc.,"3,489",USD,102 - Product - Engagement,60 - Busuu,"[19894741 @Expense Line 1] DEC26, Lucid Annual Subscription (Dec 31, 2025 – Dec 31, 2026) (Amortization Destination)",Journal,,,,False,,
29 - Busuu Ltd,Aug 2026,8/15/2026,8/31/2026,GBP,62110 Technology Expenses : Software License/Renewal/Support - Electronically Delivered,Lusha Systems Inc- (International payments),"1,679",USD,225 - Partnerships,60 - Busuu,"[INV14460 @Expense Line 1] JAN26, Lusha Annual Contract - Upgrade (02-Jan-26 - 04-Jan-27) (Amortization Destination)",Journal,,,,False,,
29 - Busuu Ltd,Aug 2026,8/15/2026,8/31/2026,GBP,62110 Technology Expenses : Software License/Renewal/Support - Electronically Delivered,Meddicc Ltd,118,USD,225 - Partnerships,60 - Busuu,"[INV-1130 @Expense Line 1] FEB26, Additional MEDDICC licenses (2026-02-26 to 2027-02-26) (Amortization Destination)",Journal,,,,False,,
29 - Busuu Ltd,Aug 2026,8/15/2026,8/31/2026,GBP,62110 Technology Expenses : Software License/Renewal/Support - Electronically Delivered,Meddicc Ltd,179,USD,225 - Partnerships,60 - Busuu,"[INV-1094 @Expense Line 1] JAN26, Additional MEDDICC licenses (Amortization Destination)",Journal,,,,False,,
29 - Busuu Ltd,Aug 2026,8/15/2026,8/31/2026,GBP,62110 Technology Expenses : Software License/Renewal/Support - Electronically Delivered,Meddicc Ltd,379,USD,225 - Partnerships,60 - Busuu,"[INV-1194 @Expense Line 1] May26, Meddicc Licenses (2026-05-08- 2027-05-08) (Amortization Destination)",Journal,,,,False,,
29 - Busuu Ltd,Aug 2026,8/15/2026,8/31/2026,GBP,62110 Technology Expenses : Software License/Renewal/Support - Electronically Delivered,Miuros S.A.S,"1,830",USD,580 - Support Operations,60 - Busuu,"Accrued for 19 Days in May, June, July & August",Journal,,,,False,9/1/2026,
29 - Busuu Ltd,Aug 2026,8/15/2026,8/31/2026,GBP,62110 Technology Expenses : Software License/Renewal/Support - Electronically Delivered,MongoDB Limited,"1,592",USD,122 - Engineering Operations,60 - Busuu,Accruing Mongo DB,Journal,,,,False,9/1/2026,
29 - Busuu Ltd,Aug 2026,8/15/2026,8/31/2026,GBP,62110 Technology Expenses : Software License/Renewal/Support - Electronically Delivered,Netpremacy Ltd,"6,860",USD,190 - IT Operations,60 - Busuu,"[31394 @Expense Line 1] MAR26, Busuu Google Workspace Renewal (23-Mar-2026 To 22-Mar-2027) (Amortization Destination)",Journal,,,,False,,
29 - Busuu Ltd,Aug 2026,8/15/2026,8/31/2026,GBP,62110 Technology Expenses : Software License/Renewal/Support - Electronically Delivered,Pagerduty- (International payments),419,USD,140 - Engineering Discovery,60 - Busuu,"[INV01190760 @Expense Line 1] APR26, PagerDuty Renewal (29-APR-2026 TO 28-APR-2027) (Amortization Destination)",Journal,,,,False,,
29 - Busuu Ltd,Aug 2026,8/15/2026,8/31/2026,GBP,62110 Technology Expenses : Software License/Renewal/Support - Electronically Delivered,Purchasely License,"5,621",USD,102 - Product - Engagement,60 - Busuu,"[F0375D45-4815 @Expense Line 1] JUL26, Yearly subscription (1-JUL-2026 TO 1-OCT-2026) (Amortization Destination)",Journal,,,,False,,
29 - Busuu Ltd,Aug 2026,8/15/2026,8/31/2026,GBP,62110 Technology Expenses : Software License/Renewal/Support - Electronically Delivered,"RealtimeBoard, Inc. DBA Miro","1,810",USD,160 - Commerce Engineering,60 - Busuu,"[INV2815057 @Expense Line 1] DEC25, Miro licences (05-Dec-2025 - 04-Dec-2026) (Amortization Destination)",Journal,,,,False,,
29 - Busuu Ltd,Aug 2026,8/15/2026,8/31/2026,GBP,62110 Technology Expenses : Software License/Renewal/Support - Electronically Delivered,SHI Corporation UK Limited,"3,236",USD,190 - IT Operations,60 - Busuu,Palo Alto Networks Advanced Threat Prevention - subscription,Journal,,,,False,9/1/2026,
29 - Busuu Ltd,Aug 2026,8/15/2026,8/31/2026,GBP,62110 Technology Expenses : Software License/Renewal/Support - Electronically Delivered,Seismic Software Inc- (International payments),648,USD,225 - Partnerships,60 - Busuu,"[IN43574 @Expense Line 1] FEB26, Subscription License (Amortization Destination)",Journal,,,,False,,
29 - Busuu Ltd,Aug 2026,8/15/2026,8/31/2026,GBP,62110 Technology Expenses : Software License/Renewal/Support - Electronically Delivered,"Smartling, Inc.",476,USD,200 - Marketing Operations,60 - Busuu,"[BUSUU-0011 @Expense Line 1] JUL26-JUL27, Smartling additional feature - API Connect (Amortization Destination)",Journal,,,,False,,
29 - Busuu Ltd,Aug 2026,8/15/2026,8/31/2026,GBP,62110 Technology Expenses : Software License/Renewal/Support - Electronically Delivered,"Smartling, Inc.","6,342",USD,200 - Marketing Operations,60 - Busuu,"[BUSUU-0010 @Expense Line 1] July26, 3-year subscription to Smartling (07/03/2026-07/02/2027) (Amortization Destination)",Journal,,,,False,,
29 - Busuu Ltd,Aug 2026,8/15/2026,8/31/2026,GBP,62110 Technology Expenses : Software License/Renewal/Support - Electronically Delivered,Trustpilot Ltd,"1,518",USD,580 - Support Operations,60 - Busuu,"[INV01036098 @Expense Line 1] APR26-MAR27, Trustpilot platform (reviews) (Amortization Destination)",Journal,,,,False,,
29 - Busuu Ltd,Aug 2026,8/15/2026,8/31/2026,GBP,62110 Technology Expenses : Software License/Renewal/Support - Electronically Delivered,Vanta Inc,"2,436",USD,225 - Partnerships,60 - Busuu,[101049 @Line 21] Chegg Intercompany - Vanta Inc Prepayment (22/12/2025 - 21/12/2026) (Amortization Destination),Journal,,,,False,,
29 - Busuu Ltd,Aug 2026,8/15/2026,8/31/2026,GBP,62110 Technology Expenses : Software License/Renewal/Support - Electronically Delivered,Vendor,"-2,353",USD,225 - Partnerships,60 - Busuu,[98738 @Line 6] Chegg Intercompany - Vanta Inc Prepayment (22/12/2025 - 21/12/2026) (Amortization Destination),Journal,,,,False,,
29 - Busuu Ltd,Aug 2026,8/15/2026,8/31/2026,GBP,62110 Technology Expenses : Software License/Renewal/Support - Electronically Delivered,Vendor,6,USD,580 - Support Operations,60 - Busuu,Spendesk August 26 - Card Purchase - Lovestock & Leaf - Adriano Terrazzino - Quickie + app linked to Zendesk,Journal,,,,False,,
29 - Busuu Ltd,Aug 2026,8/15/2026,8/31/2026,GBP,62110 Technology Expenses : Software License/Renewal/Support - Electronically Delivered,Vendor,14,USD,122 - Engineering Operations,60 - Busuu,Spendesk August 26 - Card Purchase - npm - Node package manager monthly subscription,Journal,,,,False,,
29 - Busuu Ltd,Aug 2026,8/15/2026,8/31/2026,GBP,62110 Technology Expenses : Software License/Renewal/Support - Electronically Delivered,Vendor,23,USD,225 - Partnerships,60 - Busuu,Spendesk August 26 - Card Purchase - sme - Not going to be using ChatGPT any more moving forward I'll be using cord so I will be canceling the other card. Claude is actually cheaper as well.,Journal,,,,False,,
29 - Busuu Ltd,Aug 2026,8/15/2026,8/31/2026,GBP,62110 Technology Expenses : Software License/Renewal/Support - Electronically Delivered,Vendor,25,USD,122 - Engineering Operations,60 - Busuu,Spendesk August 26 - Card Purchase - HIVE - Requesting virtual card to back-up Israel's one for Hive.ai,Journal,,,,False,,
29 - Busuu Ltd,Aug 2026,8/15/2026,8/31/2026,GBP,62110 Technology Expenses : Software License/Renewal/Support - Electronically Delivered,Vendor,36,USD,122 - Engineering Operations,60 - Busuu,Spendesk August 26 - Card Purchase - Bitly - Link generator for mobile phone login,Journal,,,,False,,
29 - Busuu Ltd,Aug 2026,8/15/2026,8/31/2026,GBP,62110 Technology Expenses : Software License/Renewal/Support - Electronically Delivered,Vendor,39,USD,204 - Performance Marketing,60 - Busuu,Spendesk August 26 - Card Purchase - n8n - Automating performance marketing tasks with AI & automated workflows,Journal,,,,False,,
29 - Busuu Ltd,Aug 2026,8/15/2026,8/31/2026,GBP,62110 Technology Expenses : Software License/Renewal/Support - Electronically Delivered,Vendor,39,USD,203 - Creative Marketing,60 - Busuu,Spendesk August 26 - Card Purchase - Rive - Motion design software,Journal,,,,False,,
29 - Busuu Ltd,Aug 2026,8/15/2026,8/31/2026,GBP,62110 Technology Expenses : Software License/Renewal/Support - Electronically Delivered,Vendor,47,USD,160 - Commerce Engineering,60 - Busuu,Spendesk August 26 - Card Purchase - OpenExchange - Verbling - Exchange rate API,Journal,,,,False,,
29 - Busuu Ltd,Aug 2026,8/15/2026,8/31/2026,GBP,62110 Technology Expenses : Software License/Renewal/Support - Electronically Delivered,Vendor,50,USD,160 - Commerce Engineering,60 - Busuu,Spendesk August 26 - Card Purchase - Speedofme - Verbling - Internet Speed tests,Journal,,,,False,,
29 - Busuu Ltd,Aug 2026,8/15/2026,8/31/2026,GBP,62110 Technology Expenses : Software License/Renewal/Support - Electronically Delivered,Vendor,50,USD,203 - Creative Marketing,60 - Busuu,Spendesk August 26 - Card Purchase - Medium - Annual subscription to the Medium platform - source of editorial for the creative industry.,Journal,,,,False,,
29 - Busuu Ltd,Aug 2026,8/15/2026,8/31/2026,GBP,62110 Technology Expenses : Software License/Renewal/Support - Electronically Delivered,Vendor,50,USD,203 - Creative Marketing,60 - Busuu,"Spendesk August 26 - Card Purchase - Medium - The previous card expired. This is a cost per year for a subscription to Medium. It provides access to articles and resources around design, UX, copywriting and more.",Journal,,,,False,,
29 - Busuu Ltd,Aug 2026,8/15/2026,8/31/2026,GBP,62110 Technology Expenses : Software License/Renewal/Support - Electronically Delivered,Vendor,51,USD,141 - Engineering Engagement,60 - Busuu,Spendesk August 26 - Card Purchase - coveralls.io - Test coverage,Journal,,,,False,,
29 - Busuu Ltd,Aug 2026,8/15/2026,8/31/2026,GBP,62110 Technology Expenses : Software License/Renewal/Support - Electronically Delivered,Vendor,58,USD,580 - Support Operations,60 - Busuu,Spendesk August 26 - Card Purchase - Zenplates - Stripe connector to Zendesk,Journal,,,,False,,
29 - Busuu Ltd,Aug 2026,8/15/2026,8/31/2026,GBP,62110 Technology Expenses : Software License/Renewal/Support - Electronically Delivered,Vendor,65,USD,225 - Partnerships,60 - Busuu,Spendesk August 26 - Card Purchase - Coupler - for Workflows / HS / Commission,Journal,,,,False,,
29 - Busuu Ltd,Aug 2026,8/15/2026,8/31/2026,GBP,62110 Technology Expenses : Software License/Renewal/Support - Electronically Delivered,Vendor,66,USD,205 - SEO Marketing,60 - Busuu,Spendesk August 26 - Card Purchase - Little Warden - Site monotoring tool for B2C website (row 61 of Marketing budget).,Journal,,,,False,,
29 - Busuu Ltd,Aug 2026,8/15/2026,8/31/2026,GBP,62110 Technology Expenses : Software License/Renewal/Support - Electronically Delivered,Vendor,78,USD,580 - Support Operations,60 - Busuu,Spendesk August 26 - Card Purchase - deepl - Adriano Terrazzino - Translation tool to be used by the Customer Satisfaction team.,Journal,,,,False,,
29 - Busuu Ltd,Aug 2026,8/15/2026,8/31/2026,GBP,62110 Technology Expenses : Software License/Renewal/Support - Electronically Delivered,Vendor,79,USD,580 - Support Operations,60 - Busuu,Spendesk August 26 - Card Purchase - GDPR Compliance for Zendesk Premium - Adriano Terrazzino - deleting/anonymizing users in Zendesk,Journal,,,,False,,
29 - Busuu Ltd,Aug 2026,8/15/2026,8/31/2026,GBP,62110 Technology Expenses : Software License/Renewal/Support - Electronically Delivered,Vendor,81,USD,206 - Customer Relationship Marketing,60 - Busuu,Spendesk August 26 - Reimbursement - LIÑGÖPIE. - Annual Lingopie subscription,Journal,,,,False,,
29 - Busuu Ltd,Aug 2026,8/15/2026,8/31/2026,GBP,62110 Technology Expenses : Software License/Renewal/Support - Electronically Delivered,Vendor,103,USD,341 - HR Operations,60 - Busuu,[91907 @Line 59] Spendesk September 25 - Cards - Spidergap - Yearly renewal cost for basic plan for Spidergap (Amortization Destination),Journal,,,,False,,
29 - Busuu Ltd,Aug 2026,8/15/2026,8/31/2026,GBP,62110 Technology Expenses : Software License/Renewal/Support - Electronically Delivered,Vendor,107,USD,203 - Creative Marketing,60 - Busuu,Spendesk August 26 - Card Purchase - LottieFiles - Motion design software,Journal,,,,False,,
29 - Busuu Ltd,Aug 2026,8/15/2026,8/31/2026,GBP,62110 Technology Expenses : Software License/Renewal/Support - Electronically Delivered,Vendor,112,USD,140 - Engineering Discovery,60 - Busuu,Spendesk August 26 - Card Purchase - Cypress Cloud - Monthly Cypress subscription while we migrate tests to the new tool.   This migration should be completed in July,Journal,,,,False,,
29 - Busuu Ltd,Aug 2026,8/15/2026,8/31/2026,GBP,62110 Technology Expenses : Software License/Renewal/Support - Electronically Delivered,Vendor,115,USD,205 - SEO Marketing,60 - Busuu,"Spendesk August 26 - Card Purchase - Niara - Niara is an SEO AI tool which will enable us to create and optimise articles, create code and automate processes.",Journal,,,,False,,
29 - Busuu Ltd,Aug 2026,8/15/2026,8/31/2026,GBP,62110 Technology Expenses : Software License/Renewal/Support - Electronically Delivered,Vendor,121,USD,203 - Creative Marketing,60 - Busuu,Spendesk August 26 - Card Purchase - Weavy - AI program for creative scalable workflows for videos,Journal,,,,False,,
29 - Busuu Ltd,Aug 2026,8/15/2026,8/31/2026,GBP,62110 Technology Expenses : Software License/Renewal/Support - Electronically Delivered,Vendor,136,USD,225 - Partnerships,60 - Busuu,[93341 @Line 3] Spendesk September 25 - Cards - Zoom Video Communications Inc - Zoom Webinar functionality for Guild (Amortization Destination),Journal,,,,False,,
29 - Busuu Ltd,Aug 2026,8/15/2026,8/31/2026,GBP,62110 Technology Expenses : Software License/Renewal/Support - Electronically Delivered,Vendor,137,USD,206 - Customer Relationship Marketing,60 - Busuu,[91907 @Line 42] Spendesk September 25 - Cards - Email on Acid - HTML email deliverability visualisation tool (Amortization Destination),Journal,,,,False,,
29 - Busuu Ltd,Aug 2026,8/15/2026,8/31/2026,GBP,62110 Technology Expenses : Software License/Renewal/Support - Electronically Delivered,Vendor,138,USD,205 - SEO Marketing,60 - Busuu,Spendesk August 26 - Card Purchase - Agorapulse - Social Media reporting tool. Agorapulse helps us create comprehensive monthly social media reports in a visual way. It also compares organic and paid results (post boosting). It has also a social listening tool among other features.,Journal,,,,False,,
29 - Busuu Ltd,Aug 2026,8/15/2026,8/31/2026,GBP,62110 Technology Expenses : Software License/Renewal/Support - Electronically Delivered,Vendor,144,USD,206 - Customer Relationship Marketing,60 - Busuu,[96245 @Line 6] Spendesk December 25 - Cards - ChatGPT - ChatGPT Business Annual Subscription for the Product CRM Marketing team. Order Date 8th Dec 2025 (Amortization Destination),Journal,,,,False,,
29 - Busuu Ltd,Aug 2026,8/15/2026,8/31/2026,GBP,62110 Technology Expenses : Software License/Renewal/Support - Electronically Delivered,Vendor,152,USD,160 - Commerce Engineering,60 - Busuu,Spendesk August 26 - Card Purchase - ipstack - Verbling - Ip lookup information,Journal,,,,False,,
29 - Busuu Ltd,Aug 2026,8/15/2026,8/31/2026,GBP,62110 Technology Expenses : Software License/Renewal/Support - Electronically Delivered,Vendor,152,USD,206 - Customer Relationship Marketing,60 - Busuu,[104603 @Line 270] Spendesk June 26 - Card Purchase - countdownmail - Used for CRM campaigns (Amortization Destination),Journal,,,,False,,
29 - Busuu Ltd,Aug 2026,8/15/2026,8/31/2026,GBP,62110 Technology Expenses : Software License/Renewal/Support - Electronically Delivered,Vendor,168,USD,580 - Support Operations,60 - Busuu,[94599 @Line 103] Spendesk November 25 - Cards - Appbot - I'm requesting this card as I'm moving to a smaller plan (removing seats) and moving to an annual payment manage android and iOS reviews we will be saving a total of $1200/year (Amortization Destination),Journal,,,,False,,
29 - Busuu Ltd,Aug 2026,8/15/2026,8/31/2026,GBP,62110 Technology Expenses : Software License/Renewal/Support - Electronically Delivered,Vendor,172,USD,122 - Engineering Operations,60 - Busuu,Spendesk August 26 - Card Purchase - Twilio - SMS sender service,Journal,,,,False,,
29 - Busuu Ltd,Aug 2026,8/15/2026,8/31/2026,GBP,62110 Technology Expenses : Software License/Renewal/Support - Electronically Delivered,Vendor,173,USD,122 - Engineering Operations,60 - Busuu,Spendesk August 26 - Card Purchase - Twilio - SMS sender service,Journal,,,,False,,
29 - Busuu Ltd,Aug 2026,8/15/2026,8/31/2026,GBP,62110 Technology Expenses : Software License/Renewal/Support - Electronically Delivered,Vendor,269,USD,341 - HR Operations,60 - Busuu,[93341 @Line 73] Spendesk September 25 - Cards - Spidergap - Extra licenses for Talent Assessments 2025-2026 (Engineering Team) (Amortization Destination),Journal,,,,False,,
29 - Busuu Ltd,Aug 2026,8/15/2026,8/31/2026,GBP,62110 Technology Expenses : Software License/Renewal/Support - Electronically Delivered,Vendor,289,USD,205 - SEO Marketing,60 - Busuu,Spendesk August 26 - Card Purchase - Hotjar - Upgraded Hotjar account to monitor onsite behaviour.,Journal,,,,False,,
29 - Busuu Ltd,Aug 2026,8/15/2026,8/31/2026,GBP,62110 Technology Expenses : Software License/Renewal/Support - Electronically Delivered,Vendor,306,USD,122 - Engineering Operations,60 - Busuu,Spendesk August 26 - Card Purchase - Bitly - Link generator for mobile phone login,Journal,,,,False,,
29 - Busuu Ltd,Aug 2026,8/15/2026,8/31/2026,GBP,62110 Technology Expenses : Software License/Renewal/Support - Electronically Delivered,Vendor,368,USD,122 - Engineering Operations,60 - Busuu,Spendesk August 26 - Card Purchase - sentry - Logs and monitoring for services,Journal,,,,False,,
29 - Busuu Ltd,Aug 2026,8/15/2026,8/31/2026,GBP,62110 Technology Expenses : Software License/Renewal/Support - Electronically Delivered,Vendor,386,USD,201 - Brand Marketing,60 - Busuu,Spendesk August 26 - Card Purchase - Gettyimages - Monthly stock imagery and video assets – creative team – shared with education team,Journal,,,,False,,
29 - Busuu Ltd,Aug 2026,8/15/2026,8/31/2026,GBP,62110 Technology Expenses : Software License/Renewal/Support - Electronically Delivered,Vendor,409,USD,385 - Content Development,60 - Busuu,"Spendesk August 26 - Card Purchase - Promptlayer - platform to create, manage and monitors prompts for AI conversation (prompt and LLM feedback), speaking practice and any AI content features",Journal,,,,False,,
29 - Busuu Ltd,Aug 2026,8/15/2026,8/31/2026,GBP,62110 Technology Expenses : Software License/Renewal/Support - Electronically Delivered,Vendor,442,USD,101 - Product - Discovery,60 - Busuu,Spendesk August 26 - Card Purchase - Figma - Figma subscription,Journal,,,,False,,
29 - Busuu Ltd,Aug 2026,8/15/2026,8/31/2026,GBP,62110 Technology Expenses : Software License/Renewal/Support - Electronically Delivered,Vendor,547,USD,225 - Partnerships,60 - Busuu,[103455 @Line 154] Spendesk May 26 - Card Purchase - EdTech - The reference network for the Learning & EdTech ecosystem in France (500+ member companies). This positions Busuu as a leading digital learning providerhttps://www.helloasso.com/associations/edtech-france/adhesions/adhesion-edtech-france-membre-adherent/3 (Amortization Destination),Journal,,,,False,,
29 - Busuu Ltd,Aug 2026,8/15/2026,8/31/2026,GBP,62110 Technology Expenses : Software License/Renewal/Support - Electronically Delivered,Vendor,601,USD,122 - Engineering Operations,60 - Busuu,Spendesk August 26 - Card Purchase - GoDaddy - busuu.com.cn domain and internal SSL cert (adjusted price for cert renewal),Journal,,,,False,,
29 - Busuu Ltd,Aug 2026,8/15/2026,8/31/2026,GBP,62110 Technology Expenses : Software License/Renewal/Support - Electronically Delivered,Vendor,759,USD,190 - IT Operations,60 - Busuu,Spendesk - Atlassin,Journal,,,,False,9/1/2026,
29 - Busuu Ltd,Aug 2026,8/15/2026,8/31/2026,GBP,62110 Technology Expenses : Software License/Renewal/Support - Electronically Delivered,Vendor,852,USD,190 - IT Operations,60 - Busuu,[106953 @Line 143] Spendesk July 26 - Card Purchase - Atlassian - Card will be used to pay the two Atlassian accounts (Amortization Destination),Journal,,,,False,,
29 - Busuu Ltd,Aug 2026,8/15/2026,8/31/2026,GBP,62110 Technology Expenses : Software License/Renewal/Support - Electronically Delivered,Vendor,857,USD,380 - Content Operations,60 - Busuu,Spendesk August 26 - Card Purchase - The New York Times - Monthly subscription for NY Times content for lessons,Journal,,,,False,,
29 - Busuu Ltd,Aug 2026,8/15/2026,8/31/2026,GBP,62110 Technology Expenses : Software License/Renewal/Support - Electronically Delivered,Vendor,866,USD,321 - Accounting,60 - Busuu,Spendesk August 26 - Card Purchase - Spendesk - Spendesk Invoice #CB-202608-30725,Journal,,,,False,,
29 - Busuu Ltd,Aug 2026,8/15/2026,8/31/2026,GBP,62110 Technology Expenses : Software License/Renewal/Support - Electronically Delivered,Vendor,"1,011",USD,122 - Engineering Operations,60 - Busuu,Spendesk August 26 - Card Purchase - HIVE - Requesting virtual card to back-up Israel's one for Hive.ai,Journal,,,,False,,
29 - Busuu Ltd,Aug 2026,8/15/2026,8/31/2026,GBP,62110 Technology Expenses : Software License/Renewal/Support - Electronically Delivered,Vendor,"1,013",USD,122 - Engineering Operations,60 - Busuu,Spendesk August 26 - Card Purchase - CircleCI - CircleCI for Live and Verbling,Journal,,,,False,,
29 - Busuu Ltd,Aug 2026,8/15/2026,8/31/2026,GBP,62110 Technology Expenses : Software License/Renewal/Support - Electronically Delivered,Vendor,"1,060",USD,122 - Engineering Operations,60 - Busuu,Spendesk August 26 - Card Purchase - Google Cloud - Google for AI conversations,Journal,,,,False,,
29 - Busuu Ltd,Aug 2026,8/15/2026,8/31/2026,GBP,62110 Technology Expenses : Software License/Renewal/Support - Electronically Delivered,Vendor,"1,691",USD,122 - Engineering Operations,60 - Busuu,Maestro Parallel Device Cloud Software testing license,Journal,,,,False,9/1/2026,
29 - Busuu Ltd,Aug 2026,8/15/2026,8/31/2026,GBP,62110 Technology Expenses : Software License/Renewal/Support - Electronically Delivered,Vendor,"1,987",USD,380 - Content Operations,60 - Busuu,Spendesk August 26 - Card Purchase - Shutterstock - Annual stock image vendor subscription.,Journal,,,,False,,
29 - Busuu Ltd,Aug 2026,8/15/2026,8/31/2026,GBP,62110 Technology Expenses : Software License/Renewal/Support - Electronically Delivered,Vendor,"2,177",USD,190 - IT Operations,60 - Busuu,[106953 @Line 143] Spendesk July 26 - Card Purchase - Atlassian - Card will be used to pay the two Atlassian accounts (Amortization Destination),Journal,,,,False,,
29 - Busuu Ltd,Aug 2026,8/15/2026,8/31/2026,GBP,62110 Technology Expenses : Software License/Renewal/Support - Electronically Delivered,Vendor,"2,353",USD,225 - Partnerships,60 - Busuu,[98737 @Line 6] Chegg Intercompany - Vanta Inc Prepayment (22/12/2025 - 21/12/2026) (Amortization Destination),Journal,,,,False,,
29 - Busuu Ltd,Aug 2026,8/15/2026,8/31/2026,GBP,62110 Technology Expenses : Software License/Renewal/Support - Electronically Delivered,Vendor,"3,027",USD,160 - Commerce Engineering,60 - Busuu,Spendesk August 26 - Card Purchase - Cloudinary - Verbling - Document conversion,Journal,,,,False,,
29 - Busuu Ltd,Aug 2026,8/15/2026,8/31/2026,GBP,62110 Technology Expenses : Software License/Renewal/Support - Electronically Delivered,Vendor,"3,049",USD,181 - Data Analytics,60 - Busuu,[105838 @Line 0] Chegg Intercompany - Salesforce (02/24/26 - 02/23/27) (Amortization Destination),Journal,,,,False,,
29 - Busuu Ltd,Aug 2026,8/15/2026,8/31/2026,GBP,62110 Technology Expenses : Software License/Renewal/Support - Electronically Delivered,Vercel Inc,"7,800",USD,140 - Engineering Discovery,60 - Busuu,"[9966E658-0023 @Expense Line 1] MAR26, Vercel Annual Agreement (1st-Mar-2026 to 28th-Feb-27) (Amortization Destination)",Journal,,,,False,,
29 - Busuu Ltd,Aug 2026,8/15/2026,8/31/2026,GBP,62110 Technology Expenses : Software License/Renewal/Support - Electronically Delivered,Vitrue Health,-333,USD,341 - HR Operations,60 - Busuu,"[CN-0287 @Expense Line 1] JAN26, H&S UK Desk assessment renewal Pro+ Jan 10, 2026 – Jan 10, 2027 (Amortization Destination)",Journal,,,,False,,
29 - Busuu Ltd,Aug 2026,8/15/2026,8/31/2026,GBP,62110 Technology Expenses : Software License/Renewal/Support - Electronically Delivered,Vitrue Health,214,USD,341 - HR Operations,60 - Busuu,"[C20BDA75-1058 @Expense Line 1] JAN26, H&S UK Desk assessment renewal (Jan 23, 2026 – Jan 23, 2027) (Amortization Destination)",Journal,,,,False,,
29 - Busuu Ltd,Aug 2026,8/15/2026,8/31/2026,GBP,62110 Technology Expenses : Software License/Renewal/Support - Electronically Delivered,Vitrue Health,333,USD,341 - HR Operations,60 - Busuu,"[C20BDA75-1051 @Expense Line 1] JAN26, H&S UK Desk assessment renewal Pro+ Jan 10, 2026 – Jan 10, 2027 (Amortization Destination)",Journal,,,,False,,
29 - Busuu Ltd,Aug 2026,8/15/2026,8/31/2026,GBP,62110 Technology Expenses : Software License/Renewal/Support - Electronically Delivered,Zendesk Inc.,"1,427",USD,580 - Support Operations,60 - Busuu,[INV13059124 @Expense Line 1] Zendesk 12 month subscription 2025 ?? 2026 (Amortization Destination),Journal,,,,False,,
29 - Busuu Ltd,Aug 2026,8/15/2026,8/31/2026,GBP,62130 Technology Expenses : Expensed Equipments/Technology,Vendor,17,USD,225 - Partnerships,60 - Busuu,Spendesk August 26 - Reimbursement - SHENZHENSHIBAILANGKEJIYOUXIANGONGSI - Office kit,Journal,,,,False,,
29 - Busuu Ltd,Aug 2026,8/15/2026,8/31/2026,GBP,62130 Technology Expenses : Expensed Equipments/Technology,Vendor,20,USD,206 - Customer Relationship Marketing,60 - Busuu,Spendesk August 26 - Reimbursement - Amazon - Office kit,Journal,,,,False,,
29 - Busuu Ltd,Aug 2026,8/15/2026,8/31/2026,GBP,63110 Facility Expenses : Office Telephone,DRD Communications Ltd,152,USD,350 - Workplace Services,60 - Busuu,Office telephone cost,Journal,,,,False,9/1/2026,
29 - Busuu Ltd,Aug 2026,8/15/2026,8/31/2026,GBP,63200 Facility Expenses : Equipment Rentals,Brita Vivreau Limited,50,USD,350 - Workplace Services,60 - Busuu,"[900142836 @Expense Line 1] APR26, Rental - Quality PLUS L5 TEAPOINT 20006757 VIV E 85 C-26-C2-TG-K CU GB Serial nb.: 040323222019386 (06.05.2026 - 05.08.2026 ) (Amortization Destination)",Journal,,,,False,,
29 - Busuu Ltd,Aug 2026,8/15/2026,8/31/2026,GBP,63200 Facility Expenses : Equipment Rentals,Brita Vivreau Limited,258,USD,350 - Workplace Services,60 - Busuu,"[900154496 @Expense Line 1] JUL26,Travel flat rate 20006757 VIV E 85 C-26-C2-TG-K CU GB (Amortization Destination)",Journal,,,,False,,
29 - Busuu Ltd,Aug 2026,8/15/2026,8/31/2026,GBP,63220 Facility Expenses : Other Facility Expense,Croner Limited,-6,USD,341 - HR Operations,60 - Busuu,"[C001218893 @Expense Line 2] Apr26, Health and safety for London office (Amortization Destination)",Journal,,,,False,,
29 - Busuu Ltd,Aug 2026,8/15/2026,8/31/2026,GBP,63220 Facility Expenses : Other Facility Expense,Croner Limited,4,USD,341 - HR Operations,60 - Busuu,"[C001218893 @Expense Line 3] Apr26, IPT Value (Amortization Destination)",Journal,,,,False,,
29 - Busuu Ltd,Aug 2026,8/15/2026,8/31/2026,GBP,63220 Facility Expenses : Other Facility Expense,Croner Limited,634,USD,341 - HR Operations,60 - Busuu,"[C001218893 @Expense Line 1] Apr26, Health and safety for London office (Amortization Destination)",Journal,,,,False,,
29 - Busuu Ltd,Aug 2026,8/15/2026,8/31/2026,GBP,63220 Facility Expenses : Other Facility Expense,Planteria Group (UK) Limited,592,USD,350 - Workplace Services,60 - Busuu,"[201267 @Expense Line 1] JUL26-OCT26, Office Plants  (04/07/2026 - 03/10/2026 ) (Amortization Destination)",Journal,,,,False,,
29 - Busuu Ltd,Aug 2026,8/15/2026,8/31/2026,GBP,63220 Facility Expenses : Other Facility Expense,Vendor,36,USD,350 - Workplace Services,60 - Busuu,Spendesk August 26 - Card Purchase - BOC gas suppliers - Gas invoices,Journal,,,,False,,
29 - Busuu Ltd,Aug 2026,8/15/2026,8/31/2026,GBP,63230 Facility Expenses : Corporate Insurance,Arthur J Gallagher Insurance Brokers,851,USD,321 - Accounting,60 - Busuu,"[556147848 @Expense Line 1] JAN26-DEC26, W.R. Berkley UK Limited Contract No.: TLE7030635-10 (Amortization Destination)",Journal,,,,False,,
29 - Busuu Ltd,Aug 2026,8/15/2026,8/31/2026,GBP,64100 Travel & Entertainment : Airfare,Vendor,113,USD,385 - Content Development,60 - Busuu,385 - Content Development - Travelperk 0826,Journal,,,,False,,
29 - Busuu Ltd,Aug 2026,8/15/2026,8/31/2026,GBP,64100 Travel & Entertainment : Airfare,Vendor,279,USD,205 - SEO Marketing,60 - Busuu,205 SEO Marketing - Travelperk 0826,Journal,,,,False,,
29 - Busuu Ltd,Aug 2026,8/15/2026,8/31/2026,GBP,64100 Travel & Entertainment : Airfare,Vendor,"2,845",USD,225 - Partnerships,60 - Busuu,225 B2B & Partnerships - Travelperk 0826,Journal,,,,False,,
29 - Busuu Ltd,Aug 2026,8/15/2026,8/31/2026,GBP,64110 Travel & Entertainment : Car/Taxi,Vendor,20,USD,105 - Product Marketing Management,60 - Busuu,Spendesk August 26 - Reimbursement - Local taxi - Trains cancelled taxi to other station,Journal,,,,False,,
29 - Busuu Ltd,Aug 2026,8/15/2026,8/31/2026,GBP,64110 Travel & Entertainment : Car/Taxi,Vendor,31,USD,200 - Marketing Operations,60 - Busuu,Spendesk August 26 - Reimbursement - Uber - Uber to go to merch storage unit in Rainham,Journal,,,,False,,
29 - Busuu Ltd,Aug 2026,8/15/2026,8/31/2026,GBP,64110 Travel & Entertainment : Car/Taxi,Vendor,32,USD,200 - Marketing Operations,60 - Busuu,Spendesk August 26 - Reimbursement - Uber - Uber to go to merch storage unit in Rainham,Journal,,,,False,,
29 - Busuu Ltd,Aug 2026,8/15/2026,8/31/2026,GBP,64130 Travel & Entertainment : Personal Meals,Vendor,9,USD,206 - Customer Relationship Marketing,60 - Busuu,Spendesk August 26 - Reimbursement - Dar Campanolo - Snack,Journal,,,,False,,
29 - Busuu Ltd,Aug 2026,8/15/2026,8/31/2026,GBP,64130 Travel & Entertainment : Personal Meals,Vendor,10,USD,206 - Customer Relationship Marketing,60 - Busuu,Spendesk August 26 - Reimbursement - GAIL'S GATWICK - Airport breakfast,Journal,,,,False,,
29 - Busuu Ltd,Aug 2026,8/15/2026,8/31/2026,GBP,64130 Travel & Entertainment : Personal Meals,Vendor,12,USD,206 - Customer Relationship Marketing,60 - Busuu,Spendesk August 26 - Reimbursement - BBVA - Coffees,Journal,,,,False,,
29 - Busuu Ltd,Aug 2026,8/15/2026,8/31/2026,GBP,64130 Travel & Entertainment : Personal Meals,Vendor,20,USD,206 - Customer Relationship Marketing,60 - Busuu,Spendesk August 26 - Reimbursement - BODEGA DE LA ARDOSA - Dinner,Journal,,,,False,,
29 - Busuu Ltd,Aug 2026,8/15/2026,8/31/2026,GBP,64130 Travel & Entertainment : Personal Meals,Vendor,26,USD,206 - Customer Relationship Marketing,60 - Busuu,Spendesk August 26 - Reimbursement - CHEE-QUITIN COCKTAIL BAR - Dinner,Journal,,,,False,,
29 - Busuu Ltd,Aug 2026,8/15/2026,8/31/2026,GBP,64130 Travel & Entertainment : Personal Meals,Vendor,58,USD,206 - Customer Relationship Marketing,60 - Busuu,"Spendesk August 26 - Reimbursement - COPIA PARA EL CLIENTE GETNET"" - Dinner",Journal,,,,False,,
29 - Busuu Ltd,Aug 2026,8/15/2026,8/31/2026,GBP,64140 Travel & Entertainment : Entertainment,Vendor,514,USD,350 - Workplace Services,60 - Busuu,Spendesk accrual - Autum Party,Journal,,,,False,9/1/2026,
29 - Busuu Ltd,Aug 2026,8/15/2026,8/31/2026,GBP,64145 Travel & Entertainment : Entertainment - Client,Vendor,63,USD,206 - Customer Relationship Marketing,60 - Busuu,Spendesk August 26 - Reimbursement - Lateral Castellana - Lunch (Antonia as well),Journal,,,,False,,
29 - Busuu Ltd,Aug 2026,8/15/2026,8/31/2026,GBP,64145 Travel & Entertainment : Entertainment - Client,Vendor,729,USD,206 - Customer Relationship Marketing,60 - Busuu,Spendesk August 26 - Reimbursement - BIG MAMMA HOLDINGS LTD - Yusen client lunch plus team total of 8,Journal,,,,False,,
29 - Busuu Ltd,Aug 2026,8/15/2026,8/31/2026,GBP,64155 Travel & Entertainment : Employee Training,LinkedIn (GBP),"10,921",USD,341 - HR Operations,60 - Busuu,"MAY26-MAY27, LinkedIn Learning as an LMS - Yr 2-3",Journal,,,,False,9/1/2026,
29 - Busuu Ltd,Aug 2026,8/15/2026,8/31/2026,GBP,64155 Travel & Entertainment : Employee Training,Vendor,20,USD,225 - Partnerships,60 - Busuu,"Spendesk August 26 - Card Purchase - Harvard Business Review - HBR subscription, cancel anytime. Articles we can use for prospecting and team development I'd like to share.",Journal,,,,False,,
29 - Busuu Ltd,Aug 2026,8/15/2026,8/31/2026,GBP,64155 Travel & Entertainment : Employee Training,Vendor,407,USD,344 - Learning & Development,60 - Busuu,Spendesk August 26 - Card Purchase - TranslaStars - For learning and development - Moriah confirmed that my request has been approved - I am looking to deepen my expertise in two areas critical to both my development and the team's effectiveness: AI-driven localisation and linguistic quality assurance.,Journal,,,,False,,
29 - Busuu Ltd,Aug 2026,8/15/2026,8/31/2026,GBP,64170 Travel & Entertainment : Hotel/Lodging,Vendor,316,USD,205 - SEO Marketing,60 - Busuu,205 SEO Marketing - Travelperk 0826,Journal,,,,False,,
29 - Busuu Ltd,Aug 2026,8/15/2026,8/31/2026,GBP,64170 Travel & Entertainment : Hotel/Lodging,Vendor,402,USD,385 - Content Development,60 - Busuu,385 - Content Development - Travelperk 0826,Journal,,,,False,,
29 - Busuu Ltd,Aug 2026,8/15/2026,8/31/2026,GBP,64170 Travel & Entertainment : Hotel/Lodging,Vendor,775,USD,140 - Engineering Discovery,60 - Busuu,140 - Engineering Discovery - Travelperk 0826,Journal,,,,False,,
29 - Busuu Ltd,Aug 2026,8/15/2026,8/31/2026,GBP,64170 Travel & Entertainment : Hotel/Lodging,Vendor,"6,234",USD,225 - Partnerships,60 - Busuu,225 B2B & Partnerships - Travelperk 0826,Journal,,,,False,,
29 - Busuu Ltd,Aug 2026,8/15/2026,8/31/2026,GBP,"64190 Travel & Entertainment : Other Travel (tips, etc.)",Vendor,20,USD,206 - Customer Relationship Marketing,60 - Busuu,Spendesk August 26 - Reimbursement - TFL TRAVEL CH - Travel to airport,Journal,,,,False,,
29 - Busuu Ltd,Aug 2026,8/15/2026,8/31/2026,GBP,"64190 Travel & Entertainment : Other Travel (tips, etc.)",Vendor,23,USD,140 - Engineering Discovery,60 - Busuu,140 - Engineering Discovery - Travelperk 0826,Journal,,,,False,,
29 - Busuu Ltd,Aug 2026,8/15/2026,8/31/2026,GBP,"64190 Travel & Entertainment : Other Travel (tips, etc.)",Vendor,44,USD,206 - Customer Relationship Marketing,60 - Busuu,Spendesk August 26 - Reimbursement - TFL TRAVEL CH - Travel from airport,Journal,,,,False,,
29 - Busuu Ltd,Aug 2026,8/15/2026,8/31/2026,GBP,"64190 Travel & Entertainment : Other Travel (tips, etc.)",Vendor,130,USD,205 - SEO Marketing,60 - Busuu,205 SEO Marketing - Travelperk 0826,Journal,,,,False,,
29 - Busuu Ltd,Aug 2026,8/15/2026,8/31/2026,GBP,"64190 Travel & Entertainment : Other Travel (tips, etc.)",Vendor,177,USD,385 - Content Development,60 - Busuu,385 - Content Development - Travelperk 0826,Journal,,,,False,,
29 - Busuu Ltd,Aug 2026,8/15/2026,8/31/2026,GBP,"64190 Travel & Entertainment : Other Travel (tips, etc.)",Vendor,405,USD,341 - HR Operations,60 - Busuu,0826 - Travelperk Fee,Journal,,,,False,,
29 - Busuu Ltd,Aug 2026,8/15/2026,8/31/2026,GBP,"64190 Travel & Entertainment : Other Travel (tips, etc.)",Vendor,514,USD,225 - Partnerships,60 - Busuu,225 B2B & Partnerships - Travelperk 0826,Journal,,,,False,,
29 - Busuu Ltd,Aug 2026,8/15/2026,8/31/2026,GBP,65100 Professional fees : Accounting Fees,Cooper Parry Group Limited,"2,031",USD,321 - Accounting,60 - Busuu,Audit fee 2025,Journal,,,,False,9/1/2026,
29 - Busuu Ltd,Aug 2026,8/15/2026,8/31/2026,GBP,65100 Professional fees : Accounting Fees,Cooper Parry Group Limited,"37,907",USD,321 - Accounting,60 - Busuu,Audit fee 2026,Journal,,,,False,9/1/2026,
29 - Busuu Ltd,Aug 2026,8/15/2026,8/31/2026,GBP,65100 Professional fees : Accounting Fees,Ernst & Young LLP (International payments),"2,777",USD,321 - Accounting,60 - Busuu,EY - India VAT,Journal,,,,False,9/1/2026,
29 - Busuu Ltd,Aug 2026,8/15/2026,8/31/2026,GBP,65120 Professional fees : Tax Fees,Azets Holdings Ltd - London (Account ending 360),592,USD,323 - Tax,60 - Busuu,ERS - azets 2026/27,Journal,,,,False,9/1/2026,
29 - Busuu Ltd,Aug 2026,8/15/2026,8/31/2026,GBP,65120 Professional fees : Tax Fees,Azets Holdings Ltd - London (Account ending 360),"1,421",USD,323 - Tax,60 - Busuu,ERS - azets 2025/26,Journal,,,,False,9/1/2026,
29 - Busuu Ltd,Aug 2026,8/15/2026,8/31/2026,GBP,65120 Professional fees : Tax Fees,Azets Holdings Ltd - London (Account ending 360),"5,009",USD,323 - Tax,60 - Busuu,Tax fee 2026,Journal,,,,False,9/1/2026,
29 - Busuu Ltd,Aug 2026,8/15/2026,8/31/2026,GBP,65120 Professional fees : Tax Fees,Azets Holdings Ltd - London (Account ending 360),"7,514",USD,323 - Tax,60 - Busuu,Tax fee 2025 - azets,Journal,,,,False,9/1/2026,
29 - Busuu Ltd,Aug 2026,8/15/2026,8/31/2026,GBP,65190 Professional fees : Other Consulting Fee,Activpayroll Ltd (EUR),"2,888",USD,321 - Accounting,60 - Busuu,Accrued Remmuneration Register for 2026,Journal,,,,False,9/1/2026,
29 - Busuu Ltd,Aug 2026,8/15/2026,8/31/2026,GBP,65190 Professional fees : Other Consulting Fee,Activpayroll Ltd (EUR),"3,244",USD,321 - Accounting,60 - Busuu,ActivPayroll (EUR),Journal,,,,False,9/1/2026,
29 - Busuu Ltd,Aug 2026,8/15/2026,8/31/2026,GBP,65190 Professional fees : Other Consulting Fee,Activpayroll Ltd (GBP),"2,886",USD,321 - Accounting,60 - Busuu,ActivPayroll (GBP),Journal,,,,False,9/1/2026,
29 - Busuu Ltd,Aug 2026,8/15/2026,8/31/2026,GBP,65190 Professional fees : Other Consulting Fee,GPDP Limited,"1,354",USD,323 - Tax,60 - Busuu,R&D scoping project FY25,Journal,,,,False,9/1/2026,
29 - Busuu Ltd,Aug 2026,8/15/2026,8/31/2026,GBP,65190 Professional fees : Other Consulting Fee,Virtalent Ltd,"3,578",USD,360 - General Management,60 - Busuu,Virtual assistant - Accrued for June as per Forecast,Journal,,,,False,9/1/2026,
29 - Busuu Ltd,Aug 2026,8/15/2026,8/31/2026,GBP,65230 Legal fees : Legal - Corporate,Kingsley Napley LLP,"4,830",USD,331 - Legal,60 - Busuu,Extra project - March & April,Journal,,,,False,9/1/2026,
29 - Busuu Ltd,Aug 2026,8/15/2026,8/31/2026,GBP,65230 Legal fees : Legal - Corporate,"Orrick, Herrington & Sutcliffe LLP","19,639",USD,331 - Legal,60 - Busuu,Orrick Herrington & Sutcliffe (UK) LLP - Data Protection,Journal,,,,False,9/1/2026,
29 - Busuu Ltd,Aug 2026,8/15/2026,8/31/2026,GBP,65230 Legal fees : Legal - Corporate,Vendor,812,USD,341 - HR Operations,60 - Busuu,Spendesk August 26 - Card Purchase - Justin Law Solicitors - Legal fees for Jawad Nawas  Ref: HS:MZS:11260/26,Journal,,,,False,,
29 - Busuu Ltd,Aug 2026,8/15/2026,8/31/2026,GBP,65230 Legal fees : Legal - Corporate,Vendor,"1,242",USD,341 - HR Operations,60 - Busuu,Spendesk August 26 - Card Purchase - Settlement Agreement Solicitors Ltd - Legal fees for Stefan Grandjean-thomsen invoice is £900 plus 1.9% processing fee for card payment.   Invoice: £900.00 Processing fee: £17.10 Total: £917.10,Journal,,,,False,,
29 - Busuu Ltd,Aug 2026,8/15/2026,8/31/2026,GBP,65230 Legal fees : Legal - Corporate,Vendor,"1,625",USD,341 - HR Operations,60 - Busuu,Accruing Settelemt Fees for 2 Employees,Journal,,,,False,9/1/2026,
29 - Busuu Ltd,Aug 2026,8/15/2026,8/31/2026,GBP,65230 Legal fees : Legal - Corporate,Vendor,"6,769",USD,331 - Legal,60 - Busuu,Legal Fees - AD HOC,Journal,,,,False,9/1/2026,
29 - Busuu Ltd,Aug 2026,8/15/2026,8/31/2026,GBP,65720 Outside services : Contractors,"Deel, Inc. (Direct Debit)",5,USD,203 - Creative Marketing,60 - Busuu,"Aug 26, Alex Nollent, Payment Processing Fee",Journal,,,,False,9/1/2026,
29 - Busuu Ltd,Aug 2026,8/15/2026,8/31/2026,GBP,65720 Outside services : Contractors,"Deel, Inc. (Direct Debit)",164,USD,225 - Partnerships,60 - Busuu,"Aug 26, Cecile Labazordiere Ruillier Beaufond, Expenses",Journal,,,,False,9/1/2026,
29 - Busuu Ltd,Aug 2026,8/15/2026,8/31/2026,GBP,65720 Outside services : Contractors,"Deel, Inc. (Direct Debit)",414,USD,140 - Engineering Discovery,60 - Busuu,"Aug 26, Stefan Krasimirov Kosev, Platform Fee",Journal,,,,False,9/1/2026,
29 - Busuu Ltd,Aug 2026,8/15/2026,8/31/2026,GBP,65720 Outside services : Contractors,"Deel, Inc. (Direct Debit)",414,USD,225 - Partnerships,60 - Busuu,"Aug 26, Alina Rios Mesa, Platform Fee",Journal,,,,False,9/1/2026,
29 - Busuu Ltd,Aug 2026,8/15/2026,8/31/2026,GBP,65720 Outside services : Contractors,"Deel, Inc. (Direct Debit)",414,USD,225 - Partnerships,60 - Busuu,"Aug 26, Lucrezia Scarapicchia, Platform Fee",Journal,,,,False,9/1/2026,
29 - Busuu Ltd,Aug 2026,8/15/2026,8/31/2026,GBP,65720 Outside services : Contractors,"Deel, Inc. (Direct Debit)",429,USD,225 - Partnerships,60 - Busuu,"Aug 26, Cecile Labazordiere Ruillier Beaufond, Platform Fee",Journal,,,,False,9/1/2026,
29 - Busuu Ltd,Aug 2026,8/15/2026,8/31/2026,GBP,65720 Outside services : Contractors,"Deel, Inc. (Direct Debit)",429,USD,225 - Partnerships,60 - Busuu,"Aug 26, Paul Dufresne, Platform Fee",Journal,,,,False,9/1/2026,
29 - Busuu Ltd,Aug 2026,8/15/2026,8/31/2026,GBP,65720 Outside services : Contractors,"Deel, Inc. (Direct Debit)",429,USD,225 - Partnerships,60 - Busuu,"Aug 26, Robin Sola, Platform Fee",Journal,,,,False,9/1/2026,
29 - Busuu Ltd,Aug 2026,8/15/2026,8/31/2026,GBP,65720 Outside services : Contractors,"Deel, Inc. (Direct Debit)",429,USD,360 - General Management,60 - Busuu,"Aug 26, Karine Allouche, Platform Fee",Journal,,,,False,9/1/2026,
29 - Busuu Ltd,Aug 2026,8/15/2026,8/31/2026,GBP,65720 Outside services : Contractors,"Deel, Inc. (Direct Debit)",827,USD,203 - Creative Marketing,60 - Busuu,"Aug 26, Alex Nollent, Platform Fee",Journal,,,,False,9/1/2026,
29 - Busuu Ltd,Aug 2026,8/15/2026,8/31/2026,GBP,65720 Outside services : Contractors,"Deel, Inc. (Direct Debit)",999,USD,225 - Partnerships,60 - Busuu,"Aug 26, Alina Rios Mesa, Expenses",Journal,,,,False,9/1/2026,
29 - Busuu Ltd,Aug 2026,8/15/2026,8/31/2026,GBP,65720 Outside services : Contractors,"Deel, Inc. (Direct Debit)","7,699",USD,140 - Engineering Discovery,60 - Busuu,"Aug 26, Stefan Krasimirov Kosev, Salary inc NI Contributions",Journal,,,,False,9/1/2026,
29 - Busuu Ltd,Aug 2026,8/15/2026,8/31/2026,GBP,65720 Outside services : Contractors,"Deel, Inc. (Direct Debit)","9,370",USD,203 - Creative Marketing,60 - Busuu,"Aug 26, Alex Nollent, Salary inc NI Contributions",Journal,,,,False,9/1/2026,
29 - Busuu Ltd,Aug 2026,8/15/2026,8/31/2026,GBP,65720 Outside services : Contractors,"Deel, Inc. (Direct Debit)","10,351",USD,360 - General Management,60 - Busuu,"Aug 26, Karine Allouche, Expenses",Journal,,,,False,9/1/2026,
29 - Busuu Ltd,Aug 2026,8/15/2026,8/31/2026,GBP,65720 Outside services : Contractors,"Deel, Inc. (Direct Debit)","10,576",USD,225 - Partnerships,60 - Busuu,"Aug 26, Robin Sola, Salary inc NI Contributions",Journal,,,,False,9/1/2026,
29 - Busuu Ltd,Aug 2026,8/15/2026,8/31/2026,GBP,65720 Outside services : Contractors,"Deel, Inc. (Direct Debit)","10,585",USD,225 - Partnerships,60 - Busuu,"Aug 26, Alina Rios Mesa, Salary inc NI Contributions",Journal,,,,False,9/1/2026,
29 - Busuu Ltd,Aug 2026,8/15/2026,8/31/2026,GBP,65720 Outside services : Contractors,"Deel, Inc. (Direct Debit)","12,301",USD,225 - Partnerships,60 - Busuu,"Aug 26, Lucrezia Scarapicchia, Salary inc NI Contributions",Journal,,,,False,9/1/2026,
29 - Busuu Ltd,Aug 2026,8/15/2026,8/31/2026,GBP,65720 Outside services : Contractors,"Deel, Inc. (Direct Debit)","13,577",USD,225 - Partnerships,60 - Busuu,"Aug 26, Paul Dufresne, Salary inc NI Contributions",Journal,,,,False,9/1/2026,
29 - Busuu Ltd,Aug 2026,8/15/2026,8/31/2026,GBP,65720 Outside services : Contractors,"Deel, Inc. (Direct Debit)","15,828",USD,225 - Partnerships,60 - Busuu,"Aug 26, Cecile Labazordiere Ruillier Beaufond, Salary inc NI Contributions",Journal,,,,False,9/1/2026,
29 - Busuu Ltd,Aug 2026,8/15/2026,8/31/2026,GBP,65720 Outside services : Contractors,"Deel, Inc. (Direct Debit)","22,765",USD,225 - Partnerships,60 - Busuu,0826 Bonus & Commission Accruals UK DEEL,Journal,,,,False,9/1/2026,
29 - Busuu Ltd,Aug 2026,8/15/2026,8/31/2026,GBP,65720 Outside services : Contractors,"Deel, Inc. (Direct Debit)","60,362",USD,360 - General Management,60 - Busuu,"Aug 26, Karine Allouche, Salary inc NI Contributions",Journal,,,,False,9/1/2026,
29 - Busuu Ltd,Aug 2026,8/15/2026,8/31/2026,GBP,65720 Outside services : Contractors,Flat Rock Technology Limited,"3,858",USD,225 - Partnerships,60 - Busuu,FlatRock - Slavena Demireva,Journal,,,,False,9/1/2026,
29 - Busuu Ltd,Aug 2026,8/15/2026,8/31/2026,GBP,65720 Outside services : Contractors,Flat Rock Technology Limited,"4,197",USD,225 - Partnerships,60 - Busuu,FlatRock - Imene Zamime,Journal,,,,False,9/1/2026,
29 - Busuu Ltd,Aug 2026,8/15/2026,8/31/2026,GBP,65720 Outside services : Contractors,Flat Rock Technology Limited,"4,535",USD,225 - Partnerships,60 - Busuu,FlatRock - Leon Cardenal,Journal,,,,False,9/1/2026,
29 - Busuu Ltd,Aug 2026,8/15/2026,8/31/2026,GBP,65720 Outside services : Contractors,"Freelance Labs, Inc.","20,307",USD,385 - Content Development,60 - Busuu,TBC - Immediate Education Contractor,Journal,,,,False,9/1/2026,
29 - Busuu Ltd,Aug 2026,8/15/2026,8/31/2026,GBP,65720 Outside services : Contractors,Interficie Proyectos Interactivos SL,"12,064",USD,140 - Engineering Discovery,60 - Busuu,Pako Lora,Journal,,,,False,9/1/2026,
29 - Busuu Ltd,Aug 2026,8/15/2026,8/31/2026,GBP,65720 Outside services : Contractors,Operatix Limited,"9,477",USD,225 - Partnerships,60 - Busuu,MemoryBlue - Alejandro Garcia,Journal,,,,False,9/1/2026,
29 - Busuu Ltd,Aug 2026,8/15/2026,8/31/2026,GBP,65720 Outside services : Contractors,Operatix Limited,"9,477",USD,225 - Partnerships,60 - Busuu,MemoryBlue - Antoine Andreau,Journal,,,,False,9/1/2026,
29 - Busuu Ltd,Aug 2026,8/15/2026,8/31/2026,GBP,65720 Outside services : Contractors,Operatix Limited,"9,477",USD,225 - Partnerships,60 - Busuu,MemoryBlue - Davide Garbarino,Journal,,,,False,9/1/2026,
29 - Busuu Ltd,Aug 2026,8/15/2026,8/31/2026,GBP,65720 Outside services : Contractors,Operatix Limited,"9,477",USD,225 - Partnerships,60 - Busuu,MemoryBlue - Deborah Cardarelli,Journal,,,,False,9/1/2026,
29 - Busuu Ltd,Aug 2026,8/15/2026,8/31/2026,GBP,65720 Outside services : Contractors,Operatix Limited,"9,477",USD,225 - Partnerships,60 - Busuu,MemoryBlue - Fraz Bashir,Journal,,,,False,9/1/2026,
29 - Busuu Ltd,Aug 2026,8/15/2026,8/31/2026,GBP,65720 Outside services : Contractors,Operatix Limited,"9,477",USD,225 - Partnerships,60 - Busuu,MemoryBlue - Mustafa Unal,Journal,,,,False,9/1/2026,
29 - Busuu Ltd,Aug 2026,8/15/2026,8/31/2026,GBP,65720 Outside services : Contractors,Operatix Limited,"9,477",USD,225 - Partnerships,60 - Busuu,MemoryBlue - Sascha Kritzler,Journal,,,,False,9/1/2026,
29 - Busuu Ltd,Aug 2026,8/15/2026,8/31/2026,GBP,65720 Outside services : Contractors,Oxagile LLC (USD),"8,305",USD,140 - Engineering Discovery,60 - Busuu,Achraf Dahmani,Journal,,,,False,9/1/2026,
29 - Busuu Ltd,Aug 2026,8/15/2026,8/31/2026,GBP,65720 Outside services : Contractors,Oxagile LLC- (International payments),"9,477",USD,140 - Engineering Discovery,60 - Busuu,Maryna Stasevich,Journal,,,,False,9/1/2026,
29 - Busuu Ltd,Aug 2026,8/15/2026,8/31/2026,GBP,65720 Outside services : Contractors,Oxagile LLC- (International payments),"10,154",USD,131 - Platform - Data Engineering,60 - Busuu,Natalia Linkevich,Journal,,,,False,9/1/2026,
29 - Busuu Ltd,Aug 2026,8/15/2026,8/31/2026,GBP,65720 Outside services : Contractors,Oxagile LLC- (International payments),"10,675",USD,140 - Engineering Discovery,60 - Busuu,Alexey Rossennik,Journal,,,,False,9/1/2026,
29 - Busuu Ltd,Aug 2026,8/15/2026,8/31/2026,GBP,65720 Outside services : Contractors,Pivot Forward Ltd.,"30,267",USD,341 - HR Operations,60 - Busuu,PivotForward,Journal,,,,False,9/1/2026,
29 - Busuu Ltd,Aug 2026,8/15/2026,8/31/2026,GBP,65720 Outside services : Contractors,Rebelpug S.R.L.,"9,729",USD,140 - Engineering Discovery,60 - Busuu,Paolo Amosso,Journal,,,,False,9/1/2026,
29 - Busuu Ltd,Aug 2026,8/15/2026,8/31/2026,GBP,65720 Outside services : Contractors,Technova Servicos Desenvolvimeto Programas Informatica LTDA EPP,"7,219",USD,160 - Commerce Engineering,60 - Busuu,Alan Hoffmeister (2025),Journal,,,,False,9/1/2026,
29 - Busuu Ltd,Aug 2026,8/15/2026,8/31/2026,GBP,65720 Outside services : Contractors,Trust in Soda Ltd,"24,369",USD,341 - HR Operations,60 - Busuu,Trust in Soda - Recruitment RPO Services,Journal,,,,False,9/1/2026,
29 - Busuu Ltd,Aug 2026,8/15/2026,8/31/2026,GBP,65720 Outside services : Contractors,Vendor,"5,776",USD,225 - Partnerships,60 - Busuu,0726 RIF Accrual,Journal,,,,False,9/1/2026,
29 - Busuu Ltd,Aug 2026,8/15/2026,8/31/2026,GBP,65720 Outside services : Contractors,Vendor,"6,806",USD,225 - Partnerships,60 - Busuu,Janine Connor,Journal,,,,False,9/1/2026,
29 - Busuu Ltd,Aug 2026,8/15/2026,8/31/2026,GBP,65720 Outside services : Contractors,Vendor,"11,552",USD,181 - Data Analytics,60 - Busuu,Juan Carlos,Journal,,,,False,9/1/2026,
29 - Busuu Ltd,Aug 2026,8/15/2026,8/31/2026,GBP,65720 Outside services : Contractors,Wecomeet ltd,"13,653",USD,225 - Partnerships,60 - Busuu,Steeve Elgui,Journal,,,,False,9/1/2026,
29 - Busuu Ltd,Aug 2026,8/15/2026,8/31/2026,GBP,65790 Outside services : Other Outside Services,Digital Learning Associates,569,USD,385 - Content Development,60 - Busuu,"[INV-2017385 @Expense Line 1] MAR24, New videos for English course, 50% Advance Payment on 3 year Licence for 30 new videos (Phase 2) (Amortization Destination)",Journal,,,,False,,
29 - Busuu Ltd,Aug 2026,8/15/2026,8/31/2026,GBP,65790 Outside services : Other Outside Services,QuestionPro Inc.,222,USD,385 - Content Development,60 - Busuu,"[1602636820 @Expense Line 1] SEP25, survey and research platform (Amortization Destination)",Journal,,,,False,,
29 - Busuu Ltd,Aug 2026,8/15/2026,8/31/2026,GBP,65790 Outside services : Other Outside Services,The Economist,588,USD,380 - Content Operations,60 - Busuu,"[SR-011727-03-R @Expense Line 1] FEB26, Content licence (02/01/26 - 01/31/27) (Amortization Destination)",Journal,,,,False,,
29 - Busuu Ltd,Aug 2026,8/15/2026,8/31/2026,GBP,65790 Outside services : Other Outside Services,Vendor,11,USD,385 - Content Development,60 - Busuu,Spendesk August 26 - Card Purchase - Upwork - PO 10583,Journal,,,,False,,
29 - Busuu Ltd,Aug 2026,8/15/2026,8/31/2026,GBP,65790 Outside services : Other Outside Services,Vendor,12,USD,385 - Content Development,60 - Busuu,Spendesk August 26 - Card Purchase - Upwork - PO 10583,Journal,,,,False,,
29 - Busuu Ltd,Aug 2026,8/15/2026,8/31/2026,GBP,65790 Outside services : Other Outside Services,Vendor,13,USD,385 - Content Development,60 - Busuu,Spendesk August 26 - Card Purchase - Upwork - PO 10583,Journal,,,,False,,
29 - Busuu Ltd,Aug 2026,8/15/2026,8/31/2026,GBP,65790 Outside services : Other Outside Services,Vendor,13,USD,385 - Content Development,60 - Busuu,Spendesk August 26 - Card Purchase - Upwork - PO 10583,Journal,,,,False,,
29 - Busuu Ltd,Aug 2026,8/15/2026,8/31/2026,GBP,65790 Outside services : Other Outside Services,Vendor,14,USD,385 - Content Development,60 - Busuu,Spendesk August 26 - Card Purchase - Upwork - PO 10583,Journal,,,,False,,
29 - Busuu Ltd,Aug 2026,8/15/2026,8/31/2026,GBP,65790 Outside services : Other Outside Services,Vendor,17,USD,385 - Content Development,60 - Busuu,Spendesk August 26 - Card Purchase - Upwork - PO 10583,Journal,,,,False,,
29 - Busuu Ltd,Aug 2026,8/15/2026,8/31/2026,GBP,65790 Outside services : Other Outside Services,Vendor,23,USD,385 - Content Development,60 - Busuu,Spendesk August 26 - Card Purchase - Upwork - PO 10583,Journal,,,,False,,
29 - Busuu Ltd,Aug 2026,8/15/2026,8/31/2026,GBP,65790 Outside services : Other Outside Services,Vendor,24,USD,385 - Content Development,60 - Busuu,Spendesk August 26 - Card Purchase - Upwork - PO 10583,Journal,,,,False,,
29 - Busuu Ltd,Aug 2026,8/15/2026,8/31/2026,GBP,65790 Outside services : Other Outside Services,Vendor,25,USD,385 - Content Development,60 - Busuu,Spendesk August 26 - Card Purchase - Upwork - PO 10583,Journal,,,,False,,
29 - Busuu Ltd,Aug 2026,8/15/2026,8/31/2026,GBP,65790 Outside services : Other Outside Services,Vendor,25,USD,385 - Content Development,60 - Busuu,Spendesk August 26 - Card Purchase - Upwork - PO 10583,Journal,,,,False,,
29 - Busuu Ltd,Aug 2026,8/15/2026,8/31/2026,GBP,65790 Outside services : Other Outside Services,Vendor,30,USD,385 - Content Development,60 - Busuu,Spendesk August 26 - Card Purchase - Upwork - PO 10583,Journal,,,,False,,
29 - Busuu Ltd,Aug 2026,8/15/2026,8/31/2026,GBP,65790 Outside services : Other Outside Services,Vendor,31,USD,385 - Content Development,60 - Busuu,Spendesk August 26 - Card Purchase - Upwork - PO 10583,Journal,,,,False,,
29 - Busuu Ltd,Aug 2026,8/15/2026,8/31/2026,GBP,65790 Outside services : Other Outside Services,Vendor,38,USD,385 - Content Development,60 - Busuu,Spendesk August 26 - Card Purchase - Upwork - PO 10583,Journal,,,,False,,
29 - Busuu Ltd,Aug 2026,8/15/2026,8/31/2026,GBP,65790 Outside services : Other Outside Services,Vendor,42,USD,385 - Content Development,60 - Busuu,Spendesk August 26 - Card Purchase - Upwork - PO 10583,Journal,,,,False,,
29 - Busuu Ltd,Aug 2026,8/15/2026,8/31/2026,GBP,65790 Outside services : Other Outside Services,Vendor,46,USD,385 - Content Development,60 - Busuu,Spendesk August 26 - Card Purchase - Upwork - PO 10583,Journal,,,,False,,
29 - Busuu Ltd,Aug 2026,8/15/2026,8/31/2026,GBP,65790 Outside services : Other Outside Services,Vendor,65,USD,385 - Content Development,60 - Busuu,Spendesk August 26 - Card Purchase - Upwork - PO 10583,Journal,,,,False,,
29 - Busuu Ltd,Aug 2026,8/15/2026,8/31/2026,GBP,65790 Outside services : Other Outside Services,Vendor,73,USD,385 - Content Development,60 - Busuu,Spendesk August 26 - Card Purchase - Upwork - PO 10583,Journal,,,,False,,
29 - Busuu Ltd,Aug 2026,8/15/2026,8/31/2026,GBP,65790 Outside services : Other Outside Services,Vendor,86,USD,385 - Content Development,60 - Busuu,Spendesk August 26 - Card Purchase - Upwork - PO 10583,Journal,,,,False,,
29 - Busuu Ltd,Aug 2026,8/15/2026,8/31/2026,GBP,65790 Outside services : Other Outside Services,Vendor,93,USD,385 - Content Development,60 - Busuu,Spendesk August 26 - Card Purchase - Upwork - PO 10583,Journal,,,,False,,
29 - Busuu Ltd,Aug 2026,8/15/2026,8/31/2026,GBP,65790 Outside services : Other Outside Services,Vendor,116,USD,385 - Content Development,60 - Busuu,Spendesk August 26 - Card Purchase - Upwork - PO 10583,Journal,,,,False,,
29 - Busuu Ltd,Aug 2026,8/15/2026,8/31/2026,GBP,65790 Outside services : Other Outside Services,Vistatec Limited,"35,234",USD,200 - Marketing Operations,60 - Busuu,Localisation - Visatec agency,Journal,,,,False,9/1/2026,
29 - Busuu Ltd,Aug 2026,8/15/2026,8/31/2026,GBP,65790 Outside services : Other Outside Services,Word Connection sarl,212,USD,200 - Marketing Operations,60 - Busuu,Localisation - Word Connection Agency,Journal,,,,False,9/1/2026,
29 - Busuu Ltd,Aug 2026,8/15/2026,8/31/2026,GBP,"66160 Office Expenses : Freight, Shipping & Handling",Vendor,10,USD,321 - Accounting,60 - Busuu,Spendesk August 26 - Reimbursement - POST OFFICE LTD - Postage for the PSA amendment for FY24,Journal,,,,False,,
29 - Busuu Ltd,Aug 2026,8/15/2026,8/31/2026,GBP,"66160 Office Expenses : Freight, Shipping & Handling",Vendor,17,USD,350 - Workplace Services,60 - Busuu,Spendesk August 26 - Card Purchase - DHL - Extra onboarding - Rachel Feldman,Journal,,,,False,,
29 - Busuu Ltd,Aug 2026,8/15/2026,8/31/2026,GBP,"66160 Office Expenses : Freight, Shipping & Handling",Vendor,17,USD,350 - Workplace Services,60 - Busuu,Spendesk August 26 - Card Purchase - DHL - Offboarding Karthika Arun Box 3,Journal,,,,False,,
29 - Busuu Ltd,Aug 2026,8/15/2026,8/31/2026,GBP,"66160 Office Expenses : Freight, Shipping & Handling",Vendor,17,USD,350 - Workplace Services,60 - Busuu,Spendesk August 26 - Card Purchase - DHL - Offboarding Karthika Arun Box 4,Journal,,,,False,,
29 - Busuu Ltd,Aug 2026,8/15/2026,8/31/2026,GBP,"66160 Office Expenses : Freight, Shipping & Handling",Vendor,18,USD,350 - Workplace Services,60 - Busuu,Spendesk August 26 - Card Purchase - DHL - Offboarding Karthika Arun Box 2,Journal,,,,False,,
29 - Busuu Ltd,Aug 2026,8/15/2026,8/31/2026,GBP,"66160 Office Expenses : Freight, Shipping & Handling",Vendor,19,USD,350 - Workplace Services,60 - Busuu,Spendesk August 26 - Card Purchase - DHL - Offboarding courier Andrea Gradecak - Box 2,Journal,,,,False,,
29 - Busuu Ltd,Aug 2026,8/15/2026,8/31/2026,GBP,"66160 Office Expenses : Freight, Shipping & Handling",Vendor,19,USD,350 - Workplace Services,60 - Busuu,Spendesk August 26 - Card Purchase - DHL - Laptop for Contractor - Imene Zamime,Journal,,,,False,,
29 - Busuu Ltd,Aug 2026,8/15/2026,8/31/2026,GBP,"66160 Office Expenses : Freight, Shipping & Handling",Vendor,19,USD,350 - Workplace Services,60 - Busuu,Spendesk August 26 - Card Purchase - DHL - Offboarding - Joana Salazar Coelho,Journal,,,,False,,
29 - Busuu Ltd,Aug 2026,8/15/2026,8/31/2026,GBP,"66160 Office Expenses : Freight, Shipping & Handling",Vendor,20,USD,350 - Workplace Services,60 - Busuu,Spendesk August 26 - Card Purchase - DHL - Offboarding - Jawad Nawaz,Journal,,,,False,,
29 - Busuu Ltd,Aug 2026,8/15/2026,8/31/2026,GBP,"66160 Office Expenses : Freight, Shipping & Handling",Vendor,20,USD,350 - Workplace Services,60 - Busuu,Spendesk August 26 - Card Purchase - DHL - Offboarding courier 1 - Bhavana Dharwad,Journal,,,,False,,
29 - Busuu Ltd,Aug 2026,8/15/2026,8/31/2026,GBP,"66160 Office Expenses : Freight, Shipping & Handling",Vendor,22,USD,350 - Workplace Services,60 - Busuu,Spendesk August 26 - Card Purchase - DHL - Offboarding Karthika Arun Box 1,Journal,,,,False,,
29 - Busuu Ltd,Aug 2026,8/15/2026,8/31/2026,GBP,"66160 Office Expenses : Freight, Shipping & Handling",Vendor,28,USD,350 - Workplace Services,60 - Busuu,Spendesk August 26 - Card Purchase - DHL - Offboarding courier - Andrea Gradecak Box 1,Journal,,,,False,,
29 - Busuu Ltd,Aug 2026,8/15/2026,8/31/2026,GBP,"66160 Office Expenses : Freight, Shipping & Handling",Vendor,37,USD,350 - Workplace Services,60 - Busuu,Spendesk August 26 - Card Purchase - DHL - Offboarding courier 2 - Bhavana Dharwad,Journal,,,,False,,
29 - Busuu Ltd,Aug 2026,8/15/2026,8/31/2026,GBP,66180 Office Expenses : Bad Debt Expense,Vendor,"4,311",USD,225 - Partnerships,60 - Busuu,0826 Partnership Accrued income - Provision (Bad Debt),Journal,,,,False,9/1/2026,
29 - Busuu Ltd,Aug 2026,8/15/2026,8/31/2026,GBP,66180 Office Expenses : Bad Debt Expense,Vendor,"5,100",USD,225 - Partnerships,60 - Busuu,0826 - B2B BAD DEBT PROVISION,Journal,,,,False,9/1/2026,
29 - Busuu Ltd,Aug 2026,8/15/2026,8/31/2026,GBP,66200 Office Expenses : Office Supplies,Vendor,11,USD,350 - Workplace Services,60 - Busuu,Spendesk August 26 - Card Purchase - Amazon - Office Supplies,Journal,,,,False,,
29 - Busuu Ltd,Aug 2026,8/15/2026,8/31/2026,GBP,66200 Office Expenses : Office Supplies,Vendor,20,USD,350 - Workplace Services,60 - Busuu,Spendesk August 26 - Card Purchase - Amazon - Office Supplies,Journal,,,,False,,
29 - Busuu Ltd,Aug 2026,8/15/2026,8/31/2026,GBP,66200 Office Expenses : Office Supplies,Vendor,35,USD,350 - Workplace Services,60 - Busuu,Spendesk August 26 - Card Purchase - Amazon - Office Supplies,Journal,,,,False,,
29 - Busuu Ltd,Aug 2026,8/15/2026,8/31/2026,GBP,66200 Office Expenses : Office Supplies,Vendor,45,USD,350 - Workplace Services,60 - Busuu,Spendesk August 26 - Card Purchase - Amazon - Office Supplies,Journal,,,,False,,
29 - Busuu Ltd,Aug 2026,8/15/2026,8/31/2026,GBP,66200 Office Expenses : Office Supplies,Vendor,109,USD,350 - Workplace Services,60 - Busuu,"Spendesk August 26 - Card Purchase - Amazon - Office Supplies, bookclub, wellbeing initiatives",Journal,,,,False,,
29 - Busuu Ltd,Aug 2026,8/15/2026,8/31/2026,GBP,66210 Office Expenses : Conferencing Expenses,Vendor,-249,USD,225 - Partnerships,60 - Busuu,Spendesk August 26 - Card Purchase - Guild Summit - Refund - 2nd seat for the Guild summit,Journal,,,,False,,
29 - Busuu Ltd,Aug 2026,8/15/2026,8/31/2026,GBP,66210 Office Expenses : Conferencing Expenses,Vendor,-249,USD,225 - Partnerships,60 - Busuu,Spendesk August 26 - Card Purchase - Guild Summit - Refund - This is to purchase an early bird ticket to attend the Guild summit in October,Journal,,,,False,,
29 - Busuu Ltd,Aug 2026,8/15/2026,8/31/2026,GBP,66210 Office Expenses : Conferencing Expenses,Vendor,"1,016",USD,225 - Partnerships,60 - Busuu,Spendesk August 26 - Card Purchase - Guild Summit - 2nd seat for the Guild summit,Journal,,,,False,,
29 - Busuu Ltd,Aug 2026,8/15/2026,8/31/2026,GBP,66210 Office Expenses : Conferencing Expenses,Vendor,"1,016",USD,225 - Partnerships,60 - Busuu,Spendesk August 26 - Card Purchase - Guild Summit - This is to purchase an early bird ticket to attend the Guild summit in October,Journal,,,,False,,
29 - Busuu Ltd,Aug 2026,8/15/2026,8/31/2026,GBP,66300 Office Expenses : Food Services,City Pantry Ltd T/A Just Eat for Business,"1,029",USD,350 - Workplace Services,60 - Busuu,Just Eat - UK office lunches,Journal,,,,False,9/1/2026,
29 - Busuu Ltd,Aug 2026,8/15/2026,8/31/2026,GBP,66300 Office Expenses : Food Services,Vendor,12,USD,350 - Workplace Services,60 - Busuu,Spendesk August 26 - Reimbursement - BROTHER MARCUS - My lunch from JustEat was not delivered I had to paid for it from my own pocket.,Journal,,,,False,,
29 - Busuu Ltd,Aug 2026,8/15/2026,8/31/2026,GBP,66300 Office Expenses : Food Services,Vendor,26,USD,350 - Workplace Services,60 - Busuu,Spendesk August 26 - Reimbursement - Uber eats - Meal on first day as JustEat had technical issues.,Journal,,,,False,,
29 - Busuu Ltd,Aug 2026,8/15/2026,8/31/2026,GBP,66300 Office Expenses : Food Services,Vendor,28,USD,225 - Partnerships,60 - Busuu,Spendesk August 26 - Reimbursement - Pret A Manger - pastries for client visit,Journal,,,,False,,
29 - Busuu Ltd,Aug 2026,8/15/2026,8/31/2026,GBP,66300 Office Expenses : Food Services,Vendor,29,USD,350 - Workplace Services,60 - Busuu,Spendesk August 26 - Reimbursement - Itsu - No access to online ordering got for me and frlix,Journal,,,,False,,
29 - Busuu Ltd,Aug 2026,8/15/2026,8/31/2026,GBP,66300 Office Expenses : Food Services,Vendor,69,USD,350 - Workplace Services,60 - Busuu,Spendesk August 26 - Card Purchase - Pret - Office pastries,Journal,,,,False,,
29 - Busuu Ltd,Aug 2026,8/15/2026,8/31/2026,GBP,66300 Office Expenses : Food Services,Vendor,164,USD,350 - Workplace Services,60 - Busuu,Spendesk August 26 - Card Purchase - Ocado - Groceries for the office,Journal,,,,False,,
29 - Busuu Ltd,Aug 2026,8/15/2026,8/31/2026,GBP,66300 Office Expenses : Food Services,Vendor,186,USD,350 - Workplace Services,60 - Busuu,Spendesk August 26 - Card Purchase - Ocado - Groceries for the office,Journal,,,,False,,
29 - Busuu Ltd,Aug 2026,8/15/2026,8/31/2026,GBP,66300 Office Expenses : Food Services,Vendor,192,USD,350 - Workplace Services,60 - Busuu,Spendesk August 26 - Card Purchase - Ocado - Groceries for the office,Journal,,,,False,,
29 - Busuu Ltd,Aug 2026,8/15/2026,8/31/2026,GBP,66300 Office Expenses : Food Services,Vendor,210,USD,350 - Workplace Services,60 - Busuu,Spendesk August 26 - Card Purchase - Ocado - Groceries for the office,Journal,,,,False,,
29 - Busuu Ltd,Aug 2026,8/15/2026,8/31/2026,GBP,66300 Office Expenses : Food Services,Vendor,231,USD,350 - Workplace Services,60 - Busuu,Spendesk August 26 - Card Purchase - Ocado - Groceries for the office,Journal,,,,False,,
29 - Busuu Ltd,Aug 2026,8/15/2026,8/31/2026,GBP,66300 Office Expenses : Food Services,Vendor,251,USD,350 - Workplace Services,60 - Busuu,Spendesk August 26 - Card Purchase - Ocado - Groceries for the office,Journal,,,,False,,
29 - Busuu Ltd,Aug 2026,8/15/2026,8/31/2026,GBP,66300 Office Expenses : Food Services,Vendor,270,USD,350 - Workplace Services,60 - Busuu,Spendesk August 26 - Card Purchase - Ocado - Groceries for the office,Journal,,,,False,,
29 - Busuu Ltd,Aug 2026,8/15/2026,8/31/2026,GBP,66300 Office Expenses : Food Services,Vendor,302,USD,350 - Workplace Services,60 - Busuu,Spendesk August 26 - Card Purchase - Ocado - Groceries for the office,Journal,,,,False,,
29 - Busuu Ltd,Aug 2026,8/15/2026,8/31/2026,GBP,66300 Office Expenses : Food Services,Vendor,430,USD,350 - Workplace Services,60 - Busuu,Spendesk accrual - Ocado,Journal,,,,False,9/1/2026,
29 - Busuu Ltd,Aug 2026,8/15/2026,8/31/2026,GBP,66510 Unrealized Gain/Loss,Vendor,"-676,995",USD,321 - Accounting,00 - Corporate,,Currency Revaluation,,,,False,9/1/2026,
29 - Busuu Ltd,Aug 2026,8/15/2026,8/31/2026,GBP,66510 Unrealized Gain/Loss,Vendor,"-10,585",USD,321 - Accounting,00 - Corporate,,Currency Revaluation,,,,False,9/1/2026,
29 - Busuu Ltd,Aug 2026,8/15/2026,8/31/2026,GBP,66510 Unrealized Gain/Loss,Vendor,"-1,736",USD,321 - Accounting,60 - Busuu,0826 - B2B B2B Stripe EUR & USD revaluation,Journal,,,,False,9/1/2026,
29 - Busuu Ltd,Aug 2026,8/15/2026,8/31/2026,GBP,66510 Unrealized Gain/Loss,Vendor,-401,USD,321 - Accounting,60 - Busuu,0826 - B2B B2B Stripe EUR & USD revaluation,Journal,,,,False,9/1/2026,
29 - Busuu Ltd,Aug 2026,8/15/2026,8/31/2026,GBP,66510 Unrealized Gain/Loss,Vendor,-321,USD,321 - Accounting,00 - Corporate,,Currency Revaluation,,,,False,9/1/2026,
29 - Busuu Ltd,Aug 2026,8/15/2026,8/31/2026,GBP,66510 Unrealized Gain/Loss,Vendor,"23,352",USD,321 - Accounting,00 - Corporate,,Currency Revaluation,,,,False,9/1/2026,
29 - Busuu Ltd,Aug 2026,8/15/2026,8/31/2026,GBP,66510 Unrealized Gain/Loss,Vendor,"155,471",USD,321 - Accounting,00 - Corporate,,Currency Revaluation,,,,False,9/1/2026,
29 - Busuu Ltd,Aug 2026,8/15/2026,8/31/2026,GBP,66520 Realized Gain/Loss,Vendor,-422,USD,000 - Central,00 - Corporate,,Currency Revaluation,,,,False,,
29 - Busuu Ltd,Aug 2026,8/15/2026,8/31/2026,GBP,66520 Realized Gain/Loss,Vendor,-8,USD,000 - Central,60 - Busuu,,Currency Revaluation,,,,False,,
29 - Busuu Ltd,Aug 2026,8/15/2026,8/31/2026,GBP,66520 Realized Gain/Loss,Vendor,-2,USD,000 - Central,00 - Corporate,,Currency Revaluation,,,,False,,
29 - Busuu Ltd,Aug 2026,8/15/2026,8/31/2026,GBP,66520 Realized Gain/Loss,Vendor,0,USD,000 - Central,00 - Corporate,,Currency Revaluation,,,,False,,
29 - Busuu Ltd,Aug 2026,8/15/2026,8/31/2026,GBP,66520 Realized Gain/Loss,Vendor,0,USD,000 - Central,00 - Corporate,,Currency Revaluation,,,,False,,
29 - Busuu Ltd,Aug 2026,8/15/2026,8/31/2026,GBP,66520 Realized Gain/Loss,Vendor,0,USD,321 - Accounting,60 - Busuu,0826FX on Paypal Transfer,Journal,,,,False,,
29 - Busuu Ltd,Aug 2026,8/15/2026,8/31/2026,GBP,66520 Realized Gain/Loss,Vendor,41,USD,000 - Central,60 - Busuu,,Currency Revaluation,,,,False,,
29 - Busuu Ltd,Aug 2026,8/15/2026,8/31/2026,GBP,66520 Realized Gain/Loss,Vendor,879,USD,000 - Central,00 - Corporate,,Currency Revaluation,,,,False,,
29 - Busuu Ltd,Aug 2026,8/15/2026,8/31/2026,GBP,66530 Rounding Gain/Loss,Vendor,-0,USD,000 - Central,60 - Busuu,,Currency Revaluation,,,,False,,
29 - Busuu Ltd,Aug 2026,8/15/2026,8/31/2026,GBP,66530 Rounding Gain/Loss,Vendor,0,USD,000 - Central,60 - Busuu,,Currency Revaluation,,,,False,,
29 - Busuu Ltd,Aug 2026,8/15/2026,8/31/2026,GBP,66530 Rounding Gain/Loss,Vendor,0,USD,000 - Central,60 - Busuu,,Currency Revaluation,,,,False,,
29 - Busuu Ltd,Aug 2026,8/15/2026,8/31/2026,GBP,66540 Matching Gain/Loss,Vendor,-0,USD,321 - Accounting,00 - Corporate,,Currency Revaluation,,,,False,,
29 - Busuu Ltd,Aug 2026,8/15/2026,8/31/2026,GBP,67110 Depreciation & Amortization : Depreciation,Vendor,16,USD,350 - Workplace Services,60 - Busuu,0826 FAM Depreciation (FAM),Journal,,,,False,,
29 - Busuu Ltd,Aug 2026,8/15/2026,8/31/2026,GBP,67110 Depreciation & Amortization : Depreciation,Vendor,31,USD,101 - Product - Discovery,60 - Busuu,0826 FAM Depreciation (FAM),Journal,,,,False,,
29 - Busuu Ltd,Aug 2026,8/15/2026,8/31/2026,GBP,67110 Depreciation & Amortization : Depreciation,Vendor,33,USD,350 - Workplace Services,60 - Busuu,0826 FAM Depreciation (FAM),Journal,,,,False,,
29 - Busuu Ltd,Aug 2026,8/15/2026,8/31/2026,GBP,67110 Depreciation & Amortization : Depreciation,Vendor,43,USD,205 - SEO Marketing,60 - Busuu,0826 FAM Depreciation (FAM),Journal,,,,False,,
29 - Busuu Ltd,Aug 2026,8/15/2026,8/31/2026,GBP,67110 Depreciation & Amortization : Depreciation,Vendor,65,USD,190 - IT Operations,60 - Busuu,0826 FAM Depreciation (FAM),Journal,,,,False,,
29 - Busuu Ltd,Aug 2026,8/15/2026,8/31/2026,GBP,67110 Depreciation & Amortization : Depreciation,Vendor,210,USD,321 - Accounting,60 - Busuu,0826 FAM Depreciation (FAM),Journal,,,,False,,
29 - Busuu Ltd,Aug 2026,8/15/2026,8/31/2026,GBP,67110 Depreciation & Amortization : Depreciation,Vendor,570,USD,190 - IT Operations,60 - Busuu,0826 FAM Depreciation (FAM),Journal,,,,False,,
29 - Busuu Ltd,Aug 2026,8/15/2026,8/31/2026,GBP,67110 Depreciation & Amortization : Depreciation,Vendor,"1,313",USD,350 - Workplace Services,60 - Busuu,0826 FAM Depreciation (FAM),Journal,,,,False,,
29 - Busuu Ltd,Aug 2026,8/15/2026,8/31/2026,GBP,67110 Depreciation & Amortization : Depreciation,Vendor,"5,259",USD,190 - IT Operations,60 - Busuu,0826 FAM Depreciation (FAM),Journal,,,,False,,
29 - Busuu Ltd,Aug 2026,8/15/2026,8/31/2026,GBP,67120 Depreciation & Amortization : Amortization of Intangible Asset,Vendor,"-535,542",USD,520 - Educators,60 - Busuu,Busuu Intangible Amortization Reversal,Journal,,,,False,,
29 - Busuu Ltd,Aug 2026,8/15/2026,8/31/2026,GBP,67120 Depreciation & Amortization : Amortization of Intangible Asset,Vendor,"-62,934",USD,200 - Marketing Operations,60 - Busuu,Busuu Intangible Amortization Reversal,Journal,,,,False,,
29 - Busuu Ltd,Aug 2026,8/15/2026,8/31/2026,GBP,67120 Depreciation & Amortization : Amortization of Intangible Asset,Vendor,"62,934",USD,200 - Marketing Operations,60 - Busuu,[26251 @Line 1] Busuu Intangible - Trade Name Amortization (Amortization Destination),Journal,,,,False,,
29 - Busuu Ltd,Aug 2026,8/15/2026,8/31/2026,GBP,67120 Depreciation & Amortization : Amortization of Intangible Asset,Vendor,"535,542",USD,520 - Educators,60 - Busuu,[26253 @Line 1] Busuu Intangible - Developed Technology Amortization (Amortization Destination),Journal,,,,False,,
29 - Busuu Ltd,Aug 2026,8/15/2026,8/31/2026,GBP,68100 Allocations : Allocations In,Vendor,382,USD,103 - Product - Monetization,60 - Busuu,Allocation,Journal,,,,False,,
29 - Busuu Ltd,Aug 2026,8/15/2026,8/31/2026,GBP,68100 Allocations : Allocations In,Vendor,382,USD,143 - Engineering Mobile Native,60 - Busuu,Allocation,Journal,,,,False,,
29 - Busuu Ltd,Aug 2026,8/15/2026,8/31/2026,GBP,68100 Allocations : Allocations In,Vendor,382,USD,201 - Brand Marketing,60 - Busuu,Allocation,Journal,,,,False,,
29 - Busuu Ltd,Aug 2026,8/15/2026,8/31/2026,GBP,68100 Allocations : Allocations In,Vendor,382,USD,366 - Business Operations Management,60 - Busuu,Allocation,Journal,,,,False,,
29 - Busuu Ltd,Aug 2026,8/15/2026,8/31/2026,GBP,68100 Allocations : Allocations In,Vendor,382,USD,346 - Employee Experience,60 - Busuu,Allocation,Journal,,,,False,,
29 - Busuu Ltd,Aug 2026,8/15/2026,8/31/2026,GBP,68100 Allocations : Allocations In,Vendor,398,USD,201 - Brand Marketing,60 - Busuu,Allocation,Journal,,,,False,,
29 - Busuu Ltd,Aug 2026,8/15/2026,8/31/2026,GBP,68100 Allocations : Allocations In,Vendor,398,USD,103 - Product - Monetization,60 - Busuu,Allocation,Journal,,,,False,,
29 - Busuu Ltd,Aug 2026,8/15/2026,8/31/2026,GBP,68100 Allocations : Allocations In,Vendor,398,USD,143 - Engineering Mobile Native,60 - Busuu,Allocation,Journal,,,,False,,
29 - Busuu Ltd,Aug 2026,8/15/2026,8/31/2026,GBP,68100 Allocations : Allocations In,Vendor,398,USD,346 - Employee Experience,60 - Busuu,Allocation,Journal,,,,False,,
29 - Busuu Ltd,Aug 2026,8/15/2026,8/31/2026,GBP,68100 Allocations : Allocations In,Vendor,398,USD,366 - Business Operations Management,60 - Busuu,Allocation,Journal,,,,False,,
29 - Busuu Ltd,Aug 2026,8/15/2026,8/31/2026,GBP,68100 Allocations : Allocations In,Vendor,764,USD,112 - User Experience - Engagement,60 - Busuu,Allocation,Journal,,,,False,,
29 - Busuu Ltd,Aug 2026,8/15/2026,8/31/2026,GBP,68100 Allocations : Allocations In,Vendor,764,USD,203 - Creative Marketing,60 - Busuu,Allocation,Journal,,,,False,,
29 - Busuu Ltd,Aug 2026,8/15/2026,8/31/2026,GBP,68100 Allocations : Allocations In,Vendor,764,USD,321 - Accounting,60 - Busuu,Allocation,Journal,,,,False,,
29 - Busuu Ltd,Aug 2026,8/15/2026,8/31/2026,GBP,68100 Allocations : Allocations In,Vendor,764,USD,205 - SEO Marketing,60 - Busuu,Allocation,Journal,,,,False,,
29 - Busuu Ltd,Aug 2026,8/15/2026,8/31/2026,GBP,68100 Allocations : Allocations In,Vendor,797,USD,203 - Creative Marketing,60 - Busuu,Allocation,Journal,,,,False,,
29 - Busuu Ltd,Aug 2026,8/15/2026,8/31/2026,GBP,68100 Allocations : Allocations In,Vendor,797,USD,205 - SEO Marketing,60 - Busuu,Allocation,Journal,,,,False,,
29 - Busuu Ltd,Aug 2026,8/15/2026,8/31/2026,GBP,68100 Allocations : Allocations In,Vendor,797,USD,112 - User Experience - Engagement,60 - Busuu,Allocation,Journal,,,,False,,
29 - Busuu Ltd,Aug 2026,8/15/2026,8/31/2026,GBP,68100 Allocations : Allocations In,Vendor,797,USD,321 - Accounting,60 - Busuu,Allocation,Journal,,,,False,,
29 - Busuu Ltd,Aug 2026,8/15/2026,8/31/2026,GBP,68100 Allocations : Allocations In,Vendor,"1,146",USD,132 - Platform - Personalization,60 - Busuu,Allocation,Journal,,,,False,,
29 - Busuu Ltd,Aug 2026,8/15/2026,8/31/2026,GBP,68100 Allocations : Allocations In,Vendor,"1,146",USD,204 - Performance Marketing,60 - Busuu,Allocation,Journal,,,,False,,
29 - Busuu Ltd,Aug 2026,8/15/2026,8/31/2026,GBP,68100 Allocations : Allocations In,Vendor,"1,146",USD,200 - Marketing Operations,60 - Busuu,Allocation,Journal,,,,False,,
29 - Busuu Ltd,Aug 2026,8/15/2026,8/31/2026,GBP,68100 Allocations : Allocations In,Vendor,"1,146",USD,325 - FP & A,60 - Busuu,Allocation,Journal,,,,False,,
29 - Busuu Ltd,Aug 2026,8/15/2026,8/31/2026,GBP,68100 Allocations : Allocations In,Vendor,"1,195",USD,132 - Platform - Personalization,60 - Busuu,Allocation,Journal,,,,False,,
29 - Busuu Ltd,Aug 2026,8/15/2026,8/31/2026,GBP,68100 Allocations : Allocations In,Vendor,"1,195",USD,200 - Marketing Operations,60 - Busuu,Allocation,Journal,,,,False,,
29 - Busuu Ltd,Aug 2026,8/15/2026,8/31/2026,GBP,68100 Allocations : Allocations In,Vendor,"1,195",USD,204 - Performance Marketing,60 - Busuu,Allocation,Journal,,,,False,,
29 - Busuu Ltd,Aug 2026,8/15/2026,8/31/2026,GBP,68100 Allocations : Allocations In,Vendor,"1,195",USD,325 - FP & A,60 - Busuu,Allocation,Journal,,,,False,,
29 - Busuu Ltd,Aug 2026,8/15/2026,8/31/2026,GBP,68100 Allocations : Allocations In,Vendor,"1,528",USD,341 - HR Operations,60 - Busuu,Allocation,Journal,,,,False,,
29 - Busuu Ltd,Aug 2026,8/15/2026,8/31/2026,GBP,68100 Allocations : Allocations In,Vendor,"1,528",USD,370 - Learning Experience,60 - Busuu,Allocation,Journal,,,,False,,
29 - Busuu Ltd,Aug 2026,8/15/2026,8/31/2026,GBP,68100 Allocations : Allocations In,Vendor,"1,528",USD,105 - Product Marketing Management,60 - Busuu,Allocation,Journal,,,,False,,
29 - Busuu Ltd,Aug 2026,8/15/2026,8/31/2026,GBP,68100 Allocations : Allocations In,Vendor,"1,528",USD,160 - Commerce Engineering,60 - Busuu,Allocation,Journal,,,,False,,
29 - Busuu Ltd,Aug 2026,8/15/2026,8/31/2026,GBP,68100 Allocations : Allocations In,Vendor,"1,594",USD,105 - Product Marketing Management,60 - Busuu,Allocation,Journal,,,,False,,
29 - Busuu Ltd,Aug 2026,8/15/2026,8/31/2026,GBP,68100 Allocations : Allocations In,Vendor,"1,594",USD,160 - Commerce Engineering,60 - Busuu,Allocation,Journal,,,,False,,
29 - Busuu Ltd,Aug 2026,8/15/2026,8/31/2026,GBP,68100 Allocations : Allocations In,Vendor,"1,594",USD,341 - HR Operations,60 - Busuu,Allocation,Journal,,,,False,,
29 - Busuu Ltd,Aug 2026,8/15/2026,8/31/2026,GBP,68100 Allocations : Allocations In,Vendor,"1,594",USD,370 - Learning Experience,60 - Busuu,Allocation,Journal,,,,False,,
29 - Busuu Ltd,Aug 2026,8/15/2026,8/31/2026,GBP,68100 Allocations : Allocations In,Vendor,"1,910",USD,131 - Platform - Data Engineering,60 - Busuu,Allocation,Journal,,,,False,,
29 - Busuu Ltd,Aug 2026,8/15/2026,8/31/2026,GBP,68100 Allocations : Allocations In,Vendor,"1,992",USD,131 - Platform - Data Engineering,60 - Busuu,Allocation,Journal,,,,False,,
29 - Busuu Ltd,Aug 2026,8/15/2026,8/31/2026,GBP,68100 Allocations : Allocations In,Vendor,"2,292",USD,580 - Support Operations,60 - Busuu,Allocation,Journal,,,,False,,
29 - Busuu Ltd,Aug 2026,8/15/2026,8/31/2026,GBP,68100 Allocations : Allocations In,Vendor,"2,391",USD,580 - Support Operations,60 - Busuu,Allocation,Journal,,,,False,,
29 - Busuu Ltd,Aug 2026,8/15/2026,8/31/2026,GBP,68100 Allocations : Allocations In,Vendor,"2,674",USD,102 - Product - Engagement,60 - Busuu,Allocation,Journal,,,,False,,
29 - Busuu Ltd,Aug 2026,8/15/2026,8/31/2026,GBP,68100 Allocations : Allocations In,Vendor,"2,789",USD,102 - Product - Engagement,60 - Busuu,Allocation,Journal,,,,False,,
29 - Busuu Ltd,Aug 2026,8/15/2026,8/31/2026,GBP,68100 Allocations : Allocations In,Vendor,"3,056",USD,206 - Customer Relationship Marketing,60 - Busuu,Allocation,Journal,,,,False,,
29 - Busuu Ltd,Aug 2026,8/15/2026,8/31/2026,GBP,68100 Allocations : Allocations In,Vendor,"3,187",USD,206 - Customer Relationship Marketing,60 - Busuu,Allocation,Journal,,,,False,,
29 - Busuu Ltd,Aug 2026,8/15/2026,8/31/2026,GBP,68100 Allocations : Allocations In,Vendor,"4,966",USD,385 - Content Development,60 - Busuu,Allocation,Journal,,,,False,,
29 - Busuu Ltd,Aug 2026,8/15/2026,8/31/2026,GBP,68100 Allocations : Allocations In,Vendor,"5,180",USD,385 - Content Development,60 - Busuu,Allocation,Journal,,,,False,,
29 - Busuu Ltd,Aug 2026,8/15/2026,8/31/2026,GBP,68100 Allocations : Allocations In,Vendor,"8,022",USD,140 - Engineering Discovery,60 - Busuu,Allocation,Journal,,,,False,,
29 - Busuu Ltd,Aug 2026,8/15/2026,8/31/2026,GBP,68100 Allocations : Allocations In,Vendor,"8,367",USD,140 - Engineering Discovery,60 - Busuu,Allocation,Journal,,,,False,,
29 - Busuu Ltd,Aug 2026,8/15/2026,8/31/2026,GBP,68100 Allocations : Allocations In,Vendor,"17,571",USD,225 - Partnerships,60 - Busuu,Allocation,Journal,,,,False,,
29 - Busuu Ltd,Aug 2026,8/15/2026,8/31/2026,GBP,68100 Allocations : Allocations In,Vendor,"18,328",USD,225 - Partnerships,60 - Busuu,Allocation,Journal,,,,False,,
29 - Busuu Ltd,Aug 2026,8/15/2026,8/31/2026,GBP,68150 Allocations : Allocations Out,Vendor,"-58,570",USD,350 - Workplace Services,60 - Busuu,Allocation Credit Entry,Journal,,,,False,,
29 - Busuu Ltd,Aug 2026,8/15/2026,8/31/2026,GBP,68150 Allocations : Allocations Out,Vendor,"-56,151",USD,190 - IT Operations,60 - Busuu,Allocation Credit Entry,Journal,,,,False,,
29 - Busuu Ltd,Aug 2026,8/15/2026,8/31/2026,GBP,69200 Cross Charges : Cross Charge Out,Vendor,"-342,483",USD,160 - Commerce Engineering,60 - Busuu,Busuu Software Monthly Finance Capitalization,Journal,,,,False,9/1/2026,
29 - Busuu Ltd,Aug 2026,8/15/2026,8/31/2026,GBP,69200 Cross Charges : Cross Charge Out,Vendor,"-68,393",USD,385 - Content Development,60 - Busuu,0826 Capitalisation of Content Development Salary Cost,Journal,,,,False,9/1/2026,
29 - Busuu Ltd,Aug 2026,8/15/2026,8/31/2026,GBP,69200 Cross Charges : Cross Charge Out,Vendor,"-49,308",USD,200 - Marketing Operations,60 - Busuu,Q3 2026 Capitalisation of Content Development External Vendor Cost,Journal,,,,False,9/1/2026,
29 - Busuu Ltd,Aug 2026,8/15/2026,8/31/2026,GBP,69200 Cross Charges : Cross Charge Out,Vendor,"-19,581",USD,385 - Content Development,60 - Busuu,Q3 2026 Capitalisation of Content Development External Vendor Cost,Journal,,,,False,9/1/2026,
29 - Busuu Ltd,Aug 2026,8/15/2026,8/31/2026,GBP,69200 Cross Charges : Cross Charge Out,Vendor,"-12,514",USD,200 - Marketing Operations,60 - Busuu,0826 Capitalisation of Content Development Salary Cost,Journal,,,,False,9/1/2026,
29 - Busuu Ltd,Aug 2026,8/15/2026,8/31/2026,GBP,69200 Cross Charges : Cross Charge Out,Vendor,0,USD,380 - Content Operations,60 - Busuu,Q3 2026 Capitalisation of Content Development External Vendor Cost,Journal,,,,False,9/1/2026,
29 - Busuu Ltd,Aug 2026,8/15/2026,8/31/2026,USD,60100 Salary & Wages : Salary Expense,Vendor,"2,078",USD,321 - Accounting,60 - Busuu,Chegg Intercompany - Chegg Inc India Finance wages recharge - June '26,Journal,,,,False,9/1/2026,
29 - Busuu Ltd,Aug 2026,8/15/2026,8/31/2026,USD,60100 Salary & Wages : Salary Expense,Vendor,"8,816",USD,204 - Performance Marketing,60 - Busuu,Chegg Intercompany - Chegg Inc India Marketing wages recharge - June '26,Journal,,,,False,9/1/2026,
29 - Busuu Ltd,Aug 2026,8/15/2026,8/31/2026,USD,60100 Salary & Wages : Salary Expense,Vendor,"11,031",USD,204 - Performance Marketing,60 - Busuu,Chegg Intercompany - Chegg Inc India Marketing wages recharge - July '26,Journal,,,,False,9/1/2026,
29 - Busuu Ltd,Aug 2026,8/15/2026,8/31/2026,USD,60100 Salary & Wages : Salary Expense,Vendor,"16,986",USD,321 - Accounting,60 - Busuu,Chegg Intercompany - Chegg Inc India Finance wages recharge - July  '26,Journal,,,,False,9/1/2026,
29 - Busuu Ltd,Aug 2026,8/15/2026,8/31/2026,USD,60100 Salary & Wages : Salary Expense,Vendor,"18,431",USD,181 - Data Analytics,60 - Busuu,Chegg Intercompany - Chegg Inc India Data wages recharge - July '26,Journal,,,,False,9/1/2026,
29 - Busuu Ltd,Aug 2026,8/15/2026,8/31/2026,USD,60100 Salary & Wages : Salary Expense,Vendor,"18,906",USD,181 - Data Analytics,60 - Busuu,Chegg Intercompany - Chegg Inc India Data wages recharge - June '26,Journal,,,,False,9/1/2026,
29 - Busuu Ltd,Aug 2026,8/15/2026,8/31/2026,USD,60100 Salary & Wages : Salary Expense,Vendor,"24,321",USD,225 - Partnerships,60 - Busuu,Chegg Intercompany - IC Salary,Journal,,,,False,9/1/2026,
29 - Busuu Ltd,Aug 2026,8/15/2026,8/31/2026,USD,60180 Salary & Wages : Employer Payroll Taxes,Vendor,"1,861",USD,225 - Partnerships,60 - Busuu,Chegg Intercompany - IC Taxes,Journal,,,,False,9/1/2026,
29 - Busuu Ltd,Aug 2026,8/15/2026,8/31/2026,USD,60290 Other Compensation and Benefits : Other Employee Benefits,Vendor,971,USD,225 - Partnerships,60 - Busuu,Chegg Intercompany - IC Benefits,Journal,,,,False,9/1/2026,
29 - Busuu Ltd,Aug 2026,8/15/2026,8/31/2026,USD,61180 Marketing Expenses : Brand Marketing,UPWORK GLOBAL INC.,"2,461",USD,203 - Creative Marketing,60 - Busuu,Reuel Roberts,Journal,,,,False,9/1/2026,Accrual
29 - Busuu Ltd,Aug 2026,8/15/2026,8/31/2026,USD,61200 Marketing Expenses : Creative Development,UPWORK GLOBAL INC.,"1,127",USD,203 - Creative Marketing,60 - Busuu,Iryna Shcherbyna,Journal,,,,False,9/1/2026,Accrual
29 - Busuu Ltd,Aug 2026,8/15/2026,8/31/2026,USD,61260 Marketing Expenses : Marketing - Other,UPWORK GLOBAL INC.,472,USD,225 - Partnerships,60 - Busuu,Holly Grace Callis,Journal,,,,False,9/1/2026,Accrual
29 - Busuu Ltd,Aug 2026,8/15/2026,8/31/2026,USD,61260 Marketing Expenses : Marketing - Other,UPWORK GLOBAL INC.,656,USD,205 - SEO Marketing,60 - Busuu,Jeremy Beal,Journal,,,,False,9/1/2026,Accrual
29 - Busuu Ltd,Aug 2026,8/15/2026,8/31/2026,USD,61260 Marketing Expenses : Marketing - Other,UPWORK GLOBAL INC.,"1,147",USD,205 - SEO Marketing,60 - Busuu,Omar Marzouq,Journal,,,,False,9/1/2026,Accrual
29 - Busuu Ltd,Aug 2026,8/15/2026,8/31/2026,USD,61260 Marketing Expenses : Marketing - Other,UPWORK GLOBAL INC.,"1,320",USD,205 - SEO Marketing,60 - Busuu,Alberto Araujo,Journal,,,,False,9/1/2026,Accrual
29 - Busuu Ltd,Aug 2026,8/15/2026,8/31/2026,USD,61260 Marketing Expenses : Marketing - Other,UPWORK GLOBAL INC.,"3,093",USD,205 - SEO Marketing,60 - Busuu,Emily Duncan,Journal,,,,False,9/1/2026,Accrual
29 - Busuu Ltd,Aug 2026,8/15/2026,8/31/2026,USD,61260 Marketing Expenses : Marketing - Other,UPWORK GLOBAL INC.,"3,761",USD,225 - Partnerships,60 - Busuu,Chloe Sawyer,Journal,,,,False,9/1/2026,Accrual
29 - Busuu Ltd,Aug 2026,8/15/2026,8/31/2026,USD,62100 Technology Expenses : Web Hosting Expense,Vendor,"106,756",USD,530 - Supply Chain,60 - Busuu,Chegg Intercompany - AWS August 2026,Journal,,,,False,9/1/2026,
29 - Busuu Ltd,Aug 2026,8/15/2026,8/31/2026,USD,62100 Technology Expenses : Web Hosting Expense,Vendor,"110,691",USD,530 - Supply Chain,60 - Busuu,Chegg Intercompany - AWS July 2026,Journal,,,,False,9/1/2026,
29 - Busuu Ltd,Aug 2026,8/15/2026,8/31/2026,USD,62110 Technology Expenses : Software License/Renewal/Support - Electronically Delivered,Vendor,"34,795",USD,190 - IT Operations,60 - Busuu,Chegg Intercompany - Chegg IT per employee - August 2026,Journal,,,,False,9/1/2026,
29 - Busuu Ltd,Aug 2026,8/15/2026,8/31/2026,USD,62110 Technology Expenses : Software License/Renewal/Support - Electronically Delivered,Vendor,"34,795",USD,190 - IT Operations,60 - Busuu,Chegg Intercompany - Chegg IT per employee - July 2026,Journal,,,,False,9/1/2026,
29 - Busuu Ltd,Aug 2026,8/15/2026,8/31/2026,USD,65720 Outside services : Contractors,UPWORK GLOBAL INC.,"2,280",USD,205 - SEO Marketing,60 - Busuu,Sharae Wynn,Journal,,,,False,9/1/2026,
29 - Busuu Ltd,Aug 2026,8/15/2026,8/31/2026,USD,65720 Outside services : Contractors,UPWORK GLOBAL INC.,"2,768",USD,206 - Customer Relationship Marketing,60 - Busuu,Kimberly Asturias,Journal,,,,False,9/1/2026,
29 - Busuu Ltd,Aug 2026,8/15/2026,8/31/2026,USD,65720 Outside services : Contractors,UPWORK GLOBAL INC.,"3,237",USD,140 - Engineering Discovery,60 - Busuu,Stephanos Gosling,Journal,,,,False,9/1/2026,
29 - Busuu Ltd,Aug 2026,8/15/2026,8/31/2026,USD,65790 Outside services : Other Outside Services,UPWORK GLOBAL INC.,147,USD,385 - Content Development,60 - Busuu,Lindsay Jones,Journal,,,,False,9/1/2026,
29 - Busuu Ltd,Aug 2026,8/15/2026,8/31/2026,USD,65790 Outside services : Other Outside Services,UPWORK GLOBAL INC.,460,USD,385 - Content Development,60 - Busuu,Emma Brown,Journal,,,,False,9/1/2026,
29 - Busuu Ltd,Aug 2026,8/15/2026,8/31/2026,USD,65790 Outside services : Other Outside Services,UPWORK GLOBAL INC.,996,USD,385 - Content Development,60 - Busuu,Maja Ensslin,Journal,,,,False,9/1/2026,
29 - Busuu Ltd,Aug 2026,8/15/2026,8/31/2026,USD,65790 Outside services : Other Outside Services,UPWORK GLOBAL INC.,"2,044",USD,385 - Content Development,60 - Busuu,Ozgur Kalender,Journal,,,,False,9/1/2026,
29 - Busuu Ltd,Aug 2026,8/15/2026,8/31/2026,USD,65790 Outside services : Other Outside Services,UPWORK GLOBAL INC.,"2,952",USD,385 - Content Development,60 - Busuu,Rachael Nobbs,Journal,,,,False,9/1/2026,
29 - Busuu Ltd,Aug 2026,8/15/2026,8/31/2026,USD,65790 Outside services : Other Outside Services,UPWORK GLOBAL INC.,"3,407",USD,385 - Content Development,60 - Busuu,Julia  Borda,Journal,,,,False,9/1/2026,
3 - Chegg India Pv. Lt.,Aug 2026,8/15/2026,5/25/2026,INR,65190 Professional fees : Other Consulting Fee,KPMG,432,USD,321 - Accounting,00 - Corporate,,Bill,,,,False,,
3 - Chegg India Pv. Lt.,Aug 2026,8/15/2026,6/26/2026,INR,65190 Professional fees : Other Consulting Fee,KPMG,432,USD,321 - Accounting,00 - Corporate,,Bill,,,,False,,
3 - Chegg India Pv. Lt.,Aug 2026,8/15/2026,7/10/2026,INR,65230 Legal fees : Legal - Corporate,Jagdish Singh Bisht,173,USD,350 - Workplace Services,00 - Corporate,,Bill,,,,False,,
3 - Chegg India Pv. Lt.,Aug 2026,8/15/2026,7/13/2026,INR,63220 Facility Expenses : Other Facility Expense,Colliers international india property sevices pvt ltd,"75,921",USD,350 - Workplace Services,00 - Corporate,,Bill,,,,False,,
3 - Chegg India Pv. Lt.,Aug 2026,8/15/2026,7/15/2026,INR,60590 Recruitment Expenses : Other Recruiting Cost,Ongrid,207,USD,342 - Talent Acquisition,00 - Corporate,,Bill,,,,False,,
3 - Chegg India Pv. Lt.,Aug 2026,8/15/2026,7/20/2026,INR,66200 Office Expenses : Office Supplies,Sunrise Pest Management,126,USD,350 - Workplace Services,00 - Corporate,,Bill,,,,False,,
3 - Chegg India Pv. Lt.,Aug 2026,8/15/2026,7/21/2026,INR,60590 Recruitment Expenses : Other Recruiting Cost,Michael Page,943,USD,342 - Talent Acquisition,00 - Corporate,,Bill,,,,False,,
3 - Chegg India Pv. Lt.,Aug 2026,8/15/2026,7/22/2026,INR,65720 Outside services : Contractors,Shipika Arora,"1,834",USD,380 - Content Operations,46 - Content Services,,Bill,,,,False,,
3 - Chegg India Pv. Lt.,Aug 2026,8/15/2026,7/23/2026,INR,63180 Facility Expenses : Equipment Repairs & Maintenance,SCAPE AIR SYSTEMS,"1,422",USD,350 - Workplace Services,00 - Corporate,,Bill,,,,False,,
3 - Chegg India Pv. Lt.,Aug 2026,8/15/2026,7/23/2026,INR,65190 Professional fees : Other Consulting Fee,KPMG,432,USD,321 - Accounting,00 - Corporate,,Bill,,,,False,,
3 - Chegg India Pv. Lt.,Aug 2026,8/15/2026,7/24/2026,INR,63210 Facility Expenses : Security Service Charge,HINDUSTAN INVESTIGATION & SECURITY SERVICES,736,USD,350 - Workplace Services,00 - Corporate,,Bill,,,,False,,
3 - Chegg India Pv. Lt.,Aug 2026,8/15/2026,7/24/2026,INR,65720 Outside services : Contractors,NAKS DIGITAL CONSULTING PVT. LTD.,996,USD,130 - Platform - Marketing Technology,20 - Learning Services,,Bill,,,,False,,
3 - Chegg India Pv. Lt.,Aug 2026,8/15/2026,7/25/2026,INR,65720 Outside services : Contractors,HyreFox Consultants Pvt. Ltd.,"3,552",USD,130 - Platform - Marketing Technology,20 - Learning Services,,Bill,,,,False,,
3 - Chegg India Pv. Lt.,Aug 2026,8/15/2026,7/25/2026,INR,66200 Office Expenses : Office Supplies,LOTS WHOLESALE SOLUTIONS,-199,USD,350 - Workplace Services,00 - Corporate,,Bill Credit,,,,False,,
3 - Chegg India Pv. Lt.,Aug 2026,8/15/2026,7/25/2026,INR,66200 Office Expenses : Office Supplies,LOTS WHOLESALE SOLUTIONS,1,USD,350 - Workplace Services,00 - Corporate,,Bill,,,,False,,
3 - Chegg India Pv. Lt.,Aug 2026,8/15/2026,7/25/2026,INR,66200 Office Expenses : Office Supplies,LOTS WHOLESALE SOLUTIONS,2,USD,350 - Workplace Services,00 - Corporate,,Bill,,,,False,,
3 - Chegg India Pv. Lt.,Aug 2026,8/15/2026,7/25/2026,INR,66200 Office Expenses : Office Supplies,LOTS WHOLESALE SOLUTIONS,4,USD,350 - Workplace Services,00 - Corporate,,Bill,,,,False,,
3 - Chegg India Pv. Lt.,Aug 2026,8/15/2026,7/25/2026,INR,66200 Office Expenses : Office Supplies,LOTS WHOLESALE SOLUTIONS,5,USD,350 - Workplace Services,00 - Corporate,,Bill,,,,False,,
3 - Chegg India Pv. Lt.,Aug 2026,8/15/2026,7/25/2026,INR,66200 Office Expenses : Office Supplies,LOTS WHOLESALE SOLUTIONS,5,USD,350 - Workplace Services,00 - Corporate,,Bill,,,,False,,
3 - Chegg India Pv. Lt.,Aug 2026,8/15/2026,7/25/2026,INR,66200 Office Expenses : Office Supplies,LOTS WHOLESALE SOLUTIONS,8,USD,350 - Workplace Services,00 - Corporate,,Bill,,,,False,,
3 - Chegg India Pv. Lt.,Aug 2026,8/15/2026,7/25/2026,INR,66200 Office Expenses : Office Supplies,LOTS WHOLESALE SOLUTIONS,14,USD,350 - Workplace Services,00 - Corporate,,Bill,,,,False,,
3 - Chegg India Pv. Lt.,Aug 2026,8/15/2026,7/25/2026,INR,66200 Office Expenses : Office Supplies,LOTS WHOLESALE SOLUTIONS,26,USD,350 - Workplace Services,00 - Corporate,,Bill,,,,False,,
3 - Chegg India Pv. Lt.,Aug 2026,8/15/2026,7/25/2026,INR,66200 Office Expenses : Office Supplies,LOTS WHOLESALE SOLUTIONS,26,USD,350 - Workplace Services,00 - Corporate,,Bill,,,,False,,
3 - Chegg India Pv. Lt.,Aug 2026,8/15/2026,7/25/2026,INR,66200 Office Expenses : Office Supplies,LOTS WHOLESALE SOLUTIONS,28,USD,350 - Workplace Services,00 - Corporate,,Bill,,,,False,,
3 - Chegg India Pv. Lt.,Aug 2026,8/15/2026,7/25/2026,INR,66200 Office Expenses : Office Supplies,LOTS WHOLESALE SOLUTIONS,29,USD,350 - Workplace Services,00 - Corporate,,Bill,,,,False,,
3 - Chegg India Pv. Lt.,Aug 2026,8/15/2026,7/25/2026,INR,66200 Office Expenses : Office Supplies,LOTS WHOLESALE SOLUTIONS,49,USD,350 - Workplace Services,00 - Corporate,,Bill,,,,False,,
3 - Chegg India Pv. Lt.,Aug 2026,8/15/2026,7/25/2026,INR,66300 Office Expenses : Food Services,Sai Enterprises,0,USD,350 - Workplace Services,00 - Corporate,Expense Out - Expense Account,Bill,,,,False,,
3 - Chegg India Pv. Lt.,Aug 2026,8/15/2026,7/25/2026,INR,66300 Office Expenses : Food Services,Sai Enterprises,1,USD,350 - Workplace Services,00 - Corporate,Expense Out - Expense Account,Bill,,,,False,,
3 - Chegg India Pv. Lt.,Aug 2026,8/15/2026,7/25/2026,INR,66300 Office Expenses : Food Services,Sai Enterprises,6,USD,350 - Workplace Services,00 - Corporate,Expense Out - Expense Account,Bill,,,,False,,
3 - Chegg India Pv. Lt.,Aug 2026,8/15/2026,7/25/2026,INR,66300 Office Expenses : Food Services,Sai Enterprises,7,USD,350 - Workplace Services,00 - Corporate,,Bill,,,,False,,
3 - Chegg India Pv. Lt.,Aug 2026,8/15/2026,7/25/2026,INR,66300 Office Expenses : Food Services,Sai Enterprises,16,USD,350 - Workplace Services,00 - Corporate,,Bill,,,,False,,
3 - Chegg India Pv. Lt.,Aug 2026,8/15/2026,7/25/2026,INR,66300 Office Expenses : Food Services,Sai Enterprises,126,USD,350 - Workplace Services,00 - Corporate,,Bill,,,,False,,
3 - Chegg India Pv. Lt.,Aug 2026,8/15/2026,7/26/2026,INR,66200 Office Expenses : Office Supplies,LOTS WHOLESALE SOLUTIONS,-60,USD,350 - Workplace Services,00 - Corporate,,Bill Credit,,,,False,,
3 - Chegg India Pv. Lt.,Aug 2026,8/15/2026,7/26/2026,INR,66200 Office Expenses : Office Supplies,LOTS WHOLESALE SOLUTIONS,3,USD,350 - Workplace Services,00 - Corporate,,Bill,,,,False,,
3 - Chegg India Pv. Lt.,Aug 2026,8/15/2026,7/26/2026,INR,66200 Office Expenses : Office Supplies,LOTS WHOLESALE SOLUTIONS,17,USD,350 - Workplace Services,00 - Corporate,,Bill,,,,False,,
3 - Chegg India Pv. Lt.,Aug 2026,8/15/2026,7/26/2026,INR,66200 Office Expenses : Office Supplies,LOTS WHOLESALE SOLUTIONS,18,USD,350 - Workplace Services,00 - Corporate,,Bill,,,,False,,
3 - Chegg India Pv. Lt.,Aug 2026,8/15/2026,7/26/2026,INR,66200 Office Expenses : Office Supplies,LOTS WHOLESALE SOLUTIONS,25,USD,350 - Workplace Services,00 - Corporate,,Bill,,,,False,,
3 - Chegg India Pv. Lt.,Aug 2026,8/15/2026,7/27/2026,INR,65720 Outside services : Contractors,Sai Kumar Tejavath,"2,358",USD,131 - Platform - Data Engineering,20 - Learning Services,,Bill,,,,False,,
3 - Chegg India Pv. Lt.,Aug 2026,8/15/2026,7/27/2026,INR,66300 Office Expenses : Food Services,LOTS WHOLESALE SOLUTIONS,1,USD,350 - Workplace Services,00 - Corporate,Expense Out - Expense Account,Bill,,,,False,,
3 - Chegg India Pv. Lt.,Aug 2026,8/15/2026,7/27/2026,INR,66300 Office Expenses : Food Services,LOTS WHOLESALE SOLUTIONS,1,USD,350 - Workplace Services,00 - Corporate,Expense Out - Expense Account,Bill,,,,False,,
3 - Chegg India Pv. Lt.,Aug 2026,8/15/2026,7/27/2026,INR,66300 Office Expenses : Food Services,LOTS WHOLESALE SOLUTIONS,1,USD,350 - Workplace Services,00 - Corporate,Expense Out - Expense Account,Bill,,,,False,,
3 - Chegg India Pv. Lt.,Aug 2026,8/15/2026,7/27/2026,INR,66300 Office Expenses : Food Services,LOTS WHOLESALE SOLUTIONS,1,USD,350 - Workplace Services,00 - Corporate,Expense Out - Expense Account,Bill,,,,False,,
3 - Chegg India Pv. Lt.,Aug 2026,8/15/2026,7/27/2026,INR,66300 Office Expenses : Food Services,LOTS WHOLESALE SOLUTIONS,1,USD,350 - Workplace Services,00 - Corporate,Expense Out - Expense Account,Bill,,,,False,,
3 - Chegg India Pv. Lt.,Aug 2026,8/15/2026,7/27/2026,INR,66300 Office Expenses : Food Services,LOTS WHOLESALE SOLUTIONS,2,USD,350 - Workplace Services,00 - Corporate,Expense Out - Expense Account,Bill,,,,False,,
3 - Chegg India Pv. Lt.,Aug 2026,8/15/2026,7/27/2026,INR,66300 Office Expenses : Food Services,LOTS WHOLESALE SOLUTIONS,12,USD,350 - Workplace Services,00 - Corporate,,Bill,,,,False,,
3 - Chegg India Pv. Lt.,Aug 2026,8/15/2026,7/27/2026,INR,66300 Office Expenses : Food Services,LOTS WHOLESALE SOLUTIONS,12,USD,350 - Workplace Services,00 - Corporate,,Bill,,,,False,,
3 - Chegg India Pv. Lt.,Aug 2026,8/15/2026,7/27/2026,INR,66300 Office Expenses : Food Services,LOTS WHOLESALE SOLUTIONS,13,USD,350 - Workplace Services,00 - Corporate,,Bill,,,,False,,
3 - Chegg India Pv. Lt.,Aug 2026,8/15/2026,7/27/2026,INR,66300 Office Expenses : Food Services,LOTS WHOLESALE SOLUTIONS,21,USD,350 - Workplace Services,00 - Corporate,,Bill,,,,False,,
3 - Chegg India Pv. Lt.,Aug 2026,8/15/2026,7/27/2026,INR,66300 Office Expenses : Food Services,LOTS WHOLESALE SOLUTIONS,23,USD,350 - Workplace Services,00 - Corporate,,Bill,,,,False,,
3 - Chegg India Pv. Lt.,Aug 2026,8/15/2026,7/27/2026,INR,66300 Office Expenses : Food Services,LOTS WHOLESALE SOLUTIONS,42,USD,350 - Workplace Services,00 - Corporate,,Bill,,,,False,,
3 - Chegg India Pv. Lt.,Aug 2026,8/15/2026,7/27/2026,INR,66300 Office Expenses : Food Services,LOTS WHOLESALE SOLUTIONS,49,USD,350 - Workplace Services,00 - Corporate,Expense Out - Expense Account,Bill,,,,False,,
3 - Chegg India Pv. Lt.,Aug 2026,8/15/2026,7/27/2026,INR,66300 Office Expenses : Food Services,LOTS WHOLESALE SOLUTIONS,123,USD,350 - Workplace Services,00 - Corporate,,Bill,,,,False,,
3 - Chegg India Pv. Lt.,Aug 2026,8/15/2026,7/28/2026,INR,62150 Technology Expenses : Other Technology Expense,Abroll Consulting And Technology LLP,"1,484",USD,380 - Content Operations,46 - Content Services,,Bill,,,,False,,
3 - Chegg India Pv. Lt.,Aug 2026,8/15/2026,7/28/2026,INR,66300 Office Expenses : Food Services,LOTS WHOLESALE SOLUTIONS,1,USD,350 - Workplace Services,00 - Corporate,Expense Out - Expense Account,Bill,,,,False,,
3 - Chegg India Pv. Lt.,Aug 2026,8/15/2026,7/28/2026,INR,66300 Office Expenses : Food Services,LOTS WHOLESALE SOLUTIONS,1,USD,350 - Workplace Services,00 - Corporate,Expense Out - Expense Account,Bill,,,,False,,
3 - Chegg India Pv. Lt.,Aug 2026,8/15/2026,7/28/2026,INR,66300 Office Expenses : Food Services,LOTS WHOLESALE SOLUTIONS,1,USD,350 - Workplace Services,00 - Corporate,Expense Out - Expense Account,Bill,,,,False,,
3 - Chegg India Pv. Lt.,Aug 2026,8/15/2026,7/28/2026,INR,66300 Office Expenses : Food Services,LOTS WHOLESALE SOLUTIONS,2,USD,350 - Workplace Services,00 - Corporate,Expense Out - Expense Account,Bill,,,,False,,
3 - Chegg India Pv. Lt.,Aug 2026,8/15/2026,7/28/2026,INR,66300 Office Expenses : Food Services,LOTS WHOLESALE SOLUTIONS,2,USD,350 - Workplace Services,00 - Corporate,Expense Out - Expense Account,Bill,,,,False,,
3 - Chegg India Pv. Lt.,Aug 2026,8/15/2026,7/28/2026,INR,66300 Office Expenses : Food Services,LOTS WHOLESALE SOLUTIONS,2,USD,350 - Workplace Services,00 - Corporate,,Bill,,,,False,,
3 - Chegg India Pv. Lt.,Aug 2026,8/15/2026,7/28/2026,INR,66300 Office Expenses : Food Services,LOTS WHOLESALE SOLUTIONS,10,USD,350 - Workplace Services,00 - Corporate,,Bill,,,,False,,
3 - Chegg India Pv. Lt.,Aug 2026,8/15/2026,7/28/2026,INR,66300 Office Expenses : Food Services,LOTS WHOLESALE SOLUTIONS,16,USD,350 - Workplace Services,00 - Corporate,,Bill,,,,False,,
3 - Chegg India Pv. Lt.,Aug 2026,8/15/2026,7/28/2026,INR,66300 Office Expenses : Food Services,LOTS WHOLESALE SOLUTIONS,22,USD,350 - Workplace Services,00 - Corporate,,Bill,,,,False,,
3 - Chegg India Pv. Lt.,Aug 2026,8/15/2026,7/28/2026,INR,66300 Office Expenses : Food Services,LOTS WHOLESALE SOLUTIONS,33,USD,350 - Workplace Services,00 - Corporate,,Bill,,,,False,,
3 - Chegg India Pv. Lt.,Aug 2026,8/15/2026,7/28/2026,INR,66300 Office Expenses : Food Services,LOTS WHOLESALE SOLUTIONS,44,USD,350 - Workplace Services,00 - Corporate,,Bill,,,,False,,
3 - Chegg India Pv. Lt.,Aug 2026,8/15/2026,7/29/2026,INR,65190 Professional fees : Other Consulting Fee,SNVA & Company,472,USD,321 - Accounting,00 - Corporate,,Bill,,,,False,,
3 - Chegg India Pv. Lt.,Aug 2026,8/15/2026,7/30/2026,INR,63180 Facility Expenses : Equipment Repairs & Maintenance,Swajal Water Private Limited,31,USD,350 - Workplace Services,00 - Corporate,,Bill,,,,False,,
3 - Chegg India Pv. Lt.,Aug 2026,8/15/2026,7/30/2026,INR,65230 Legal fees : Legal - Corporate,Hammurabi And Solomon Partners,446,USD,331 - Legal,00 - Corporate,,Bill,,,,False,,
3 - Chegg India Pv. Lt.,Aug 2026,8/15/2026,7/30/2026,INR,65230 Legal fees : Legal - Corporate,Hammurabi And Solomon Partners,446,USD,331 - Legal,00 - Corporate,,Bill,,,,False,,
3 - Chegg India Pv. Lt.,Aug 2026,8/15/2026,7/30/2026,INR,65230 Legal fees : Legal - Corporate,Hammurabi And Solomon Partners,"3,930",USD,331 - Legal,00 - Corporate,,Bill,,,,False,,
3 - Chegg India Pv. Lt.,Aug 2026,8/15/2026,7/30/2026,INR,65230 Legal fees : Legal - Corporate,Hammurabi And Solomon Partners,"3,930",USD,331 - Legal,00 - Corporate,,Bill,,,,False,,
3 - Chegg India Pv. Lt.,Aug 2026,8/15/2026,7/31/2026,INR,65190 Professional fees : Other Consulting Fee,Yesvee Management Consulting Pvt Ltd,314,USD,321 - Accounting,00 - Corporate,,Bill,,,,False,,
3 - Chegg India Pv. Lt.,Aug 2026,8/15/2026,7/31/2026,INR,65230 Legal fees : Legal - Corporate,Abhinay Kumar&Associates,21,USD,331 - Legal,00 - Corporate,,Bill,,,,False,,
3 - Chegg India Pv. Lt.,Aug 2026,8/15/2026,7/31/2026,INR,65230 Legal fees : Legal - Corporate,Abhinay Kumar&Associates,524,USD,331 - Legal,00 - Corporate,,Bill,,,,False,,
3 - Chegg India Pv. Lt.,Aug 2026,8/15/2026,7/31/2026,INR,65720 Outside services : Contractors,NAGARRO ENTERPRISE SERVICES PVT LTD,429,USD,141 - Engineering Engagement,20 - Learning Services,,Bill,,,,False,,
3 - Chegg India Pv. Lt.,Aug 2026,8/15/2026,7/31/2026,INR,65720 Outside services : Contractors,NAGARRO ENTERPRISE SERVICES PVT LTD,563,USD,137 - Platform - Content Engineering,20 - Learning Services,,Bill,,,,False,,
3 - Chegg India Pv. Lt.,Aug 2026,8/15/2026,7/31/2026,INR,65720 Outside services : Contractors,NAGARRO ENTERPRISE SERVICES PVT LTD,603,USD,137 - Platform - Content Engineering,20 - Learning Services,,Bill,,,,False,,
3 - Chegg India Pv. Lt.,Aug 2026,8/15/2026,7/31/2026,INR,65720 Outside services : Contractors,NAGARRO ENTERPRISE SERVICES PVT LTD,603,USD,141 - Engineering Engagement,20 - Learning Services,,Bill,,,,False,,
3 - Chegg India Pv. Lt.,Aug 2026,8/15/2026,7/31/2026,INR,65720 Outside services : Contractors,NAGARRO ENTERPRISE SERVICES PVT LTD,603,USD,141 - Engineering Engagement,20 - Learning Services,,Bill,,,,False,,
3 - Chegg India Pv. Lt.,Aug 2026,8/15/2026,7/31/2026,INR,65720 Outside services : Contractors,NAGARRO ENTERPRISE SERVICES PVT LTD,603,USD,141 - Engineering Engagement,20 - Learning Services,,Bill,,,,False,,
3 - Chegg India Pv. Lt.,Aug 2026,8/15/2026,7/31/2026,INR,65720 Outside services : Contractors,NAGARRO ENTERPRISE SERVICES PVT LTD,643,USD,141 - Engineering Engagement,20 - Learning Services,,Bill,,,,False,,
3 - Chegg India Pv. Lt.,Aug 2026,8/15/2026,7/31/2026,INR,65720 Outside services : Contractors,NAGARRO ENTERPRISE SERVICES PVT LTD,643,USD,141 - Engineering Engagement,20 - Learning Services,,Bill,,,,False,,
3 - Chegg India Pv. Lt.,Aug 2026,8/15/2026,7/31/2026,INR,65720 Outside services : Contractors,NAGARRO ENTERPRISE SERVICES PVT LTD,643,USD,141 - Engineering Engagement,20 - Learning Services,,Bill,,,,False,,
3 - Chegg India Pv. Lt.,Aug 2026,8/15/2026,7/31/2026,INR,65720 Outside services : Contractors,NAGARRO ENTERPRISE SERVICES PVT LTD,643,USD,141 - Engineering Engagement,20 - Learning Services,,Bill,,,,False,,
3 - Chegg India Pv. Lt.,Aug 2026,8/15/2026,7/31/2026,INR,65720 Outside services : Contractors,NAGARRO ENTERPRISE SERVICES PVT LTD,643,USD,141 - Engineering Engagement,20 - Learning Services,,Bill,,,,False,,
3 - Chegg India Pv. Lt.,Aug 2026,8/15/2026,7/31/2026,INR,65720 Outside services : Contractors,NAGARRO ENTERPRISE SERVICES PVT LTD,643,USD,141 - Engineering Engagement,20 - Learning Services,,Bill,,,,False,,
3 - Chegg India Pv. Lt.,Aug 2026,8/15/2026,7/31/2026,INR,65720 Outside services : Contractors,NAGARRO ENTERPRISE SERVICES PVT LTD,643,USD,141 - Engineering Engagement,20 - Learning Services,,Bill,,,,False,,
3 - Chegg India Pv. Lt.,Aug 2026,8/15/2026,7/31/2026,INR,65720 Outside services : Contractors,NAGARRO ENTERPRISE SERVICES PVT LTD,764,USD,141 - Engineering Engagement,20 - Learning Services,,Bill,,,,False,,
3 - Chegg India Pv. Lt.,Aug 2026,8/15/2026,7/31/2026,INR,65720 Outside services : Contractors,NAGARRO ENTERPRISE SERVICES PVT LTD,764,USD,141 - Engineering Engagement,20 - Learning Services,,Bill,,,,False,,
3 - Chegg India Pv. Lt.,Aug 2026,8/15/2026,7/31/2026,INR,65720 Outside services : Contractors,NAGARRO ENTERPRISE SERVICES PVT LTD,764,USD,141 - Engineering Engagement,20 - Learning Services,,Bill,,,,False,,
3 - Chegg India Pv. Lt.,Aug 2026,8/15/2026,7/31/2026,INR,65720 Outside services : Contractors,NAGARRO ENTERPRISE SERVICES PVT LTD,"1,310",USD,137 - Platform - Content Engineering,20 - Learning Services,,Bill,,,,False,,
3 - Chegg India Pv. Lt.,Aug 2026,8/15/2026,7/31/2026,INR,65720 Outside services : Contractors,NAGARRO ENTERPRISE SERVICES PVT LTD,"1,310",USD,141 - Engineering Engagement,20 - Learning Services,,Bill,,,,False,,
3 - Chegg India Pv. Lt.,Aug 2026,8/15/2026,7/31/2026,INR,65720 Outside services : Contractors,NAGARRO ENTERPRISE SERVICES PVT LTD,"1,310",USD,141 - Engineering Engagement,20 - Learning Services,,Bill,,,,False,,
3 - Chegg India Pv. Lt.,Aug 2026,8/15/2026,7/31/2026,INR,65720 Outside services : Contractors,NAGARRO ENTERPRISE SERVICES PVT LTD,"2,143",USD,141 - Engineering Engagement,20 - Learning Services,,Bill,,,,False,,
3 - Chegg India Pv. Lt.,Aug 2026,8/15/2026,7/31/2026,INR,65720 Outside services : Contractors,NAGARRO ENTERPRISE SERVICES PVT LTD,"3,376",USD,137 - Platform - Content Engineering,20 - Learning Services,,Bill,,,,False,,
3 - Chegg India Pv. Lt.,Aug 2026,8/15/2026,7/31/2026,INR,65720 Outside services : Contractors,NAGARRO ENTERPRISE SERVICES PVT LTD,"3,617",USD,141 - Engineering Engagement,20 - Learning Services,,Bill,,,,False,,
3 - Chegg India Pv. Lt.,Aug 2026,8/15/2026,7/31/2026,INR,65720 Outside services : Contractors,NAGARRO ENTERPRISE SERVICES PVT LTD,"3,617",USD,141 - Engineering Engagement,20 - Learning Services,,Bill,,,,False,,
3 - Chegg India Pv. Lt.,Aug 2026,8/15/2026,7/31/2026,INR,65720 Outside services : Contractors,NAGARRO ENTERPRISE SERVICES PVT LTD,"3,617",USD,141 - Engineering Engagement,20 - Learning Services,,Bill,,,,False,,
3 - Chegg India Pv. Lt.,Aug 2026,8/15/2026,7/31/2026,INR,65720 Outside services : Contractors,NAGARRO ENTERPRISE SERVICES PVT LTD,"3,643",USD,141 - Engineering Engagement,20 - Learning Services,,Bill,,,,False,,
3 - Chegg India Pv. Lt.,Aug 2026,8/15/2026,7/31/2026,INR,65720 Outside services : Contractors,NAGARRO ENTERPRISE SERVICES PVT LTD,"3,643",USD,141 - Engineering Engagement,20 - Learning Services,,Bill,,,,False,,
3 - Chegg India Pv. Lt.,Aug 2026,8/15/2026,7/31/2026,INR,65720 Outside services : Contractors,NAGARRO ENTERPRISE SERVICES PVT LTD,"3,643",USD,141 - Engineering Engagement,20 - Learning Services,,Bill,,,,False,,
3 - Chegg India Pv. Lt.,Aug 2026,8/15/2026,7/31/2026,INR,65720 Outside services : Contractors,NAGARRO ENTERPRISE SERVICES PVT LTD,"3,643",USD,141 - Engineering Engagement,20 - Learning Services,,Bill,,,,False,,
3 - Chegg India Pv. Lt.,Aug 2026,8/15/2026,7/31/2026,INR,65720 Outside services : Contractors,NAGARRO ENTERPRISE SERVICES PVT LTD,"3,818",USD,141 - Engineering Engagement,20 - Learning Services,,Bill,,,,False,,
3 - Chegg India Pv. Lt.,Aug 2026,8/15/2026,7/31/2026,INR,65720 Outside services : Contractors,NAGARRO ENTERPRISE SERVICES PVT LTD,"3,818",USD,137 - Platform - Content Engineering,20 - Learning Services,,Bill,,,,False,,
3 - Chegg India Pv. Lt.,Aug 2026,8/15/2026,7/31/2026,INR,65720 Outside services : Contractors,NAGARRO ENTERPRISE SERVICES PVT LTD,"3,857",USD,141 - Engineering Engagement,20 - Learning Services,,Bill,,,,False,,
3 - Chegg India Pv. Lt.,Aug 2026,8/15/2026,7/31/2026,INR,65720 Outside services : Contractors,NAGARRO ENTERPRISE SERVICES PVT LTD,"3,857",USD,141 - Engineering Engagement,20 - Learning Services,,Bill,,,,False,,
3 - Chegg India Pv. Lt.,Aug 2026,8/15/2026,7/31/2026,INR,65720 Outside services : Contractors,NAGARRO ENTERPRISE SERVICES PVT LTD,"3,857",USD,141 - Engineering Engagement,20 - Learning Services,,Bill,,,,False,,
3 - Chegg India Pv. Lt.,Aug 2026,8/15/2026,7/31/2026,INR,65720 Outside services : Contractors,NAGARRO ENTERPRISE SERVICES PVT LTD,"3,857",USD,141 - Engineering Engagement,20 - Learning Services,,Bill,,,,False,,
3 - Chegg India Pv. Lt.,Aug 2026,8/15/2026,7/31/2026,INR,65720 Outside services : Contractors,NAGARRO ENTERPRISE SERVICES PVT LTD,"4,327",USD,141 - Engineering Engagement,20 - Learning Services,,Bill,,,,False,,
3 - Chegg India Pv. Lt.,Aug 2026,8/15/2026,7/31/2026,INR,65720 Outside services : Contractors,NAGARRO ENTERPRISE SERVICES PVT LTD,"4,582",USD,141 - Engineering Engagement,20 - Learning Services,,Bill,,,,False,,
3 - Chegg India Pv. Lt.,Aug 2026,8/15/2026,7/31/2026,INR,65720 Outside services : Contractors,NAGARRO ENTERPRISE SERVICES PVT LTD,"29,502",USD,190 - IT Operations,00 - Corporate,,Bill,,,,False,,
3 - Chegg India Pv. Lt.,Aug 2026,8/15/2026,7/31/2026,INR,65720 Outside services : Contractors,Shivani G,"3,248",USD,103 - Product - Monetization,20 - Learning Services,,Bill,,,,False,,
3 - Chegg India Pv. Lt.,Aug 2026,8/15/2026,7/31/2026,INR,66150 Office Expenses : Printing and Stationery,EKAPAD SOLUTIONSPRIVATELIMITED,41,USD,350 - Workplace Services,00 - Corporate,,Bill,,,,False,,
3 - Chegg India Pv. Lt.,Aug 2026,8/15/2026,7/31/2026,INR,66300 Office Expenses : Food Services,DALGREEN FOODSPRIVATELIMITED,2,USD,350 - Workplace Services,00 - Corporate,Expense Out - Expense Account,Bill,,,,False,,
3 - Chegg India Pv. Lt.,Aug 2026,8/15/2026,7/31/2026,INR,66300 Office Expenses : Food Services,DALGREEN FOODSPRIVATELIMITED,46,USD,350 - Workplace Services,00 - Corporate,,Bill,,,,False,,
3 - Chegg India Pv. Lt.,Aug 2026,8/15/2026,7/31/2026,INR,66300 Office Expenses : Food Services,Sodexo SVC India Private Limited,2,USD,341 - HR Operations,00 - Corporate,Expense Out - Expense Account,Bill,,,,False,,
3 - Chegg India Pv. Lt.,Aug 2026,8/15/2026,7/31/2026,INR,66300 Office Expenses : Food Services,Sodexo SVC India Private Limited,13,USD,341 - HR Operations,00 - Corporate,,Bill,,,,False,,
3 - Chegg India Pv. Lt.,Aug 2026,8/15/2026,7/31/2026,INR,66300 Office Expenses : Food Services,Sodexo SVC India Private Limited,"4,391",USD,341 - HR Operations,00 - Corporate,,Bill,,,,False,,
3 - Chegg India Pv. Lt.,Aug 2026,8/15/2026,8/1/2026,INR,60510 Recruitment Expenses : Recruiting Advertisement,Naukri.com,"-1,249",USD,342 - Talent Acquisition,00 - Corporate,Accrual for Advance payment for the 100 job postings as a Annual Plan in June 2026_Reaccrued in July 2026,Journal,,,,False,,
3 - Chegg India Pv. Lt.,Aug 2026,8/15/2026,8/1/2026,INR,60590 Recruitment Expenses : Other Recruiting Cost,Michael Page,-943,USD,342 - Talent Acquisition,00 - Corporate,Accrual for consultancy services in June 2026_Reaccrued in July 2026,Journal,,,,False,,
3 - Chegg India Pv. Lt.,Aug 2026,8/15/2026,8/1/2026,INR,63120 Facility Expenses : Internet Expense,Airtel,-125,USD,190 - IT Operations,00 - Corporate,Accrual for Communication Charges of Mobiles and Landline in July 2026,Journal,,,,False,,
3 - Chegg India Pv. Lt.,Aug 2026,8/15/2026,8/1/2026,INR,63120 Facility Expenses : Internet Expense,TATA Teleservices Ltd,"-5,240",USD,350 - Workplace Services,00 - Corporate,Amortization of tata tele against invoice no-3473567620_Aug 2026,Journal,,,,False,,
3 - Chegg India Pv. Lt.,Aug 2026,8/15/2026,8/1/2026,INR,63140 Facility Expenses : Utilities,Baani Technology Services Private Limited,"-3,144",USD,350 - Workplace Services,00 - Corporate,Accrual for Electricity charges for July 2026,Journal,,,,False,,
3 - Chegg India Pv. Lt.,Aug 2026,8/15/2026,8/1/2026,INR,63150 Facility Expenses : Rent Expense,ADITYA INFRADEVELOPERS PRIVATE LIMITED,781,USD,350 - Workplace Services,00 - Corporate,,Bill,,,,False,,
3 - Chegg India Pv. Lt.,Aug 2026,8/15/2026,8/1/2026,INR,63150 Facility Expenses : Rent Expense,ADITYA INFRADEVELOPERS PRIVATE LIMITED,"1,331",USD,350 - Workplace Services,00 - Corporate,,Bill,,,,False,,
3 - Chegg India Pv. Lt.,Aug 2026,8/15/2026,8/1/2026,INR,63150 Facility Expenses : Rent Expense,ADITYA INFRADEVELOPERS PRIVATE LIMITED,"3,411",USD,350 - Workplace Services,00 - Corporate,,Bill,,,,False,,
3 - Chegg India Pv. Lt.,Aug 2026,8/15/2026,8/1/2026,INR,63150 Facility Expenses : Rent Expense,ADITYA INFRADEVELOPERS PRIVATE LIMITED,"14,794",USD,350 - Workplace Services,00 - Corporate,,Bill,,,,False,,
3 - Chegg India Pv. Lt.,Aug 2026,8/15/2026,8/1/2026,INR,63150 Facility Expenses : Rent Expense,ADITYA INFRADEVELOPERS PRIVATE LIMITED,"17,719",USD,350 - Workplace Services,00 - Corporate,,Bill,,,,False,,
3 - Chegg India Pv. Lt.,Aug 2026,8/15/2026,8/1/2026,INR,63150 Facility Expenses : Rent Expense,ADITYA INFRADEVELOPERS PRIVATE LIMITED,"24,472",USD,350 - Workplace Services,00 - Corporate,,Bill,,,,False,,
3 - Chegg India Pv. Lt.,Aug 2026,8/15/2026,8/1/2026,INR,63150 Facility Expenses : Rent Expense,ADITYA INFRADEVELOPERS PRIVATE LIMITED,"31,432",USD,350 - Workplace Services,00 - Corporate,,Bill,,,,False,,
3 - Chegg India Pv. Lt.,Aug 2026,8/15/2026,8/1/2026,INR,63150 Facility Expenses : Rent Expense,ADITYA INFRADEVELOPERS PRIVATE LIMITED,"33,006",USD,350 - Workplace Services,00 - Corporate,,Bill,,,,False,,
3 - Chegg India Pv. Lt.,Aug 2026,8/15/2026,8/1/2026,INR,63150 Facility Expenses : Rent Expense,Orange Business Centre,115,USD,350 - Workplace Services,00 - Corporate,,Bill,,,,False,,
3 - Chegg India Pv. Lt.,Aug 2026,8/15/2026,8/1/2026,INR,63155 Facility Expenses : Sublease income (Contra),St Jude Medical India Pvt Ltd,-52,USD,350 - Workplace Services,00 - Corporate,Rent of one parking for the month Aug 2026 (Invoice Number-CIPLDELMIS262714),Journal,,,,False,,
3 - Chegg India Pv. Lt.,Aug 2026,8/15/2026,8/1/2026,INR,63155 Facility Expenses : Sublease income (Contra),VOLTAS LIMITED,"-23,564",USD,350 - Workplace Services,00 - Corporate,Rent for the month of Aug 2026 for the premises leased on 7th Floor (Invoice Number-CIPLDELMIS262716),Journal,,,,False,,
3 - Chegg India Pv. Lt.,Aug 2026,8/15/2026,8/1/2026,INR,63155 Facility Expenses : Sublease income (Contra),VOLTAS LIMITED,"-1,572",USD,350 - Workplace Services,00 - Corporate,Rent for the month of Aug 2026 for the parking space and signage (Invoice Number-CIPLDELMIS262717),Journal,,,,False,,
3 - Chegg India Pv. Lt.,Aug 2026,8/15/2026,8/1/2026,INR,63170 Facility Expenses : Building Repairs & Maintenance,Baani Technology Services Private Limited,298,USD,350 - Workplace Services,00 - Corporate,,Bill,,,,False,,
3 - Chegg India Pv. Lt.,Aug 2026,8/15/2026,8/1/2026,INR,63170 Facility Expenses : Building Repairs & Maintenance,Baani Technology Services Private Limited,488,USD,350 - Workplace Services,00 - Corporate,,Bill,,,,False,,
3 - Chegg India Pv. Lt.,Aug 2026,8/15/2026,8/1/2026,INR,63170 Facility Expenses : Building Repairs & Maintenance,Baani Technology Services Private Limited,"2,160",USD,350 - Workplace Services,00 - Corporate,,Bill,,,,False,,
3 - Chegg India Pv. Lt.,Aug 2026,8/15/2026,8/1/2026,INR,63170 Facility Expenses : Building Repairs & Maintenance,Baani Technology Services Private Limited,"5,248",USD,350 - Workplace Services,00 - Corporate,,Bill,,,,False,,
3 - Chegg India Pv. Lt.,Aug 2026,8/15/2026,8/1/2026,INR,63170 Facility Expenses : Building Repairs & Maintenance,Baani Technology Services Private Limited,"6,665",USD,350 - Workplace Services,00 - Corporate,,Bill,,,,False,,
3 - Chegg India Pv. Lt.,Aug 2026,8/15/2026,8/1/2026,INR,63170 Facility Expenses : Building Repairs & Maintenance,Baani Technology Services Private Limited,"8,130",USD,350 - Workplace Services,00 - Corporate,,Bill,,,,False,,
3 - Chegg India Pv. Lt.,Aug 2026,8/15/2026,8/1/2026,INR,63170 Facility Expenses : Building Repairs & Maintenance,Baani Technology Services Private Limited,"11,421",USD,350 - Workplace Services,00 - Corporate,,Bill,,,,False,,
3 - Chegg India Pv. Lt.,Aug 2026,8/15/2026,8/1/2026,INR,63170 Facility Expenses : Building Repairs & Maintenance,Baani Technology Services Private Limited,"12,102",USD,350 - Workplace Services,00 - Corporate,,Bill,,,,False,,
3 - Chegg India Pv. Lt.,Aug 2026,8/15/2026,8/1/2026,INR,63175 Facility Expenses : Sublease income: Building Repairs & Maintenance(Contra),VOLTAS LIMITED,"-5,236",USD,350 - Workplace Services,00 - Corporate,CAM Charges for the m/o Aug 2026 (Invoice Number-CIPLDELMIS262715),Journal,,,,False,,
3 - Chegg India Pv. Lt.,Aug 2026,8/15/2026,8/1/2026,INR,63180 Facility Expenses : Equipment Repairs & Maintenance,Euroceil Systems Private Limited,-79,USD,350 - Workplace Services,00 - Corporate,"Accrual for AMC charges for Euroceil Stretch LED, Qtr-2 , Period - 28th Aug 2025 to 29th Nov 2025 _reaccrued (Informed WPS, they followed up with vendor and vendor has not yet responded)_July 2026",Journal,,,,False,,
3 - Chegg India Pv. Lt.,Aug 2026,8/15/2026,8/1/2026,INR,63180 Facility Expenses : Equipment Repairs & Maintenance,SCAPE AIR SYSTEMS,-948,USD,350 - Workplace Services,00 - Corporate,Accrual for AMC of HVAC for the period June to Aug 2026 in July 2026,Journal,,,,False,,
3 - Chegg India Pv. Lt.,Aug 2026,8/15/2026,8/1/2026,INR,63180 Facility Expenses : Equipment Repairs & Maintenance,Swajal Water Private Limited,-31,USD,350 - Workplace Services,00 - Corporate,Accrual for CAMC monthly charges for BOON alkaline water machine for July 2026,Journal,,,,False,,
3 - Chegg India Pv. Lt.,Aug 2026,8/15/2026,8/1/2026,INR,63200 Facility Expenses : Equipment Rentals,NEW WAY OFFICE AUTOMATION PVT LTD,-94,USD,190 - IT Operations,00 - Corporate,Accrual for printer rental charges for July 2026,Journal,,,,False,,
3 - Chegg India Pv. Lt.,Aug 2026,8/15/2026,8/1/2026,INR,63220 Facility Expenses : Other Facility Expense,Colliers international india property sevices pvt ltd,"-75,921",USD,350 - Workplace Services,00 - Corporate,Accrual for Brokerage in May 2026_Reaccrued in July 2026,Journal,,,,False,,
3 - Chegg India Pv. Lt.,Aug 2026,8/15/2026,8/1/2026,INR,"64190 Travel & Entertainment : Other Travel (tips, etc.)",Red Apple Car Rentals,-105,USD,350 - Workplace Services,00 - Corporate,Accrual for Cab Charges for July 2026,Journal,,,,False,,
3 - Chegg India Pv. Lt.,Aug 2026,8/15/2026,8/1/2026,INR,65190 Professional fees : Other Consulting Fee,259130 M S K C & Associates LLP,"-31,437",USD,321 - Accounting,00 - Corporate,"Accrual for Statutory Audit, Tax Audit and Income tax return filiing of FY-25-26_Reaccrued In July 2026",Journal,,,,False,,
3 - Chegg India Pv. Lt.,Aug 2026,8/15/2026,8/1/2026,INR,65190 Professional fees : Other Consulting Fee,Aditi Kaushal,-251,USD,331 - Legal,00 - Corporate,Accrual for fees for Retainership fee for Q1-Apr 26 to Jun 26_Accrued In June 2026,Journal,,,,False,,
3 - Chegg India Pv. Lt.,Aug 2026,8/15/2026,8/1/2026,INR,65190 Professional fees : Other Consulting Fee,Aditi Kaushal,-84,USD,331 - Legal,00 - Corporate,Accrual for fees for Retainership fee for Q2 July 2026,Journal,,,,False,,
3 - Chegg India Pv. Lt.,Aug 2026,8/15/2026,8/1/2026,INR,65190 Professional fees : Other Consulting Fee,Cnergyis Infotech India Private Limited,-524,USD,341 - HR Operations,00 - Corporate,Accrual for Payroll statutory charges for July 2026,Journal,,,,False,,
3 - Chegg India Pv. Lt.,Aug 2026,8/15/2026,8/1/2026,INR,65190 Professional fees : Other Consulting Fee,ERNST & YOUNG LLP,"-8,645",USD,321 - Accounting,00 - Corporate,Accrual for professional services rendered in respect of TP Compliances for FY 2025-26_Reaccrued In July 2026,Journal,,,,False,,
3 - Chegg India Pv. Lt.,Aug 2026,8/15/2026,8/1/2026,INR,65190 Professional fees : Other Consulting Fee,ERNST & YOUNG LLP,-786,USD,321 - Accounting,00 - Corporate,Accrual for 50% advance for assessment of TP Assessment for FY 2023-24 and professional services rendered in respect of TP Compliances for FY 2025-26_Reaccrued in July 2026,Journal,,,,False,,
3 - Chegg India Pv. Lt.,Aug 2026,8/15/2026,8/1/2026,INR,65190 Professional fees : Other Consulting Fee,KPMG,-786,USD,321 - Accounting,00 - Corporate,Accrual for Assistance in Refund application for the period Oct 2024-Dec 2024_ In July 2026,Journal,,,,False,,
3 - Chegg India Pv. Lt.,Aug 2026,8/15/2026,8/1/2026,INR,65190 Professional fees : Other Consulting Fee,KPMG,-648,USD,321 - Accounting,00 - Corporate,Accrual for Assistance in preparation and review of GST returns for the month of Apr 2026_Reaccrued In July 2026,Journal,,,,False,,
3 - Chegg India Pv. Lt.,Aug 2026,8/15/2026,8/1/2026,INR,65190 Professional fees : Other Consulting Fee,KPMG,-432,USD,321 - Accounting,00 - Corporate,Accrual for Assistance in preparation and review of GST returns for July 2026,Journal,,,,False,,
3 - Chegg India Pv. Lt.,Aug 2026,8/15/2026,8/1/2026,INR,65190 Professional fees : Other Consulting Fee,KPMG,-432,USD,321 - Accounting,00 - Corporate,Accrual for Assistance in preparation and review of GST returns for June 2026_Reaccrued In July 2026,Journal,,,,False,,
3 - Chegg India Pv. Lt.,Aug 2026,8/15/2026,8/1/2026,INR,65190 Professional fees : Other Consulting Fee,KPMG,-432,USD,321 - Accounting,00 - Corporate,Accrual for Assistance in preparation and review of GST returns for the month of May 2026_Reaccrued In July 2026,Journal,,,,False,,
3 - Chegg India Pv. Lt.,Aug 2026,8/15/2026,8/1/2026,INR,65190 Professional fees : Other Consulting Fee,SNVA & Company,-472,USD,321 - Accounting,00 - Corporate,Accrual for Monthly retainership Fees- Direct Tax_July 2026,Journal,,,,False,,
3 - Chegg India Pv. Lt.,Aug 2026,8/15/2026,8/1/2026,INR,65190 Professional fees : Other Consulting Fee,SNVA & Company,-314,USD,321 - Accounting,00 - Corporate,Accrual for TDS return for the period from Apr'26 to Jun'26_in July 2026,Journal,,,,False,,
3 - Chegg India Pv. Lt.,Aug 2026,8/15/2026,8/1/2026,INR,65190 Professional fees : Other Consulting Fee,Yesvee Management Consulting Pvt Ltd,-157,USD,321 - Accounting,00 - Corporate,Accrual for professional Charges for GST Refund services- Vizag_July 2026,Journal,,,,False,,
3 - Chegg India Pv. Lt.,Aug 2026,8/15/2026,8/1/2026,INR,65190 Professional fees : Other Consulting Fee,Yesvee Management Consulting Pvt Ltd,-157,USD,321 - Accounting,00 - Corporate,Accrual for professional Charges for GST Refund services- Vizag_June 26 Reaccrued,Journal,,,,False,,
3 - Chegg India Pv. Lt.,Aug 2026,8/15/2026,8/1/2026,INR,65230 Legal fees : Legal - Corporate,258531 Abhinay Kumar&Associates,-524,USD,331 - Legal,00 - Corporate,Accrual for professional fee towards assistance in relation to Annual Secretarial and FEMA compliances for the month of July 2026,Journal,,,,False,,
3 - Chegg India Pv. Lt.,Aug 2026,8/15/2026,8/1/2026,INR,65230 Legal fees : Legal - Corporate,Hammurabi And Solomon Partners,"-3,930",USD,331 - Legal,00 - Corporate,,Bill Credit,,,,False,,
3 - Chegg India Pv. Lt.,Aug 2026,8/15/2026,8/1/2026,INR,65230 Legal fees : Legal - Corporate,Hammurabi And Solomon Partners,"-3,668",USD,331 - Legal,00 - Corporate,Accrual for fees for assisting in Vizag Legal case_Jul 2026,Journal,,,,False,,
3 - Chegg India Pv. Lt.,Aug 2026,8/15/2026,8/1/2026,INR,65230 Legal fees : Legal - Corporate,Hammurabi And Solomon Partners,"-1,100",USD,331 - Legal,00 - Corporate,Accrual for fees for assisting in Privacy Compliance_Jul 2026,Journal,,,,False,,
3 - Chegg India Pv. Lt.,Aug 2026,8/15/2026,8/1/2026,INR,65230 Legal fees : Legal - Corporate,Hammurabi And Solomon Partners,-446,USD,331 - Legal,00 - Corporate,,Bill Credit,,,,False,,
3 - Chegg India Pv. Lt.,Aug 2026,8/15/2026,8/1/2026,INR,65230 Legal fees : Legal - Corporate,Vendor,-173,USD,350 - Workplace Services,00 - Corporate,Accrual for Lawyer Jagdish Singh Bisht charges of 7th floor registration of sub lease deed In July 2026,Journal,,,,False,,
3 - Chegg India Pv. Lt.,Aug 2026,8/15/2026,8/1/2026,INR,65540 Taxes : Tax Penalty & Interest,Vendor,"-1,068",USD,321 - Accounting,00 - Corporate,Excess TDS payment adjusted against insight notices,Journal,,,,False,,
3 - Chegg India Pv. Lt.,Aug 2026,8/15/2026,8/1/2026,INR,65720 Outside services : Contractors,259190 Sai Kumar Tejavath,"-2,358",USD,341 - HR Operations,00 - Corporate,Accrual for contractor cost for Tajavath sai kumar for July 2026,Journal,,,,False,,
3 - Chegg India Pv. Lt.,Aug 2026,8/15/2026,8/1/2026,INR,65720 Outside services : Contractors,ERNST & YOUNG LLP,"-4,506",USD,141 - Engineering Engagement,20 - Learning Services,Accrual for EY contractor cost for July 2026,Journal,,,,False,,
3 - Chegg India Pv. Lt.,Aug 2026,8/15/2026,8/1/2026,INR,65720 Outside services : Contractors,HyreFox Consultants Pvt. Ltd.,"-3,552",USD,130 - Platform - Marketing Technology,20 - Learning Services,Accrual for contractor cost for July 2026,Journal,,,,False,,
3 - Chegg India Pv. Lt.,Aug 2026,8/15/2026,8/1/2026,INR,65720 Outside services : Contractors,NAGARRO ENTERPRISE SERVICES PVT LTD,"-77,039",USD,141 - Engineering Engagement,20 - Learning Services,Accrual for Nagarro Tech and IT consulting cost for July 2026,Journal,,,,False,,
3 - Chegg India Pv. Lt.,Aug 2026,8/15/2026,8/1/2026,INR,65720 Outside services : Contractors,NAGARRO ENTERPRISE SERVICES PVT LTD,"-29,630",USD,190 - IT Operations,00 - Corporate,Accrual for Nagarro Tech and IT consulting cost for July 2026,Journal,,,,False,,
3 - Chegg India Pv. Lt.,Aug 2026,8/15/2026,8/1/2026,INR,65720 Outside services : Contractors,NAKS DIGITAL CONSULTING PVT. LTD.,-996,USD,204 - Performance Marketing,60 - Busuu,Accrual for NAKS cost for July 2026,Journal,,,,False,,
3 - Chegg India Pv. Lt.,Aug 2026,8/15/2026,8/1/2026,INR,65720 Outside services : Contractors,Shipika Arora,"-1,834",USD,380 - Content Operations,46 - Content Services,Accrual for contractor cost for Shipika Arora for July 2026,Journal,,,,False,,
3 - Chegg India Pv. Lt.,Aug 2026,8/15/2026,8/1/2026,INR,65720 Outside services : Contractors,Shivani G,"-3,248",USD,341 - HR Operations,00 - Corporate,Accrual for contractor cost for Shivani G for June 2026,Journal,,,,False,,
3 - Chegg India Pv. Lt.,Aug 2026,8/15/2026,8/1/2026,INR,65720 Outside services : Contractors,TATA consultancy services LTD,"-5,449",USD,341 - HR Operations,00 - Corporate,Accrual for Chegg workday support and enhancement cost for July 2026,Journal,,,,False,,
3 - Chegg India Pv. Lt.,Aug 2026,8/15/2026,8/1/2026,INR,65720 Outside services : Contractors,Vendor,"-1,860",USD,520 - Educators,50 - Skills,Accrual for Skill grading cost for July 2026,Journal,,,,False,,
3 - Chegg India Pv. Lt.,Aug 2026,8/15/2026,8/1/2026,INR,65720 Outside services : Contractors,Vendor,-418,USD,385 - Content Development,46 - Content Services,Project Aristotle Estimates_July 2026,Journal,,CNT-Q&A,CNT-Q&A,False,,
3 - Chegg India Pv. Lt.,Aug 2026,8/15/2026,8/1/2026,INR,66150 Office Expenses : Printing and Stationery,NEW WAY OFFICE AUTOMATION PVT LTD,225,USD,190 - IT Operations,00 - Corporate,,Bill,,,,False,,
3 - Chegg India Pv. Lt.,Aug 2026,8/15/2026,8/1/2026,INR,"66160 Office Expenses : Freight, Shipping & Handling",Ridhi Sidhi Enterprises,-20,USD,350 - Workplace Services,00 - Corporate,Accrual for Courier Charges_In July 2026,Journal,,,,False,,
3 - Chegg India Pv. Lt.,Aug 2026,8/15/2026,8/1/2026,INR,66200 Office Expenses : Office Supplies,DAYA SHANKAR NURSERY,-157,USD,350 - Workplace Services,00 - Corporate,Accrual for horticulture services for the month of July 2026,Journal,,,,False,,
3 - Chegg India Pv. Lt.,Aug 2026,8/15/2026,8/1/2026,INR,66200 Office Expenses : Office Supplies,DAYA SHANKAR NURSERY,-157,USD,350 - Workplace Services,00 - Corporate,Accrual for horticulture services for the month of June 2026_Reaccrued,Journal,,,,False,,
3 - Chegg India Pv. Lt.,Aug 2026,8/15/2026,8/1/2026,INR,66200 Office Expenses : Office Supplies,LOTS WHOLESALE SOLUTIONS,1,USD,350 - Workplace Services,00 - Corporate,,Bill,,,,False,,
3 - Chegg India Pv. Lt.,Aug 2026,8/15/2026,8/1/2026,INR,66200 Office Expenses : Office Supplies,LOTS WHOLESALE SOLUTIONS,2,USD,350 - Workplace Services,00 - Corporate,,Bill,,,,False,,
3 - Chegg India Pv. Lt.,Aug 2026,8/15/2026,8/1/2026,INR,66200 Office Expenses : Office Supplies,LOTS WHOLESALE SOLUTIONS,3,USD,350 - Workplace Services,00 - Corporate,,Bill,,,,False,,
3 - Chegg India Pv. Lt.,Aug 2026,8/15/2026,8/1/2026,INR,66200 Office Expenses : Office Supplies,LOTS WHOLESALE SOLUTIONS,4,USD,350 - Workplace Services,00 - Corporate,,Bill,,,,False,,
3 - Chegg India Pv. Lt.,Aug 2026,8/15/2026,8/1/2026,INR,66200 Office Expenses : Office Supplies,LOTS WHOLESALE SOLUTIONS,5,USD,350 - Workplace Services,00 - Corporate,,Bill,,,,False,,
3 - Chegg India Pv. Lt.,Aug 2026,8/15/2026,8/1/2026,INR,66200 Office Expenses : Office Supplies,LOTS WHOLESALE SOLUTIONS,5,USD,350 - Workplace Services,00 - Corporate,,Bill,,,,False,,
3 - Chegg India Pv. Lt.,Aug 2026,8/15/2026,8/1/2026,INR,66200 Office Expenses : Office Supplies,LOTS WHOLESALE SOLUTIONS,8,USD,350 - Workplace Services,00 - Corporate,,Bill,,,,False,,
3 - Chegg India Pv. Lt.,Aug 2026,8/15/2026,8/1/2026,INR,66200 Office Expenses : Office Supplies,LOTS WHOLESALE SOLUTIONS,14,USD,350 - Workplace Services,00 - Corporate,,Bill,,,,False,,
3 - Chegg India Pv. Lt.,Aug 2026,8/15/2026,8/1/2026,INR,66200 Office Expenses : Office Supplies,LOTS WHOLESALE SOLUTIONS,17,USD,350 - Workplace Services,00 - Corporate,,Bill,,,,False,,
3 - Chegg India Pv. Lt.,Aug 2026,8/15/2026,8/1/2026,INR,66200 Office Expenses : Office Supplies,LOTS WHOLESALE SOLUTIONS,18,USD,350 - Workplace Services,00 - Corporate,,Bill,,,,False,,
3 - Chegg India Pv. Lt.,Aug 2026,8/15/2026,8/1/2026,INR,66200 Office Expenses : Office Supplies,LOTS WHOLESALE SOLUTIONS,25,USD,350 - Workplace Services,00 - Corporate,,Bill,,,,False,,
3 - Chegg India Pv. Lt.,Aug 2026,8/15/2026,8/1/2026,INR,66200 Office Expenses : Office Supplies,LOTS WHOLESALE SOLUTIONS,26,USD,350 - Workplace Services,00 - Corporate,,Bill,,,,False,,
3 - Chegg India Pv. Lt.,Aug 2026,8/15/2026,8/1/2026,INR,66200 Office Expenses : Office Supplies,LOTS WHOLESALE SOLUTIONS,26,USD,350 - Workplace Services,00 - Corporate,,Bill,,,,False,,
3 - Chegg India Pv. Lt.,Aug 2026,8/15/2026,8/1/2026,INR,66200 Office Expenses : Office Supplies,LOTS WHOLESALE SOLUTIONS,28,USD,350 - Workplace Services,00 - Corporate,,Bill,,,,False,,
3 - Chegg India Pv. Lt.,Aug 2026,8/15/2026,8/1/2026,INR,66200 Office Expenses : Office Supplies,LOTS WHOLESALE SOLUTIONS,29,USD,350 - Workplace Services,00 - Corporate,,Bill,,,,False,,
3 - Chegg India Pv. Lt.,Aug 2026,8/15/2026,8/1/2026,INR,66200 Office Expenses : Office Supplies,LOTS WHOLESALE SOLUTIONS,49,USD,350 - Workplace Services,00 - Corporate,,Bill,,,,False,,
3 - Chegg India Pv. Lt.,Aug 2026,8/15/2026,8/1/2026,INR,66300 Office Expenses : Food Services,258414 Mohd Athar Imam,-94,USD,350 - Workplace Services,00 - Corporate,Accrual for Lunch for employees for July 2026,Journal,,,,False,,
3 - Chegg India Pv. Lt.,Aug 2026,8/15/2026,8/1/2026,INR,66300 Office Expenses : Food Services,258553 NATHU'S HOSPITALITY,-943,USD,350 - Workplace Services,00 - Corporate,Accrual for Lunch for employees for July 2026,Journal,,,,False,,
3 - Chegg India Pv. Lt.,Aug 2026,8/15/2026,8/1/2026,INR,66300 Office Expenses : Food Services,258554 DALGREEN FOODSPRIVATELIMITED,-42,USD,350 - Workplace Services,00 - Corporate,Accrual for Lunch for employees for July 2026,Journal,,,,False,,
3 - Chegg India Pv. Lt.,Aug 2026,8/15/2026,8/1/2026,INR,66300 Office Expenses : Food Services,Bhookemon Hospitality Services,-419,USD,350 - Workplace Services,00 - Corporate,Accrual for Lunch for employees for July 2026,Journal,,,,False,,
3 - Chegg India Pv. Lt.,Aug 2026,8/15/2026,8/1/2026,INR,66300 Office Expenses : Food Services,LOTS WHOLESALE SOLUTIONS,-105,USD,350 - Workplace Services,00 - Corporate,Accrual for Fresh supply in July 2026,Journal,,,,False,,
3 - Chegg India Pv. Lt.,Aug 2026,8/15/2026,8/1/2026,INR,66300 Office Expenses : Food Services,Rawnest Private Limited,-304,USD,350 - Workplace Services,00 - Corporate,Accrual for Lunch for employees for July 2026,Journal,,,,False,,
3 - Chegg India Pv. Lt.,Aug 2026,8/15/2026,8/1/2026,INR,66300 Office Expenses : Food Services,SALAD DAYS,-147,USD,350 - Workplace Services,00 - Corporate,Accrual for Lunch for employees for July 2026,Journal,,,,False,,
3 - Chegg India Pv. Lt.,Aug 2026,8/15/2026,8/1/2026,INR,66300 Office Expenses : Food Services,Sodexo SVC India Private Limited,"-4,405",USD,341 - HR Operations,00 - Corporate,Accrual taken on the basis of PI for July 2026,Journal,,,,False,,
3 - Chegg India Pv. Lt.,Aug 2026,8/15/2026,8/1/2026,INR,66510 Unrealized Gain/Loss,Vendor,"-5,116",USD,321 - Accounting,00 - Corporate,,Currency Revaluation,,,,False,,
3 - Chegg India Pv. Lt.,Aug 2026,8/15/2026,8/1/2026,INR,66510 Unrealized Gain/Loss,Vendor,"232,369",USD,321 - Accounting,00 - Corporate,,Currency Revaluation,,,,False,,
3 - Chegg India Pv. Lt.,Aug 2026,8/15/2026,8/1/2026,INR,67110 Depreciation & Amortization : Depreciation,Vendor,"-20,546",USD,350 - Workplace Services,00 - Corporate,"Reversal of JE-105153 to correct excess depreciation on Office Equipment (FAM013458), 7th Floor. Depreciation was previously calculated on a cost of Rs. 6,920,053 instead of the actual NetSuite cost of Rs. 6,727,829.",Journal,,,,False,,
3 - Chegg India Pv. Lt.,Aug 2026,8/15/2026,8/1/2026,INR,67110 Depreciation & Amortization : Depreciation,Vendor,"-3,626",USD,350 - Workplace Services,00 - Corporate,Depreciation being charged on Office Equipment (OE009624) of 7th Floor from Apr'26 till June'26,Journal,,,,False,,
3 - Chegg India Pv. Lt.,Aug 2026,8/15/2026,8/1/2026,INR,67110 Depreciation & Amortization : Depreciation,Vendor,"-1,209",USD,350 - Workplace Services,00 - Corporate,Depreciation being charged on Office Equipment (OE009624) of 7th Floor for the month of July 2026.,Journal,,,,False,,
3 - Chegg India Pv. Lt.,Aug 2026,8/15/2026,8/2/2026,INR,63200 Facility Expenses : Equipment Rentals,ORIX Auto Infrastructure Services Limited,0,USD,380 - Content Operations,46 - Content Services,Expense Out - Expense Account,Bill,,,,False,,
3 - Chegg India Pv. Lt.,Aug 2026,8/15/2026,8/2/2026,INR,63200 Facility Expenses : Equipment Rentals,ORIX Auto Infrastructure Services Limited,1,USD,380 - Content Operations,46 - Content Services,,Bill,,,,False,,
3 - Chegg India Pv. Lt.,Aug 2026,8/15/2026,8/2/2026,INR,63200 Facility Expenses : Equipment Rentals,ORIX Auto Infrastructure Services Limited,2,USD,350 - Workplace Services,00 - Corporate,,Bill,,,,False,,
3 - Chegg India Pv. Lt.,Aug 2026,8/15/2026,8/2/2026,INR,63200 Facility Expenses : Equipment Rentals,ORIX Auto Infrastructure Services Limited,2,USD,360 - General Management,20 - Learning Services,,Bill,,,,False,,
3 - Chegg India Pv. Lt.,Aug 2026,8/15/2026,8/2/2026,INR,63200 Facility Expenses : Equipment Rentals,ORIX Auto Infrastructure Services Limited,3,USD,331 - Legal,00 - Corporate,,Bill,,,,False,,
3 - Chegg India Pv. Lt.,Aug 2026,8/15/2026,8/2/2026,INR,63200 Facility Expenses : Equipment Rentals,ORIX Auto Infrastructure Services Limited,3,USD,366 - Business Operations Management,50 - Skills,Expense Out - Expense Account,Bill,,,,False,,
3 - Chegg India Pv. Lt.,Aug 2026,8/15/2026,8/2/2026,INR,63200 Facility Expenses : Equipment Rentals,ORIX Auto Infrastructure Services Limited,3,USD,380 - Content Operations,46 - Content Services,Expense Out - Expense Account,Bill,,,,False,,
3 - Chegg India Pv. Lt.,Aug 2026,8/15/2026,8/2/2026,INR,63200 Facility Expenses : Equipment Rentals,ORIX Auto Infrastructure Services Limited,4,USD,341 - HR Operations,00 - Corporate,Expense Out - Expense Account,Bill,,,,False,,
3 - Chegg India Pv. Lt.,Aug 2026,8/15/2026,8/2/2026,INR,63200 Facility Expenses : Equipment Rentals,ORIX Auto Infrastructure Services Limited,4,USD,366 - Business Operations Management,50 - Skills,Expense Out - Expense Account,Bill,,,,False,,
3 - Chegg India Pv. Lt.,Aug 2026,8/15/2026,8/2/2026,INR,63200 Facility Expenses : Equipment Rentals,ORIX Auto Infrastructure Services Limited,5,USD,325 - FP & A,00 - Corporate,Expense Out - Expense Account,Bill,,,,False,,
3 - Chegg India Pv. Lt.,Aug 2026,8/15/2026,8/2/2026,INR,63200 Facility Expenses : Equipment Rentals,ORIX Auto Infrastructure Services Limited,5,USD,385 - Content Development,20 - Learning Services,Expense Out - Expense Account,Bill,,,,False,,
3 - Chegg India Pv. Lt.,Aug 2026,8/15/2026,8/2/2026,INR,63200 Facility Expenses : Equipment Rentals,ORIX Auto Infrastructure Services Limited,5,USD,204 - Performance Marketing,20 - Learning Services,Expense Out - Expense Account,Bill,,,,False,,
3 - Chegg India Pv. Lt.,Aug 2026,8/15/2026,8/2/2026,INR,63200 Facility Expenses : Equipment Rentals,ORIX Auto Infrastructure Services Limited,7,USD,331 - Legal,00 - Corporate,Expense Out - Expense Account,Bill,,,,False,,
3 - Chegg India Pv. Lt.,Aug 2026,8/15/2026,8/2/2026,INR,63200 Facility Expenses : Equipment Rentals,ORIX Auto Infrastructure Services Limited,8,USD,321 - Accounting,00 - Corporate,Expense Out - Expense Account,Bill,,,,False,,
3 - Chegg India Pv. Lt.,Aug 2026,8/15/2026,8/2/2026,INR,63200 Facility Expenses : Equipment Rentals,ORIX Auto Infrastructure Services Limited,8,USD,137 - Platform - Content Engineering,20 - Learning Services,Expense Out - Expense Account,Bill,,,,False,,
3 - Chegg India Pv. Lt.,Aug 2026,8/15/2026,8/2/2026,INR,63200 Facility Expenses : Equipment Rentals,ORIX Auto Infrastructure Services Limited,8,USD,160 - Commerce Engineering,20 - Learning Services,Expense Out - Expense Account,Bill,,,,False,,
3 - Chegg India Pv. Lt.,Aug 2026,8/15/2026,8/2/2026,INR,63200 Facility Expenses : Equipment Rentals,ORIX Auto Infrastructure Services Limited,10,USD,341 - HR Operations,00 - Corporate,Expense Out - Expense Account,Bill,,,,False,,
3 - Chegg India Pv. Lt.,Aug 2026,8/15/2026,8/2/2026,INR,63200 Facility Expenses : Equipment Rentals,ORIX Auto Infrastructure Services Limited,11,USD,366 - Business Operations Management,50 - Skills,,Bill,,,,False,,
3 - Chegg India Pv. Lt.,Aug 2026,8/15/2026,8/2/2026,INR,63200 Facility Expenses : Equipment Rentals,ORIX Auto Infrastructure Services Limited,11,USD,350 - Workplace Services,00 - Corporate,Expense Out - Expense Account,Bill,,,,False,,
3 - Chegg India Pv. Lt.,Aug 2026,8/15/2026,8/2/2026,INR,63200 Facility Expenses : Equipment Rentals,ORIX Auto Infrastructure Services Limited,15,USD,360 - General Management,20 - Learning Services,Expense Out - Expense Account,Bill,,,,False,,
3 - Chegg India Pv. Lt.,Aug 2026,8/15/2026,8/2/2026,INR,63200 Facility Expenses : Equipment Rentals,ORIX Auto Infrastructure Services Limited,16,USD,380 - Content Operations,46 - Content Services,,Bill,,,,False,,
3 - Chegg India Pv. Lt.,Aug 2026,8/15/2026,8/2/2026,INR,63200 Facility Expenses : Equipment Rentals,ORIX Auto Infrastructure Services Limited,16,USD,366 - Business Operations Management,50 - Skills,,Bill,,,,False,,
3 - Chegg India Pv. Lt.,Aug 2026,8/15/2026,8/2/2026,INR,63200 Facility Expenses : Equipment Rentals,ORIX Auto Infrastructure Services Limited,17,USD,204 - Performance Marketing,20 - Learning Services,Expense Out - Expense Account,Bill,,,,False,,
3 - Chegg India Pv. Lt.,Aug 2026,8/15/2026,8/2/2026,INR,63200 Facility Expenses : Equipment Rentals,ORIX Auto Infrastructure Services Limited,18,USD,385 - Content Development,20 - Learning Services,Expense Out - Expense Account,Bill,,,,False,,
3 - Chegg India Pv. Lt.,Aug 2026,8/15/2026,8/2/2026,INR,63200 Facility Expenses : Equipment Rentals,ORIX Auto Infrastructure Services Limited,19,USD,325 - FP & A,00 - Corporate,Expense Out - Expense Account,Bill,,,,False,,
3 - Chegg India Pv. Lt.,Aug 2026,8/15/2026,8/2/2026,INR,63200 Facility Expenses : Equipment Rentals,ORIX Auto Infrastructure Services Limited,19,USD,380 - Content Operations,46 - Content Services,,Bill,,,,False,,
3 - Chegg India Pv. Lt.,Aug 2026,8/15/2026,8/2/2026,INR,63200 Facility Expenses : Equipment Rentals,ORIX Auto Infrastructure Services Limited,22,USD,341 - HR Operations,00 - Corporate,,Bill,,,,False,,
3 - Chegg India Pv. Lt.,Aug 2026,8/15/2026,8/2/2026,INR,63200 Facility Expenses : Equipment Rentals,ORIX Auto Infrastructure Services Limited,25,USD,325 - FP & A,00 - Corporate,,Bill,,,,False,,
3 - Chegg India Pv. Lt.,Aug 2026,8/15/2026,8/2/2026,INR,63200 Facility Expenses : Equipment Rentals,ORIX Auto Infrastructure Services Limited,26,USD,366 - Business Operations Management,50 - Skills,,Bill,,,,False,,
3 - Chegg India Pv. Lt.,Aug 2026,8/15/2026,8/2/2026,INR,63200 Facility Expenses : Equipment Rentals,ORIX Auto Infrastructure Services Limited,26,USD,341 - HR Operations,00 - Corporate,,Bill,,,,False,,
3 - Chegg India Pv. Lt.,Aug 2026,8/15/2026,8/2/2026,INR,63200 Facility Expenses : Equipment Rentals,ORIX Auto Infrastructure Services Limited,27,USD,380 - Content Operations,46 - Content Services,Expense Out - Expense Account,Bill,,,,False,,
3 - Chegg India Pv. Lt.,Aug 2026,8/15/2026,8/2/2026,INR,63200 Facility Expenses : Equipment Rentals,ORIX Auto Infrastructure Services Limited,28,USD,331 - Legal,00 - Corporate,Expense Out - Expense Account,Bill,,,,False,,
3 - Chegg India Pv. Lt.,Aug 2026,8/15/2026,8/2/2026,INR,63200 Facility Expenses : Equipment Rentals,ORIX Auto Infrastructure Services Limited,28,USD,385 - Content Development,20 - Learning Services,,Bill,,,,False,,
3 - Chegg India Pv. Lt.,Aug 2026,8/15/2026,8/2/2026,INR,63200 Facility Expenses : Equipment Rentals,ORIX Auto Infrastructure Services Limited,30,USD,204 - Performance Marketing,20 - Learning Services,,Bill,,,,False,,
3 - Chegg India Pv. Lt.,Aug 2026,8/15/2026,8/2/2026,INR,63200 Facility Expenses : Equipment Rentals,ORIX Auto Infrastructure Services Limited,30,USD,341 - HR Operations,00 - Corporate,,Bill,,,,False,,
3 - Chegg India Pv. Lt.,Aug 2026,8/15/2026,8/2/2026,INR,63200 Facility Expenses : Equipment Rentals,ORIX Auto Infrastructure Services Limited,31,USD,321 - Accounting,00 - Corporate,Expense Out - Expense Account,Bill,,,,False,,
3 - Chegg India Pv. Lt.,Aug 2026,8/15/2026,8/2/2026,INR,63200 Facility Expenses : Equipment Rentals,ORIX Auto Infrastructure Services Limited,32,USD,160 - Commerce Engineering,20 - Learning Services,Expense Out - Expense Account,Bill,,,,False,,
3 - Chegg India Pv. Lt.,Aug 2026,8/15/2026,8/2/2026,INR,63200 Facility Expenses : Equipment Rentals,ORIX Auto Infrastructure Services Limited,34,USD,137 - Platform - Content Engineering,20 - Learning Services,Expense Out - Expense Account,Bill,,,,False,,
3 - Chegg India Pv. Lt.,Aug 2026,8/15/2026,8/2/2026,INR,63200 Facility Expenses : Equipment Rentals,ORIX Auto Infrastructure Services Limited,40,USD,331 - Legal,00 - Corporate,,Bill,,,,False,,
3 - Chegg India Pv. Lt.,Aug 2026,8/15/2026,8/2/2026,INR,63200 Facility Expenses : Equipment Rentals,ORIX Auto Infrastructure Services Limited,41,USD,204 - Performance Marketing,20 - Learning Services,,Bill,,,,False,,
3 - Chegg India Pv. Lt.,Aug 2026,8/15/2026,8/2/2026,INR,63200 Facility Expenses : Equipment Rentals,ORIX Auto Infrastructure Services Limited,42,USD,321 - Accounting,00 - Corporate,,Bill,,,,False,,
3 - Chegg India Pv. Lt.,Aug 2026,8/15/2026,8/2/2026,INR,63200 Facility Expenses : Equipment Rentals,ORIX Auto Infrastructure Services Limited,43,USD,137 - Platform - Content Engineering,20 - Learning Services,,Bill,,,,False,,
3 - Chegg India Pv. Lt.,Aug 2026,8/15/2026,8/2/2026,INR,63200 Facility Expenses : Equipment Rentals,ORIX Auto Infrastructure Services Limited,43,USD,160 - Commerce Engineering,20 - Learning Services,,Bill,,,,False,,
3 - Chegg India Pv. Lt.,Aug 2026,8/15/2026,8/2/2026,INR,63200 Facility Expenses : Equipment Rentals,ORIX Auto Infrastructure Services Limited,44,USD,385 - Content Development,20 - Learning Services,,Bill,,,,False,,
3 - Chegg India Pv. Lt.,Aug 2026,8/15/2026,8/2/2026,INR,63200 Facility Expenses : Equipment Rentals,ORIX Auto Infrastructure Services Limited,44,USD,350 - Workplace Services,00 - Corporate,Expense Out - Expense Account,Bill,,,,False,,
3 - Chegg India Pv. Lt.,Aug 2026,8/15/2026,8/2/2026,INR,63200 Facility Expenses : Equipment Rentals,ORIX Auto Infrastructure Services Limited,46,USD,325 - FP & A,00 - Corporate,,Bill,,,,False,,
3 - Chegg India Pv. Lt.,Aug 2026,8/15/2026,8/2/2026,INR,63200 Facility Expenses : Equipment Rentals,ORIX Auto Infrastructure Services Limited,53,USD,385 - Content Development,20 - Learning Services,,Bill,,,,False,,
3 - Chegg India Pv. Lt.,Aug 2026,8/15/2026,8/2/2026,INR,63200 Facility Expenses : Equipment Rentals,ORIX Auto Infrastructure Services Limited,56,USD,204 - Performance Marketing,20 - Learning Services,,Bill,,,,False,,
3 - Chegg India Pv. Lt.,Aug 2026,8/15/2026,8/2/2026,INR,63200 Facility Expenses : Equipment Rentals,ORIX Auto Infrastructure Services Limited,57,USD,325 - FP & A,00 - Corporate,,Bill,,,,False,,
3 - Chegg India Pv. Lt.,Aug 2026,8/15/2026,8/2/2026,INR,63200 Facility Expenses : Equipment Rentals,ORIX Auto Infrastructure Services Limited,64,USD,350 - Workplace Services,00 - Corporate,,Bill,,,,False,,
3 - Chegg India Pv. Lt.,Aug 2026,8/15/2026,8/2/2026,INR,63200 Facility Expenses : Equipment Rentals,ORIX Auto Infrastructure Services Limited,67,USD,380 - Content Operations,46 - Content Services,Expense Out - Expense Account,Bill,,,,False,,
3 - Chegg India Pv. Lt.,Aug 2026,8/15/2026,8/2/2026,INR,63200 Facility Expenses : Equipment Rentals,ORIX Auto Infrastructure Services Limited,70,USD,360 - General Management,20 - Learning Services,Expense Out - Expense Account,Bill,,,,False,,
3 - Chegg India Pv. Lt.,Aug 2026,8/15/2026,8/2/2026,INR,63200 Facility Expenses : Equipment Rentals,ORIX Auto Infrastructure Services Limited,75,USD,321 - Accounting,00 - Corporate,,Bill,,,,False,,
3 - Chegg India Pv. Lt.,Aug 2026,8/15/2026,8/2/2026,INR,63200 Facility Expenses : Equipment Rentals,ORIX Auto Infrastructure Services Limited,77,USD,160 - Commerce Engineering,20 - Learning Services,,Bill,,,,False,,
3 - Chegg India Pv. Lt.,Aug 2026,8/15/2026,8/2/2026,INR,63200 Facility Expenses : Equipment Rentals,ORIX Auto Infrastructure Services Limited,77,USD,321 - Accounting,00 - Corporate,,Bill,,,,False,,
3 - Chegg India Pv. Lt.,Aug 2026,8/15/2026,8/2/2026,INR,63200 Facility Expenses : Equipment Rentals,ORIX Auto Infrastructure Services Limited,81,USD,160 - Commerce Engineering,20 - Learning Services,,Bill,,,,False,,
3 - Chegg India Pv. Lt.,Aug 2026,8/15/2026,8/2/2026,INR,63200 Facility Expenses : Equipment Rentals,ORIX Auto Infrastructure Services Limited,83,USD,341 - HR Operations,00 - Corporate,Expense Out - Expense Account,Bill,,,,False,,
3 - Chegg India Pv. Lt.,Aug 2026,8/15/2026,8/2/2026,INR,63200 Facility Expenses : Equipment Rentals,ORIX Auto Infrastructure Services Limited,83,USD,360 - General Management,20 - Learning Services,,Bill,,,,False,,
3 - Chegg India Pv. Lt.,Aug 2026,8/15/2026,8/2/2026,INR,63200 Facility Expenses : Equipment Rentals,ORIX Auto Infrastructure Services Limited,115,USD,204 - Performance Marketing,20 - Learning Services,Expense Out - Expense Account,Bill,,,,False,,
3 - Chegg India Pv. Lt.,Aug 2026,8/15/2026,8/2/2026,INR,63200 Facility Expenses : Equipment Rentals,ORIX Auto Infrastructure Services Limited,118,USD,385 - Content Development,20 - Learning Services,Expense Out - Expense Account,Bill,,,,False,,
3 - Chegg India Pv. Lt.,Aug 2026,8/15/2026,8/2/2026,INR,63200 Facility Expenses : Equipment Rentals,ORIX Auto Infrastructure Services Limited,120,USD,325 - FP & A,00 - Corporate,Expense Out - Expense Account,Bill,,,,False,,
3 - Chegg India Pv. Lt.,Aug 2026,8/15/2026,8/2/2026,INR,63200 Facility Expenses : Equipment Rentals,ORIX Auto Infrastructure Services Limited,150,USD,380 - Content Operations,46 - Content Services,,Bill,,,,False,,
3 - Chegg India Pv. Lt.,Aug 2026,8/15/2026,8/2/2026,INR,63200 Facility Expenses : Equipment Rentals,ORIX Auto Infrastructure Services Limited,168,USD,321 - Accounting,00 - Corporate,Expense Out - Expense Account,Bill,,,,False,,
3 - Chegg India Pv. Lt.,Aug 2026,8/15/2026,8/2/2026,INR,63200 Facility Expenses : Equipment Rentals,ORIX Auto Infrastructure Services Limited,168,USD,380 - Content Operations,46 - Content Services,,Bill,,,,False,,
3 - Chegg India Pv. Lt.,Aug 2026,8/15/2026,8/2/2026,INR,63200 Facility Expenses : Equipment Rentals,ORIX Auto Infrastructure Services Limited,173,USD,160 - Commerce Engineering,20 - Learning Services,Expense Out - Expense Account,Bill,,,,False,,
3 - Chegg India Pv. Lt.,Aug 2026,8/15/2026,8/2/2026,INR,63200 Facility Expenses : Equipment Rentals,ORIX Auto Infrastructure Services Limited,208,USD,341 - HR Operations,00 - Corporate,,Bill,,,,False,,
3 - Chegg India Pv. Lt.,Aug 2026,8/15/2026,8/2/2026,INR,63200 Facility Expenses : Equipment Rentals,ORIX Auto Infrastructure Services Limited,287,USD,204 - Performance Marketing,20 - Learning Services,,Bill,,,,False,,
3 - Chegg India Pv. Lt.,Aug 2026,8/15/2026,8/2/2026,INR,63200 Facility Expenses : Equipment Rentals,ORIX Auto Infrastructure Services Limited,294,USD,385 - Content Development,20 - Learning Services,,Bill,,,,False,,
3 - Chegg India Pv. Lt.,Aug 2026,8/15/2026,8/2/2026,INR,63200 Facility Expenses : Equipment Rentals,ORIX Auto Infrastructure Services Limited,301,USD,325 - FP & A,00 - Corporate,,Bill,,,,False,,
3 - Chegg India Pv. Lt.,Aug 2026,8/15/2026,8/2/2026,INR,63200 Facility Expenses : Equipment Rentals,ORIX Auto Infrastructure Services Limited,419,USD,321 - Accounting,00 - Corporate,,Bill,,,,False,,
3 - Chegg India Pv. Lt.,Aug 2026,8/15/2026,8/2/2026,INR,63200 Facility Expenses : Equipment Rentals,ORIX Auto Infrastructure Services Limited,433,USD,160 - Commerce Engineering,20 - Learning Services,,Bill,,,,False,,
3 - Chegg India Pv. Lt.,Aug 2026,8/15/2026,8/2/2026,INR,63200 Facility Expenses : Equipment Rentals,ORIX Auto Infrastructure Services Limited,556,USD,331 - Legal,00 - Corporate,,Bill,,,,False,,
3 - Chegg India Pv. Lt.,Aug 2026,8/15/2026,8/2/2026,INR,63200 Facility Expenses : Equipment Rentals,ORIX Auto Infrastructure Services Limited,687,USD,137 - Platform - Content Engineering,20 - Learning Services,,Bill,,,,False,,
3 - Chegg India Pv. Lt.,Aug 2026,8/15/2026,8/2/2026,INR,63200 Facility Expenses : Equipment Rentals,ORIX Auto Infrastructure Services Limited,883,USD,350 - Workplace Services,00 - Corporate,,Bill,,,,False,,
3 - Chegg India Pv. Lt.,Aug 2026,8/15/2026,8/2/2026,INR,63200 Facility Expenses : Equipment Rentals,ORIX Auto Infrastructure Services Limited,"1,390",USD,360 - General Management,20 - Learning Services,,Bill,,,,False,,
3 - Chegg India Pv. Lt.,Aug 2026,8/15/2026,8/3/2026,INR,60290 Other Compensation and Benefits : Other Employee Benefits,Varun Enterprises,27,USD,350 - Workplace Services,00 - Corporate,Expense Out - Expense Account,Bill,,,,False,,
3 - Chegg India Pv. Lt.,Aug 2026,8/15/2026,8/3/2026,INR,60290 Other Compensation and Benefits : Other Employee Benefits,Varun Enterprises,148,USD,350 - Workplace Services,00 - Corporate,,Bill,,,,False,,
3 - Chegg India Pv. Lt.,Aug 2026,8/15/2026,8/3/2026,INR,66170 Office Expenses : Bank Service Charges,Vendor,1,USD,321 - Accounting,00 - Corporate,Charges for duplicate statement in August 2026,Journal,,,,False,,
3 - Chegg India Pv. Lt.,Aug 2026,8/15/2026,8/3/2026,INR,66200 Office Expenses : Office Supplies,LOTS WHOLESALE SOLUTIONS,3,USD,350 - Workplace Services,00 - Corporate,,Bill,,,,False,,
3 - Chegg India Pv. Lt.,Aug 2026,8/15/2026,8/3/2026,INR,66200 Office Expenses : Office Supplies,LOTS WHOLESALE SOLUTIONS,18,USD,350 - Workplace Services,00 - Corporate,,Bill,,,,False,,
3 - Chegg India Pv. Lt.,Aug 2026,8/15/2026,8/3/2026,INR,66300 Office Expenses : Food Services,LOTS WHOLESALE SOLUTIONS,0,USD,350 - Workplace Services,00 - Corporate,Expense Out - Expense Account,Bill,,,,False,,
3 - Chegg India Pv. Lt.,Aug 2026,8/15/2026,8/3/2026,INR,66300 Office Expenses : Food Services,LOTS WHOLESALE SOLUTIONS,1,USD,350 - Workplace Services,00 - Corporate,Expense Out - Expense Account,Bill,,,,False,,
3 - Chegg India Pv. Lt.,Aug 2026,8/15/2026,8/3/2026,INR,66300 Office Expenses : Food Services,LOTS WHOLESALE SOLUTIONS,1,USD,350 - Workplace Services,00 - Corporate,Expense Out - Expense Account,Bill,,,,False,,
3 - Chegg India Pv. Lt.,Aug 2026,8/15/2026,8/3/2026,INR,66300 Office Expenses : Food Services,LOTS WHOLESALE SOLUTIONS,1,USD,350 - Workplace Services,00 - Corporate,,Bill,,,,False,,
3 - Chegg India Pv. Lt.,Aug 2026,8/15/2026,8/3/2026,INR,66300 Office Expenses : Food Services,LOTS WHOLESALE SOLUTIONS,2,USD,350 - Workplace Services,00 - Corporate,Expense Out - Expense Account,Bill,,,,False,,
3 - Chegg India Pv. Lt.,Aug 2026,8/15/2026,8/3/2026,INR,66300 Office Expenses : Food Services,LOTS WHOLESALE SOLUTIONS,5,USD,350 - Workplace Services,00 - Corporate,Expense Out - Expense Account,Bill,,,,False,,
3 - Chegg India Pv. Lt.,Aug 2026,8/15/2026,8/3/2026,INR,66300 Office Expenses : Food Services,LOTS WHOLESALE SOLUTIONS,6,USD,350 - Workplace Services,00 - Corporate,,Bill,,,,False,,
3 - Chegg India Pv. Lt.,Aug 2026,8/15/2026,8/3/2026,INR,66300 Office Expenses : Food Services,LOTS WHOLESALE SOLUTIONS,12,USD,350 - Workplace Services,00 - Corporate,,Bill,,,,False,,
3 - Chegg India Pv. Lt.,Aug 2026,8/15/2026,8/3/2026,INR,66300 Office Expenses : Food Services,LOTS WHOLESALE SOLUTIONS,14,USD,350 - Workplace Services,00 - Corporate,,Bill,,,,False,,
3 - Chegg India Pv. Lt.,Aug 2026,8/15/2026,8/3/2026,INR,66300 Office Expenses : Food Services,LOTS WHOLESALE SOLUTIONS,14,USD,350 - Workplace Services,00 - Corporate,Expense Out - Expense Account,Bill,,,,False,,
3 - Chegg India Pv. Lt.,Aug 2026,8/15/2026,8/3/2026,INR,66300 Office Expenses : Food Services,LOTS WHOLESALE SOLUTIONS,23,USD,350 - Workplace Services,00 - Corporate,,Bill,,,,False,,
3 - Chegg India Pv. Lt.,Aug 2026,8/15/2026,8/3/2026,INR,66300 Office Expenses : Food Services,LOTS WHOLESALE SOLUTIONS,34,USD,350 - Workplace Services,00 - Corporate,,Bill,,,,False,,
3 - Chegg India Pv. Lt.,Aug 2026,8/15/2026,8/3/2026,INR,66300 Office Expenses : Food Services,LOTS WHOLESALE SOLUTIONS,36,USD,350 - Workplace Services,00 - Corporate,,Bill,,,,False,,
3 - Chegg India Pv. Lt.,Aug 2026,8/15/2026,8/3/2026,INR,66300 Office Expenses : Food Services,LOTS WHOLESALE SOLUTIONS,46,USD,350 - Workplace Services,00 - Corporate,,Bill,,,,False,,
3 - Chegg India Pv. Lt.,Aug 2026,8/15/2026,8/3/2026,INR,66300 Office Expenses : Food Services,LOTS WHOLESALE SOLUTIONS,73,USD,350 - Workplace Services,00 - Corporate,,Bill,,,,False,,
3 - Chegg India Pv. Lt.,Aug 2026,8/15/2026,8/3/2026,INR,66300 Office Expenses : Food Services,LOTS WHOLESALE SOLUTIONS,97,USD,350 - Workplace Services,00 - Corporate,,Bill,,,,False,,
3 - Chegg India Pv. Lt.,Aug 2026,8/15/2026,8/4/2026,INR,65720 Outside services : Contractors,TATA consultancy services LTD,"5,449",USD,341 - HR Operations,00 - Corporate,,Bill,,,,False,,
3 - Chegg India Pv. Lt.,Aug 2026,8/15/2026,8/5/2026,INR,63140 Facility Expenses : Utilities,Baani Technology Services Private Limited,539,USD,350 - Workplace Services,00 - Corporate,,Bill,,,,False,,
3 - Chegg India Pv. Lt.,Aug 2026,8/15/2026,8/5/2026,INR,63140 Facility Expenses : Utilities,Baani Technology Services Private Limited,639,USD,350 - Workplace Services,00 - Corporate,,Bill,,,,False,,
3 - Chegg India Pv. Lt.,Aug 2026,8/15/2026,8/5/2026,INR,63140 Facility Expenses : Utilities,Baani Technology Services Private Limited,991,USD,350 - Workplace Services,00 - Corporate,,Bill,,,,False,,
3 - Chegg India Pv. Lt.,Aug 2026,8/15/2026,8/5/2026,INR,63140 Facility Expenses : Utilities,Baani Technology Services Private Limited,"1,051",USD,350 - Workplace Services,00 - Corporate,,Bill,,,,False,,
3 - Chegg India Pv. Lt.,Aug 2026,8/15/2026,8/5/2026,INR,66200 Office Expenses : Office Supplies,DAYA SHANKAR NURSERY,157,USD,350 - Workplace Services,00 - Corporate,,Bill,,,,False,,
3 - Chegg India Pv. Lt.,Aug 2026,8/15/2026,8/6/2026,INR,65190 Professional fees : Other Consulting Fee,Cnergyis Infotech India Private Limited,508,USD,341 - HR Operations,00 - Corporate,,Bill,,,,False,,
3 - Chegg India Pv. Lt.,Aug 2026,8/15/2026,8/6/2026,INR,66300 Office Expenses : Food Services,Bhookemon Hospitality Services,20,USD,350 - Workplace Services,00 - Corporate,Expense Out - Expense Account,Bill,,,,False,,
3 - Chegg India Pv. Lt.,Aug 2026,8/15/2026,8/6/2026,INR,66300 Office Expenses : Food Services,Bhookemon Hospitality Services,399,USD,350 - Workplace Services,00 - Corporate,,Bill,,,,False,,
3 - Chegg India Pv. Lt.,Aug 2026,8/15/2026,8/6/2026,INR,66300 Office Expenses : Food Services,Mohd Athar Imam,6,USD,350 - Workplace Services,00 - Corporate,Expense Out - Expense Account,Bill,,,,False,,
3 - Chegg India Pv. Lt.,Aug 2026,8/15/2026,8/6/2026,INR,66300 Office Expenses : Food Services,Mohd Athar Imam,111,USD,350 - Workplace Services,00 - Corporate,,Bill,,,,False,,
3 - Chegg India Pv. Lt.,Aug 2026,8/15/2026,8/6/2026,INR,66300 Office Expenses : Food Services,Rawnest Private Limited,17,USD,350 - Workplace Services,00 - Corporate,Expense Out - Expense Account,Bill,,,,False,,
3 - Chegg India Pv. Lt.,Aug 2026,8/15/2026,8/6/2026,INR,66300 Office Expenses : Food Services,Rawnest Private Limited,349,USD,350 - Workplace Services,00 - Corporate,,Bill,,,,False,,
3 - Chegg India Pv. Lt.,Aug 2026,8/15/2026,8/7/2026,INR,60130 Salary & Wages : Intern Costs,Vendor,786,USD,380 - Content Operations,46 - Content Services,NATS Project Trainee payment for July 2026,Journal,,,,False,,
3 - Chegg India Pv. Lt.,Aug 2026,8/15/2026,8/7/2026,INR,66300 Office Expenses : Food Services,NATHU'S HOSPITALITY,53,USD,350 - Workplace Services,00 - Corporate,Expense Out - Expense Account,Bill,,,,False,,
3 - Chegg India Pv. Lt.,Aug 2026,8/15/2026,8/7/2026,INR,66300 Office Expenses : Food Services,NATHU'S HOSPITALITY,"1,070",USD,350 - Workplace Services,00 - Corporate,,Bill,,,,False,,
3 - Chegg India Pv. Lt.,Aug 2026,8/15/2026,8/10/2026,INR,65720 Outside services : Contractors,Vendor,418,USD,385 - Content Development,20 - Learning Services,Project Aristrotle payouts_July 26,Journal,,CNT-Q&A,CNT-Q&A,False,,
3 - Chegg India Pv. Lt.,Aug 2026,8/15/2026,8/10/2026,INR,66300 Office Expenses : Food Services,Dhanadhyaksha Global (OPC) Pvt Ltd,74,USD,350 - Workplace Services,00 - Corporate,Expense Out - Expense Account,Bill,,,,False,,
3 - Chegg India Pv. Lt.,Aug 2026,8/15/2026,8/10/2026,INR,66300 Office Expenses : Food Services,Dhanadhyaksha Global (OPC) Pvt Ltd,"1,489",USD,350 - Workplace Services,00 - Corporate,,Bill,,,,False,,
3 - Chegg India Pv. Lt.,Aug 2026,8/15/2026,8/11/2026,INR,65720 Outside services : Contractors,Vendor,"2,423",USD,520 - Educators,50 - Skills,Skill grading payment for July 2026,Journal,,,,False,,
3 - Chegg India Pv. Lt.,Aug 2026,8/15/2026,8/11/2026,INR,66170 Office Expenses : Bank Service Charges,Vendor,0,USD,321 - Accounting,00 - Corporate,BG Charges in August 2026,Journal,,,,False,,
3 - Chegg India Pv. Lt.,Aug 2026,8/15/2026,8/17/2026,INR,66300 Office Expenses : Food Services,LOTS WHOLESALE SOLUTIONS,0,USD,350 - Workplace Services,00 - Corporate,Expense Out - Expense Account,Bill,,,,False,,
3 - Chegg India Pv. Lt.,Aug 2026,8/15/2026,8/17/2026,INR,66300 Office Expenses : Food Services,LOTS WHOLESALE SOLUTIONS,0,USD,350 - Workplace Services,00 - Corporate,Expense Out - Expense Account,Bill,,,,False,,
3 - Chegg India Pv. Lt.,Aug 2026,8/15/2026,8/17/2026,INR,66300 Office Expenses : Food Services,LOTS WHOLESALE SOLUTIONS,2,USD,350 - Workplace Services,00 - Corporate,Expense Out - Expense Account,Bill,,,,False,,
3 - Chegg India Pv. Lt.,Aug 2026,8/15/2026,8/17/2026,INR,66300 Office Expenses : Food Services,LOTS WHOLESALE SOLUTIONS,2,USD,350 - Workplace Services,00 - Corporate,Expense Out - Expense Account,Bill,,,,False,,
3 - Chegg India Pv. Lt.,Aug 2026,8/15/2026,8/17/2026,INR,66300 Office Expenses : Food Services,LOTS WHOLESALE SOLUTIONS,2,USD,350 - Workplace Services,00 - Corporate,Expense Out - Expense Account,Bill,,,,False,,
3 - Chegg India Pv. Lt.,Aug 2026,8/15/2026,8/17/2026,INR,66300 Office Expenses : Food Services,LOTS WHOLESALE SOLUTIONS,3,USD,350 - Workplace Services,00 - Corporate,Expense Out - Expense Account,Bill,,,,False,,
3 - Chegg India Pv. Lt.,Aug 2026,8/15/2026,8/17/2026,INR,66300 Office Expenses : Food Services,LOTS WHOLESALE SOLUTIONS,3,USD,350 - Workplace Services,00 - Corporate,Expense Out - Expense Account,Bill,,,,False,,
3 - Chegg India Pv. Lt.,Aug 2026,8/15/2026,8/17/2026,INR,66300 Office Expenses : Food Services,LOTS WHOLESALE SOLUTIONS,3,USD,350 - Workplace Services,00 - Corporate,,Bill,,,,False,,
3 - Chegg India Pv. Lt.,Aug 2026,8/15/2026,8/17/2026,INR,66300 Office Expenses : Food Services,LOTS WHOLESALE SOLUTIONS,4,USD,350 - Workplace Services,00 - Corporate,,Bill,,,,False,,
3 - Chegg India Pv. Lt.,Aug 2026,8/15/2026,8/17/2026,INR,66300 Office Expenses : Food Services,LOTS WHOLESALE SOLUTIONS,6,USD,350 - Workplace Services,00 - Corporate,,Bill,,,,False,,
3 - Chegg India Pv. Lt.,Aug 2026,8/15/2026,8/17/2026,INR,66300 Office Expenses : Food Services,LOTS WHOLESALE SOLUTIONS,8,USD,350 - Workplace Services,00 - Corporate,,Bill,,,,False,,
3 - Chegg India Pv. Lt.,Aug 2026,8/15/2026,8/17/2026,INR,66300 Office Expenses : Food Services,LOTS WHOLESALE SOLUTIONS,33,USD,350 - Workplace Services,00 - Corporate,,Bill,,,,False,,
3 - Chegg India Pv. Lt.,Aug 2026,8/15/2026,8/17/2026,INR,66300 Office Expenses : Food Services,LOTS WHOLESALE SOLUTIONS,35,USD,350 - Workplace Services,00 - Corporate,,Bill,,,,False,,
3 - Chegg India Pv. Lt.,Aug 2026,8/15/2026,8/17/2026,INR,66300 Office Expenses : Food Services,LOTS WHOLESALE SOLUTIONS,40,USD,350 - Workplace Services,00 - Corporate,,Bill,,,,False,,
3 - Chegg India Pv. Lt.,Aug 2026,8/15/2026,8/17/2026,INR,66300 Office Expenses : Food Services,LOTS WHOLESALE SOLUTIONS,43,USD,350 - Workplace Services,00 - Corporate,,Bill,,,,False,,
3 - Chegg India Pv. Lt.,Aug 2026,8/15/2026,8/17/2026,INR,66300 Office Expenses : Food Services,LOTS WHOLESALE SOLUTIONS,53,USD,350 - Workplace Services,00 - Corporate,,Bill,,,,False,,
3 - Chegg India Pv. Lt.,Aug 2026,8/15/2026,8/17/2026,INR,66300 Office Expenses : Food Services,LOTS WHOLESALE SOLUTIONS,67,USD,350 - Workplace Services,00 - Corporate,,Bill,,,,False,,
3 - Chegg India Pv. Lt.,Aug 2026,8/15/2026,8/17/2026,INR,66300 Office Expenses : Food Services,LOTS WHOLESALE SOLUTIONS,68,USD,350 - Workplace Services,00 - Corporate,Expense Out - Expense Account,Bill,,,,False,,
3 - Chegg India Pv. Lt.,Aug 2026,8/15/2026,8/17/2026,INR,66300 Office Expenses : Food Services,LOTS WHOLESALE SOLUTIONS,169,USD,350 - Workplace Services,00 - Corporate,,Bill,,,,False,,
3 - Chegg India Pv. Lt.,Aug 2026,8/15/2026,8/18/2026,INR,65190 Professional fees : Other Consulting Fee,SNVA & Company,323,USD,321 - Accounting,00 - Corporate,,Bill,,,,False,,
3 - Chegg India Pv. Lt.,Aug 2026,8/15/2026,8/19/2026,INR,62110 Technology Expenses : Software License/Renewal/Support - Electronically Delivered,Vendor,60,USD,380 - Content Operations,46 - Content Services,Reimbursement for Purchased a tool to experiment for Aristotle Ops paid to Khushi Kumar,Journal,,,,False,,
3 - Chegg India Pv. Lt.,Aug 2026,8/15/2026,8/19/2026,INR,63180 Facility Expenses : Equipment Repairs & Maintenance,Vendor,28,USD,321 - Accounting,00 - Corporate,Reimbursement for IT material purchased Mouse & Keyboard paid to Jyoti Singh,Journal,,,,False,,
3 - Chegg India Pv. Lt.,Aug 2026,8/15/2026,8/19/2026,INR,63180 Facility Expenses : Equipment Repairs & Maintenance,Vendor,41,USD,325 - FP & A,00 - Corporate,Reimbursement for Purchased a keyboard since a few keys in laptop not working paid to Sanjana Sachdeva,Journal,,,,False,,
3 - Chegg India Pv. Lt.,Aug 2026,8/15/2026,8/19/2026,INR,64135 Travel & Entertainment : Team Building Meals / Events,Vendor,33,USD,160 - Commerce Engineering,20 - Learning Services,Reimbursement for Lunch with Alex paid to Bhavya Gupta,Journal,,,,False,,
3 - Chegg India Pv. Lt.,Aug 2026,8/15/2026,8/19/2026,INR,"64190 Travel & Entertainment : Other Travel (tips, etc.)",Vendor,288,USD,341 - HR Operations,00 - Corporate,Reimbursement for food and others related to Project Aries paid to Mohammed Imran,Journal,,,,False,,
3 - Chegg India Pv. Lt.,Aug 2026,8/15/2026,8/19/2026,INR,65120 Professional fees : Tax Fees,Vendor,6,USD,321 - Accounting,00 - Corporate,Reimbursement for Fees for TAN Amendment paid to Shubham Vasuja,Journal,,,,False,,
3 - Chegg India Pv. Lt.,Aug 2026,8/15/2026,8/19/2026,INR,66300 Office Expenses : Food Services,LOTS WHOLESALE SOLUTIONS,2,USD,350 - Workplace Services,00 - Corporate,Expense Out - Expense Account,Bill,,,,False,,
3 - Chegg India Pv. Lt.,Aug 2026,8/15/2026,8/19/2026,INR,66300 Office Expenses : Food Services,LOTS WHOLESALE SOLUTIONS,4,USD,350 - Workplace Services,00 - Corporate,,Bill,,,,False,,
3 - Chegg India Pv. Lt.,Aug 2026,8/15/2026,8/19/2026,INR,66300 Office Expenses : Food Services,LOTS WHOLESALE SOLUTIONS,14,USD,350 - Workplace Services,00 - Corporate,Expense Out - Expense Account,Bill,,,,False,,
3 - Chegg India Pv. Lt.,Aug 2026,8/15/2026,8/19/2026,INR,66300 Office Expenses : Food Services,LOTS WHOLESALE SOLUTIONS,17,USD,350 - Workplace Services,00 - Corporate,,Bill,,,,False,,
3 - Chegg India Pv. Lt.,Aug 2026,8/15/2026,8/19/2026,INR,66300 Office Expenses : Food Services,LOTS WHOLESALE SOLUTIONS,35,USD,350 - Workplace Services,00 - Corporate,,Bill,,,,False,,
3 - Chegg India Pv. Lt.,Aug 2026,8/15/2026,8/19/2026,INR,66300 Office Expenses : Food Services,LOTS WHOLESALE SOLUTIONS,37,USD,350 - Workplace Services,00 - Corporate,,Bill,,,,False,,
3 - Chegg India Pv. Lt.,Aug 2026,8/15/2026,8/20/2026,INR,66300 Office Expenses : Food Services,LOTS WHOLESALE SOLUTIONS,0,USD,350 - Workplace Services,00 - Corporate,Expense Out - Expense Account,Bill,,,,False,,
3 - Chegg India Pv. Lt.,Aug 2026,8/15/2026,8/20/2026,INR,66300 Office Expenses : Food Services,LOTS WHOLESALE SOLUTIONS,1,USD,350 - Workplace Services,00 - Corporate,,Bill,,,,False,,
3 - Chegg India Pv. Lt.,Aug 2026,8/15/2026,8/20/2026,INR,66300 Office Expenses : Food Services,LOTS WHOLESALE SOLUTIONS,5,USD,350 - Workplace Services,00 - Corporate,,Bill,,,,False,,
3 - Chegg India Pv. Lt.,Aug 2026,8/15/2026,8/21/2026,INR,63180 Facility Expenses : Equipment Repairs & Maintenance,Swajal Water Private Limited,31,USD,350 - Workplace Services,00 - Corporate,,Bill,,,,False,,
3 - Chegg India Pv. Lt.,Aug 2026,8/15/2026,8/24/2026,INR,65190 Professional fees : Other Consulting Fee,United Consultancy Services (I) Pvt. Ltd.,156,USD,341 - HR Operations,00 - Corporate,,Bill,,,,False,,
3 - Chegg India Pv. Lt.,Aug 2026,8/15/2026,8/24/2026,INR,65720 Outside services : Contractors,HyreFox Consultants Pvt. Ltd.,"3,552",USD,130 - Platform - Marketing Technology,20 - Learning Services,,Bill,,,,False,,
3 - Chegg India Pv. Lt.,Aug 2026,8/15/2026,8/26/2026,INR,63180 Facility Expenses : Equipment Repairs & Maintenance,Vendor,21,USD,342 - Talent Acquisition,00 - Corporate,Reimbursement for Earphone purchase to Amandeep Kaur,Journal,,,,False,,
3 - Chegg India Pv. Lt.,Aug 2026,8/15/2026,8/26/2026,INR,63180 Facility Expenses : Equipment Repairs & Maintenance,Vendor,21,USD,325 - FP & A,00 - Corporate,Reimbursement for Wired Headphones for macbook (USB C type) to Pankaj Saroha,Journal,,,,False,,
3 - Chegg India Pv. Lt.,Aug 2026,8/15/2026,8/26/2026,INR,64100 Travel & Entertainment : Airfare,Vendor,977,USD,331 - Legal,00 - Corporate,Reimbursement for Project Ares to Garima Agarwal,Journal,,,,False,,
3 - Chegg India Pv. Lt.,Aug 2026,8/15/2026,8/26/2026,INR,64135 Travel & Entertainment : Team Building Meals / Events,Vendor,190,USD,367 - Portfolio Management Office,50 - Skills,Reimbursement for US Visa Fees to Nisha Maheshwari,Journal,,,,False,,
3 - Chegg India Pv. Lt.,Aug 2026,8/15/2026,8/26/2026,INR,64170 Travel & Entertainment : Hotel/Lodging,Vendor,"2,228",USD,341 - HR Operations,00 - Corporate,Reimbursement for Project Ares to Garima Agarwal,Journal,,,,False,,
3 - Chegg India Pv. Lt.,Aug 2026,8/15/2026,8/26/2026,INR,"64190 Travel & Entertainment : Other Travel (tips, etc.)",Vendor,122,USD,331 - Legal,00 - Corporate,Reimbursement for Project Ares to Garima Agarwal,Journal,,,,False,,
3 - Chegg India Pv. Lt.,Aug 2026,8/15/2026,8/26/2026,INR,66200 Office Expenses : Office Supplies,LOTS WHOLESALE SOLUTIONS,4,USD,350 - Workplace Services,00 - Corporate,,Bill,,,,False,,
3 - Chegg India Pv. Lt.,Aug 2026,8/15/2026,8/26/2026,INR,66200 Office Expenses : Office Supplies,LOTS WHOLESALE SOLUTIONS,6,USD,350 - Workplace Services,00 - Corporate,,Bill,,,,False,,
3 - Chegg India Pv. Lt.,Aug 2026,8/15/2026,8/26/2026,INR,66200 Office Expenses : Office Supplies,LOTS WHOLESALE SOLUTIONS,7,USD,350 - Workplace Services,00 - Corporate,,Bill,,,,False,,
3 - Chegg India Pv. Lt.,Aug 2026,8/15/2026,8/26/2026,INR,66200 Office Expenses : Office Supplies,LOTS WHOLESALE SOLUTIONS,57,USD,350 - Workplace Services,00 - Corporate,,Bill,,,,False,,
3 - Chegg India Pv. Lt.,Aug 2026,8/15/2026,8/26/2026,INR,66200 Office Expenses : Office Supplies,R. CONSULTANTS PRIVATE LIMITED,14,USD,350 - Workplace Services,00 - Corporate,,Bill,,,,False,,
3 - Chegg India Pv. Lt.,Aug 2026,8/15/2026,8/26/2026,INR,66200 Office Expenses : Office Supplies,R. CONSULTANTS PRIVATE LIMITED,63,USD,350 - Workplace Services,00 - Corporate,,Bill,,,,False,,
3 - Chegg India Pv. Lt.,Aug 2026,8/15/2026,8/26/2026,INR,66200 Office Expenses : Office Supplies,R. CONSULTANTS PRIVATE LIMITED,"1,955",USD,350 - Workplace Services,00 - Corporate,,Bill,,,,False,,
3 - Chegg India Pv. Lt.,Aug 2026,8/15/2026,8/26/2026,INR,66300 Office Expenses : Food Services,LOTS WHOLESALE SOLUTIONS,3,USD,350 - Workplace Services,00 - Corporate,Expense Out - Expense Account,Bill,,,,False,,
3 - Chegg India Pv. Lt.,Aug 2026,8/15/2026,8/26/2026,INR,66300 Office Expenses : Food Services,LOTS WHOLESALE SOLUTIONS,3,USD,350 - Workplace Services,00 - Corporate,,Bill,,,,False,,
3 - Chegg India Pv. Lt.,Aug 2026,8/15/2026,8/26/2026,INR,66300 Office Expenses : Food Services,LOTS WHOLESALE SOLUTIONS,15,USD,350 - Workplace Services,00 - Corporate,Expense Out - Expense Account,Bill,,,,False,,
3 - Chegg India Pv. Lt.,Aug 2026,8/15/2026,8/26/2026,INR,66300 Office Expenses : Food Services,LOTS WHOLESALE SOLUTIONS,36,USD,350 - Workplace Services,00 - Corporate,,Bill,,,,False,,
3 - Chegg India Pv. Lt.,Aug 2026,8/15/2026,8/26/2026,INR,66300 Office Expenses : Food Services,LOTS WHOLESALE SOLUTIONS,52,USD,350 - Workplace Services,00 - Corporate,,Bill,,,,False,,
3 - Chegg India Pv. Lt.,Aug 2026,8/15/2026,8/27/2026,INR,60100 Salary & Wages : Salary Expense,Vendor,-650,USD,141 - Engineering Engagement,50 - Skills,Leave encashment payable transferred to Compensation Payable - Aug 2026,Journal,,,,False,,
3 - Chegg India Pv. Lt.,Aug 2026,8/15/2026,8/27/2026,INR,60100 Salary & Wages : Salary Expense,Vendor,16,USD,102 - Product - Engagement,50 - Skills,Salary Expense_Variable Component (Referral Bonus+Leave Encashment+Joining Bonus+spot bonus+Long Service Award+Internet allowance+Relocation Allowance) for the month of Aug 2026,Journal,,,,False,,
3 - Chegg India Pv. Lt.,Aug 2026,8/15/2026,8/27/2026,INR,60100 Salary & Wages : Salary Expense,Vendor,16,USD,103 - Product - Monetization,50 - Skills,Salary Expense_Variable Component (Referral Bonus+Leave Encashment+Joining Bonus+spot bonus+Long Service Award+Internet allowance+Relocation Allowance) for the month of Aug 2026,Journal,,,,False,,
3 - Chegg India Pv. Lt.,Aug 2026,8/15/2026,8/27/2026,INR,60100 Salary & Wages : Salary Expense,Vendor,16,USD,112 - User Experience - Engagement,50 - Skills,Salary Expense_Variable Component (Referral Bonus+Leave Encashment+Joining Bonus+spot bonus+Long Service Award+Internet allowance+Relocation Allowance) for the month of Aug 2026,Journal,,,,False,,
3 - Chegg India Pv. Lt.,Aug 2026,8/15/2026,8/27/2026,INR,60100 Salary & Wages : Salary Expense,Vendor,16,USD,130 - Platform - Marketing Technology,50 - Skills,Salary Expense_Variable Component (Referral Bonus+Leave Encashment+Joining Bonus+spot bonus+Long Service Award+Internet allowance+Relocation Allowance) for the month of Aug 2026,Journal,,,,False,,
3 - Chegg India Pv. Lt.,Aug 2026,8/15/2026,8/27/2026,INR,60100 Salary & Wages : Salary Expense,Vendor,16,USD,350 - Workplace Services,00 - Corporate,Salary Expense_Variable Component (Referral Bonus+Leave Encashment+Joining Bonus+spot bonus+Long Service Award+Internet allowance+Relocation Allowance) for the month of Aug 2026,Journal,,,,False,,
3 - Chegg India Pv. Lt.,Aug 2026,8/15/2026,8/27/2026,INR,60100 Salary & Wages : Salary Expense,Vendor,16,USD,360 - General Management,46 - Content Services,Salary Expense_Variable Component (Referral Bonus+Leave Encashment+Joining Bonus+spot bonus+Long Service Award+Internet allowance+Relocation Allowance) for the month of Aug 2026,Journal,,,,False,,
3 - Chegg India Pv. Lt.,Aug 2026,8/15/2026,8/27/2026,INR,60100 Salary & Wages : Salary Expense,Vendor,16,USD,360 - General Management,60 - Busuu,Salary Expense_Variable Component (Referral Bonus+Leave Encashment+Joining Bonus+spot bonus+Long Service Award+Internet allowance+Relocation Allowance) for the month of Aug 2026,Journal,,,,False,,
3 - Chegg India Pv. Lt.,Aug 2026,8/15/2026,8/27/2026,INR,60100 Salary & Wages : Salary Expense,Vendor,16,USD,367 - Portfolio Management Office,50 - Skills,Salary Expense_Variable Component (Referral Bonus+Leave Encashment+Joining Bonus+spot bonus+Long Service Award+Internet allowance+Relocation Allowance) for the month of Aug 2026,Journal,,,,False,,
3 - Chegg India Pv. Lt.,Aug 2026,8/15/2026,8/27/2026,INR,60100 Salary & Wages : Salary Expense,Vendor,16,USD,380 - Content Operations,20 - Learning Services,Salary Expense_Variable Component (Referral Bonus+Leave Encashment+Joining Bonus+spot bonus+Long Service Award+Internet allowance+Relocation Allowance) for the month of Aug 2026,Journal,,,,False,,
3 - Chegg India Pv. Lt.,Aug 2026,8/15/2026,8/27/2026,INR,60100 Salary & Wages : Salary Expense,Vendor,16,USD,390 - Compliance,00 - Corporate,Salary Expense_Variable Component (Referral Bonus+Leave Encashment+Joining Bonus+spot bonus+Long Service Award+Internet allowance+Relocation Allowance) for the month of Aug 2026,Journal,,,,False,,
3 - Chegg India Pv. Lt.,Aug 2026,8/15/2026,8/27/2026,INR,60100 Salary & Wages : Salary Expense,Vendor,16,USD,390 - Compliance,20 - Learning Services,Salary Expense_Variable Component (Referral Bonus+Leave Encashment+Joining Bonus+spot bonus+Long Service Award+Internet allowance+Relocation Allowance) for the month of Aug 2026,Journal,,,,False,,
3 - Chegg India Pv. Lt.,Aug 2026,8/15/2026,8/27/2026,INR,60100 Salary & Wages : Salary Expense,Vendor,16,USD,391 - Consumer Operations,50 - Skills,Salary Expense_Variable Component (Referral Bonus+Leave Encashment+Joining Bonus+spot bonus+Long Service Award+Internet allowance+Relocation Allowance) for the month of Aug 2026,Journal,,,,False,,
3 - Chegg India Pv. Lt.,Aug 2026,8/15/2026,8/27/2026,INR,60100 Salary & Wages : Salary Expense,Vendor,16,USD,392 - Information Security,00 - Corporate,Salary Expense_Variable Component (Referral Bonus+Leave Encashment+Joining Bonus+spot bonus+Long Service Award+Internet allowance+Relocation Allowance) for the month of Aug 2026,Journal,,,,False,,
3 - Chegg India Pv. Lt.,Aug 2026,8/15/2026,8/27/2026,INR,60100 Salary & Wages : Salary Expense,Vendor,19,USD,102 - Product - Engagement,50 - Skills,EPF Employer Contribution for the month of Aug 2026,Journal,,,,False,,
3 - Chegg India Pv. Lt.,Aug 2026,8/15/2026,8/27/2026,INR,60100 Salary & Wages : Salary Expense,Vendor,19,USD,103 - Product - Monetization,50 - Skills,EPF Employer Contribution for the month of Aug 2026,Journal,,,,False,,
3 - Chegg India Pv. Lt.,Aug 2026,8/15/2026,8/27/2026,INR,60100 Salary & Wages : Salary Expense,Vendor,19,USD,112 - User Experience - Engagement,50 - Skills,EPF Employer Contribution for the month of Aug 2026,Journal,,,,False,,
3 - Chegg India Pv. Lt.,Aug 2026,8/15/2026,8/27/2026,INR,60100 Salary & Wages : Salary Expense,Vendor,19,USD,130 - Platform - Marketing Technology,50 - Skills,EPF Employer Contribution for the month of Aug 2026,Journal,,,,False,,
3 - Chegg India Pv. Lt.,Aug 2026,8/15/2026,8/27/2026,INR,60100 Salary & Wages : Salary Expense,Vendor,19,USD,350 - Workplace Services,00 - Corporate,EPF Employer Contribution for the month of Aug 2026,Journal,,,,False,,
3 - Chegg India Pv. Lt.,Aug 2026,8/15/2026,8/27/2026,INR,60100 Salary & Wages : Salary Expense,Vendor,19,USD,360 - General Management,46 - Content Services,EPF Employer Contribution for the month of Aug 2026,Journal,,,,False,,
3 - Chegg India Pv. Lt.,Aug 2026,8/15/2026,8/27/2026,INR,60100 Salary & Wages : Salary Expense,Vendor,19,USD,367 - Portfolio Management Office,20 - Learning Services,EPF Employer Contribution for the month of Aug 2026,Journal,,,,False,,
3 - Chegg India Pv. Lt.,Aug 2026,8/15/2026,8/27/2026,INR,60100 Salary & Wages : Salary Expense,Vendor,19,USD,367 - Portfolio Management Office,50 - Skills,EPF Employer Contribution for the month of Aug 2026,Journal,,,,False,,
3 - Chegg India Pv. Lt.,Aug 2026,8/15/2026,8/27/2026,INR,60100 Salary & Wages : Salary Expense,Vendor,19,USD,380 - Content Operations,20 - Learning Services,EPF Employer Contribution for the month of Aug 2026,Journal,,,,False,,
3 - Chegg India Pv. Lt.,Aug 2026,8/15/2026,8/27/2026,INR,60100 Salary & Wages : Salary Expense,Vendor,19,USD,390 - Compliance,00 - Corporate,EPF Employer Contribution for the month of Aug 2026,Journal,,,,False,,
3 - Chegg India Pv. Lt.,Aug 2026,8/15/2026,8/27/2026,INR,60100 Salary & Wages : Salary Expense,Vendor,19,USD,390 - Compliance,20 - Learning Services,EPF Employer Contribution for the month of Aug 2026,Journal,,,,False,,
3 - Chegg India Pv. Lt.,Aug 2026,8/15/2026,8/27/2026,INR,60100 Salary & Wages : Salary Expense,Vendor,19,USD,391 - Consumer Operations,50 - Skills,EPF Employer Contribution for the month of Aug 2026,Journal,,,,False,,
3 - Chegg India Pv. Lt.,Aug 2026,8/15/2026,8/27/2026,INR,60100 Salary & Wages : Salary Expense,Vendor,19,USD,392 - Information Security,00 - Corporate,EPF Employer Contribution for the month of Aug 2026,Journal,,,,False,,
3 - Chegg India Pv. Lt.,Aug 2026,8/15/2026,8/27/2026,INR,60100 Salary & Wages : Salary Expense,Vendor,31,USD,103 - Product - Monetization,20 - Learning Services,Salary Expense_Variable Component (Referral Bonus+Leave Encashment+Joining Bonus+spot bonus+Long Service Award+Internet allowance+Relocation Allowance) for the month of Aug 2026,Journal,,,,False,,
3 - Chegg India Pv. Lt.,Aug 2026,8/15/2026,8/27/2026,INR,60100 Salary & Wages : Salary Expense,Vendor,31,USD,139 - Platform - CloudOps,20 - Learning Services,Salary Expense_Variable Component (Referral Bonus+Leave Encashment+Joining Bonus+spot bonus+Long Service Award+Internet allowance+Relocation Allowance) for the month of Aug 2026,Journal,,,,False,,
3 - Chegg India Pv. Lt.,Aug 2026,8/15/2026,8/27/2026,INR,60100 Salary & Wages : Salary Expense,Vendor,31,USD,155 - Knowledge & Platforms,50 - Skills,Salary Expense_Variable Component (Referral Bonus+Leave Encashment+Joining Bonus+spot bonus+Long Service Award+Internet allowance+Relocation Allowance) for the month of Aug 2026,Journal,,,,False,,
3 - Chegg India Pv. Lt.,Aug 2026,8/15/2026,8/27/2026,INR,60100 Salary & Wages : Salary Expense,Vendor,31,USD,204 - Performance Marketing,60 - Busuu,Salary Expense_Variable Component (Referral Bonus+Leave Encashment+Joining Bonus+spot bonus+Long Service Award+Internet allowance+Relocation Allowance) for the month of Aug 2026,Journal,,,,False,,
3 - Chegg India Pv. Lt.,Aug 2026,8/15/2026,8/27/2026,INR,60100 Salary & Wages : Salary Expense,Vendor,31,USD,205 - SEO Marketing,60 - Busuu,Salary Expense_Variable Component (Referral Bonus+Leave Encashment+Joining Bonus+spot bonus+Long Service Award+Internet allowance+Relocation Allowance) for the month of Aug 2026,Journal,,,,False,,
3 - Chegg India Pv. Lt.,Aug 2026,8/15/2026,8/27/2026,INR,60100 Salary & Wages : Salary Expense,Vendor,31,USD,206 - Customer Relationship Marketing,60 - Busuu,Salary Expense_Variable Component (Referral Bonus+Leave Encashment+Joining Bonus+spot bonus+Long Service Award+Internet allowance+Relocation Allowance) for the month of Aug 2026,Journal,,,,False,,
3 - Chegg India Pv. Lt.,Aug 2026,8/15/2026,8/27/2026,INR,60100 Salary & Wages : Salary Expense,Vendor,31,USD,370 - Learning Experience,20 - Learning Services,Salary Expense_Variable Component (Referral Bonus+Leave Encashment+Joining Bonus+spot bonus+Long Service Award+Internet allowance+Relocation Allowance) for the month of Aug 2026,Journal,,,,False,,
3 - Chegg India Pv. Lt.,Aug 2026,8/15/2026,8/27/2026,INR,60100 Salary & Wages : Salary Expense,Vendor,34,USD,350 - Workplace Services,00 - Corporate,NPS Employer Contribution for the month of Aug 2026,Journal,,,,False,,
3 - Chegg India Pv. Lt.,Aug 2026,8/15/2026,8/27/2026,INR,60100 Salary & Wages : Salary Expense,Vendor,38,USD,103 - Product - Monetization,20 - Learning Services,EPF Employer Contribution for the month of Aug 2026,Journal,,,,False,,
3 - Chegg India Pv. Lt.,Aug 2026,8/15/2026,8/27/2026,INR,60100 Salary & Wages : Salary Expense,Vendor,38,USD,155 - Knowledge & Platforms,50 - Skills,EPF Employer Contribution for the month of Aug 2026,Journal,,,,False,,
3 - Chegg India Pv. Lt.,Aug 2026,8/15/2026,8/27/2026,INR,60100 Salary & Wages : Salary Expense,Vendor,38,USD,204 - Performance Marketing,60 - Busuu,EPF Employer Contribution for the month of Aug 2026,Journal,,,,False,,
3 - Chegg India Pv. Lt.,Aug 2026,8/15/2026,8/27/2026,INR,60100 Salary & Wages : Salary Expense,Vendor,38,USD,205 - SEO Marketing,60 - Busuu,EPF Employer Contribution for the month of Aug 2026,Journal,,,,False,,
3 - Chegg India Pv. Lt.,Aug 2026,8/15/2026,8/27/2026,INR,60100 Salary & Wages : Salary Expense,Vendor,38,USD,206 - Customer Relationship Marketing,60 - Busuu,EPF Employer Contribution for the month of Aug 2026,Journal,,,,False,,
3 - Chegg India Pv. Lt.,Aug 2026,8/15/2026,8/27/2026,INR,60100 Salary & Wages : Salary Expense,Vendor,38,USD,370 - Learning Experience,20 - Learning Services,EPF Employer Contribution for the month of Aug 2026,Journal,,,,False,,
3 - Chegg India Pv. Lt.,Aug 2026,8/15/2026,8/27/2026,INR,60100 Salary & Wages : Salary Expense,Vendor,47,USD,130 - Platform - Marketing Technology,50 - Skills,NPS Employer Contribution for the month of Aug 2026,Journal,,,,False,,
3 - Chegg India Pv. Lt.,Aug 2026,8/15/2026,8/27/2026,INR,60100 Salary & Wages : Salary Expense,Vendor,47,USD,206 - Customer Relationship Marketing,20 - Learning Services,Salary Expense_Variable Component (Referral Bonus+Leave Encashment+Joining Bonus+spot bonus+Long Service Award+Internet allowance+Relocation Allowance) for the month of Aug 2026,Journal,,,,False,,
3 - Chegg India Pv. Lt.,Aug 2026,8/15/2026,8/27/2026,INR,60100 Salary & Wages : Salary Expense,Vendor,47,USD,215 - Advertising Operations,20 - Learning Services,Salary Expense_Variable Component (Referral Bonus+Leave Encashment+Joining Bonus+spot bonus+Long Service Award+Internet allowance+Relocation Allowance) for the month of Aug 2026,Journal,,,,False,,
3 - Chegg India Pv. Lt.,Aug 2026,8/15/2026,8/27/2026,INR,60100 Salary & Wages : Salary Expense,Vendor,47,USD,326 - Enterprise Systems & Applications,00 - Corporate,Salary Expense_Variable Component (Referral Bonus+Leave Encashment+Joining Bonus+spot bonus+Long Service Award+Internet allowance+Relocation Allowance) for the month of Aug 2026,Journal,,,,False,,
3 - Chegg India Pv. Lt.,Aug 2026,8/15/2026,8/27/2026,INR,60100 Salary & Wages : Salary Expense,Vendor,47,USD,331 - Legal,00 - Corporate,Salary Expense_Variable Component (Referral Bonus+Leave Encashment+Joining Bonus+spot bonus+Long Service Award+Internet allowance+Relocation Allowance) for the month of Aug 2026,Journal,,,,False,,
3 - Chegg India Pv. Lt.,Aug 2026,8/15/2026,8/27/2026,INR,60100 Salary & Wages : Salary Expense,Vendor,47,USD,342 - Talent Acquisition,00 - Corporate,Salary Expense_Variable Component (Referral Bonus+Leave Encashment+Joining Bonus+spot bonus+Long Service Award+Internet allowance+Relocation Allowance) for the month of Aug 2026,Journal,,,,False,,
3 - Chegg India Pv. Lt.,Aug 2026,8/15/2026,8/27/2026,INR,60100 Salary & Wages : Salary Expense,Vendor,47,USD,385 - Content Development,46 - Content Services,Salary Expense_Variable Component (Referral Bonus+Leave Encashment+Joining Bonus+spot bonus+Long Service Award+Internet allowance+Relocation Allowance) for the month of Aug 2026,Journal,,,,False,,
3 - Chegg India Pv. Lt.,Aug 2026,8/15/2026,8/27/2026,INR,60100 Salary & Wages : Salary Expense,Vendor,57,USD,206 - Customer Relationship Marketing,20 - Learning Services,EPF Employer Contribution for the month of Aug 2026,Journal,,,,False,,
3 - Chegg India Pv. Lt.,Aug 2026,8/15/2026,8/27/2026,INR,60100 Salary & Wages : Salary Expense,Vendor,57,USD,215 - Advertising Operations,20 - Learning Services,EPF Employer Contribution for the month of Aug 2026,Journal,,,,False,,
3 - Chegg India Pv. Lt.,Aug 2026,8/15/2026,8/27/2026,INR,60100 Salary & Wages : Salary Expense,Vendor,57,USD,321 - Accounting,60 - Busuu,EPF Employer Contribution for the month of Aug 2026,Journal,,,,False,,
3 - Chegg India Pv. Lt.,Aug 2026,8/15/2026,8/27/2026,INR,60100 Salary & Wages : Salary Expense,Vendor,57,USD,326 - Enterprise Systems & Applications,00 - Corporate,EPF Employer Contribution for the month of Aug 2026,Journal,,,,False,,
3 - Chegg India Pv. Lt.,Aug 2026,8/15/2026,8/27/2026,INR,60100 Salary & Wages : Salary Expense,Vendor,57,USD,331 - Legal,00 - Corporate,EPF Employer Contribution for the month of Aug 2026,Journal,,,,False,,
3 - Chegg India Pv. Lt.,Aug 2026,8/15/2026,8/27/2026,INR,60100 Salary & Wages : Salary Expense,Vendor,57,USD,342 - Talent Acquisition,00 - Corporate,EPF Employer Contribution for the month of Aug 2026,Journal,,,,False,,
3 - Chegg India Pv. Lt.,Aug 2026,8/15/2026,8/27/2026,INR,60100 Salary & Wages : Salary Expense,Vendor,57,USD,385 - Content Development,46 - Content Services,EPF Employer Contribution for the month of Aug 2026,Journal,,,,False,,
3 - Chegg India Pv. Lt.,Aug 2026,8/15/2026,8/27/2026,INR,60100 Salary & Wages : Salary Expense,Vendor,63,USD,204 - Performance Marketing,20 - Learning Services,Salary Expense_Variable Component (Referral Bonus+Leave Encashment+Joining Bonus+spot bonus+Long Service Award+Internet allowance+Relocation Allowance) for the month of Aug 2026,Journal,,,,False,,
3 - Chegg India Pv. Lt.,Aug 2026,8/15/2026,8/27/2026,INR,60100 Salary & Wages : Salary Expense,Vendor,63,USD,205 - SEO Marketing,20 - Learning Services,Salary Expense_Variable Component (Referral Bonus+Leave Encashment+Joining Bonus+spot bonus+Long Service Award+Internet allowance+Relocation Allowance) for the month of Aug 2026,Journal,,,,False,,
3 - Chegg India Pv. Lt.,Aug 2026,8/15/2026,8/27/2026,INR,60100 Salary & Wages : Salary Expense,Vendor,63,USD,325 - FP & A,00 - Corporate,Salary Expense_Variable Component (Referral Bonus+Leave Encashment+Joining Bonus+spot bonus+Long Service Award+Internet allowance+Relocation Allowance) for the month of Aug 2026,Journal,,,,False,,
3 - Chegg India Pv. Lt.,Aug 2026,8/15/2026,8/27/2026,INR,60100 Salary & Wages : Salary Expense,Vendor,75,USD,137 - Platform - Content Engineering,50 - Skills,EPF Employer Contribution for the month of Aug 2026,Journal,,,,False,,
3 - Chegg India Pv. Lt.,Aug 2026,8/15/2026,8/27/2026,INR,60100 Salary & Wages : Salary Expense,Vendor,75,USD,204 - Performance Marketing,20 - Learning Services,EPF Employer Contribution for the month of Aug 2026,Journal,,,,False,,
3 - Chegg India Pv. Lt.,Aug 2026,8/15/2026,8/27/2026,INR,60100 Salary & Wages : Salary Expense,Vendor,75,USD,205 - SEO Marketing,20 - Learning Services,EPF Employer Contribution for the month of Aug 2026,Journal,,,,False,,
3 - Chegg India Pv. Lt.,Aug 2026,8/15/2026,8/27/2026,INR,60100 Salary & Wages : Salary Expense,Vendor,75,USD,325 - FP & A,00 - Corporate,EPF Employer Contribution for the month of Aug 2026,Journal,,,,False,,
3 - Chegg India Pv. Lt.,Aug 2026,8/15/2026,8/27/2026,INR,60100 Salary & Wages : Salary Expense,Vendor,79,USD,580 - Support Operations,50 - Skills,Salary Expense_Variable Component (Referral Bonus+Leave Encashment+Joining Bonus+spot bonus+Long Service Award+Internet allowance+Relocation Allowance) for the month of Aug 2026,Journal,,,,False,,
3 - Chegg India Pv. Lt.,Aug 2026,8/15/2026,8/27/2026,INR,60100 Salary & Wages : Salary Expense,Vendor,94,USD,137 - Platform - Content Engineering,46 - Content Services,Salary Expense_Variable Component (Referral Bonus+Leave Encashment+Joining Bonus+spot bonus+Long Service Award+Internet allowance+Relocation Allowance) for the month of Aug 2026,Journal,,,,False,,
3 - Chegg India Pv. Lt.,Aug 2026,8/15/2026,8/27/2026,INR,60100 Salary & Wages : Salary Expense,Vendor,94,USD,160 - Commerce Engineering,20 - Learning Services,Salary Expense_Variable Component (Referral Bonus+Leave Encashment+Joining Bonus+spot bonus+Long Service Award+Internet allowance+Relocation Allowance) for the month of Aug 2026,Journal,,,,False,,
3 - Chegg India Pv. Lt.,Aug 2026,8/15/2026,8/27/2026,INR,60100 Salary & Wages : Salary Expense,Vendor,94,USD,181 - Data Analytics,60 - Busuu,Salary Expense_Variable Component (Referral Bonus+Leave Encashment+Joining Bonus+spot bonus+Long Service Award+Internet allowance+Relocation Allowance) for the month of Aug 2026,Journal,,,,False,,
3 - Chegg India Pv. Lt.,Aug 2026,8/15/2026,8/27/2026,INR,60100 Salary & Wages : Salary Expense,Vendor,94,USD,322 - Internal Audit,00 - Corporate,EPF Employer Contribution for the month of Aug 2026,Journal,,,,False,,
3 - Chegg India Pv. Lt.,Aug 2026,8/15/2026,8/27/2026,INR,60100 Salary & Wages : Salary Expense,Vendor,94,USD,341 - HR Operations,00 - Corporate,EPF Employer Contribution for the month of Aug 2026,Journal,,,,False,,
3 - Chegg India Pv. Lt.,Aug 2026,8/15/2026,8/27/2026,INR,60100 Salary & Wages : Salary Expense,Vendor,94,USD,580 - Support Operations,50 - Skills,EPF Employer Contribution for the month of Aug 2026,Journal,,,,False,,
3 - Chegg India Pv. Lt.,Aug 2026,8/15/2026,8/27/2026,INR,60100 Salary & Wages : Salary Expense,Vendor,105,USD,331 - Legal,00 - Corporate,NPS Employer Contribution for the month of Aug 2026,Journal,,,,False,,
3 - Chegg India Pv. Lt.,Aug 2026,8/15/2026,8/27/2026,INR,60100 Salary & Wages : Salary Expense,Vendor,110,USD,130 - Platform - Marketing Technology,20 - Learning Services,Salary Expense_Variable Component (Referral Bonus+Leave Encashment+Joining Bonus+spot bonus+Long Service Award+Internet allowance+Relocation Allowance) for the month of Aug 2026,Journal,,,,False,,
3 - Chegg India Pv. Lt.,Aug 2026,8/15/2026,8/27/2026,INR,60100 Salary & Wages : Salary Expense,Vendor,110,USD,131 - Platform - Data Engineering,20 - Learning Services,Salary Expense_Variable Component (Referral Bonus+Leave Encashment+Joining Bonus+spot bonus+Long Service Award+Internet allowance+Relocation Allowance) for the month of Aug 2026,Journal,,,,False,,
3 - Chegg India Pv. Lt.,Aug 2026,8/15/2026,8/27/2026,INR,60100 Salary & Wages : Salary Expense,Vendor,110,USD,391 - Consumer Operations,20 - Learning Services,Salary Expense_Variable Component (Referral Bonus+Leave Encashment+Joining Bonus+spot bonus+Long Service Award+Internet allowance+Relocation Allowance) for the month of Aug 2026,Journal,,,,False,,
3 - Chegg India Pv. Lt.,Aug 2026,8/15/2026,8/27/2026,INR,60100 Salary & Wages : Salary Expense,Vendor,113,USD,137 - Platform - Content Engineering,46 - Content Services,EPF Employer Contribution for the month of Aug 2026,Journal,,,,False,,
3 - Chegg India Pv. Lt.,Aug 2026,8/15/2026,8/27/2026,INR,60100 Salary & Wages : Salary Expense,Vendor,113,USD,160 - Commerce Engineering,20 - Learning Services,EPF Employer Contribution for the month of Aug 2026,Journal,,,,False,,
3 - Chegg India Pv. Lt.,Aug 2026,8/15/2026,8/27/2026,INR,60100 Salary & Wages : Salary Expense,Vendor,113,USD,181 - Data Analytics,60 - Busuu,EPF Employer Contribution for the month of Aug 2026,Journal,,,,False,,
3 - Chegg India Pv. Lt.,Aug 2026,8/15/2026,8/27/2026,INR,60100 Salary & Wages : Salary Expense,Vendor,126,USD,137 - Platform - Content Engineering,20 - Learning Services,Salary Expense_Variable Component (Referral Bonus+Leave Encashment+Joining Bonus+spot bonus+Long Service Award+Internet allowance+Relocation Allowance) for the month of Aug 2026,Journal,,,,False,,
3 - Chegg India Pv. Lt.,Aug 2026,8/15/2026,8/27/2026,INR,60100 Salary & Wages : Salary Expense,Vendor,132,USD,130 - Platform - Marketing Technology,20 - Learning Services,EPF Employer Contribution for the month of Aug 2026,Journal,,,,False,,
3 - Chegg India Pv. Lt.,Aug 2026,8/15/2026,8/27/2026,INR,60100 Salary & Wages : Salary Expense,Vendor,132,USD,131 - Platform - Data Engineering,20 - Learning Services,EPF Employer Contribution for the month of Aug 2026,Journal,,,,False,,
3 - Chegg India Pv. Lt.,Aug 2026,8/15/2026,8/27/2026,INR,60100 Salary & Wages : Salary Expense,Vendor,132,USD,391 - Consumer Operations,20 - Learning Services,EPF Employer Contribution for the month of Aug 2026,Journal,,,,False,,
3 - Chegg India Pv. Lt.,Aug 2026,8/15/2026,8/27/2026,INR,60100 Salary & Wages : Salary Expense,Vendor,132,USD,215 - Advertising Operations,20 - Learning Services,NPS Employer Contribution for the month of Aug 2026,Journal,,,,False,,
3 - Chegg India Pv. Lt.,Aug 2026,8/15/2026,8/27/2026,INR,60100 Salary & Wages : Salary Expense,Vendor,136,USD,130 - Platform - Marketing Technology,20 - Learning Services,NPS Employer Contribution for the month of Aug 2026,Journal,,,,False,,
3 - Chegg India Pv. Lt.,Aug 2026,8/15/2026,8/27/2026,INR,60100 Salary & Wages : Salary Expense,Vendor,136,USD,137 - Platform - Content Engineering,50 - Skills,Salary Expense_Variable Component (Referral Bonus+Leave Encashment+Joining Bonus+spot bonus+Long Service Award+Internet allowance+Relocation Allowance) for the month of Aug 2026,Journal,,,,False,,
3 - Chegg India Pv. Lt.,Aug 2026,8/15/2026,8/27/2026,INR,60100 Salary & Wages : Salary Expense,Vendor,141,USD,141 - Engineering Engagement,20 - Learning Services,Salary Expense_Variable Component (Referral Bonus+Leave Encashment+Joining Bonus+spot bonus+Long Service Award+Internet allowance+Relocation Allowance) for the month of Aug 2026,Journal,,,,False,,
3 - Chegg India Pv. Lt.,Aug 2026,8/15/2026,8/27/2026,INR,60100 Salary & Wages : Salary Expense,Vendor,141,USD,580 - Support Operations,20 - Learning Services,Salary Expense_Variable Component (Referral Bonus+Leave Encashment+Joining Bonus+spot bonus+Long Service Award+Internet allowance+Relocation Allowance) for the month of Aug 2026,Journal,,,,False,,
3 - Chegg India Pv. Lt.,Aug 2026,8/15/2026,8/27/2026,INR,60100 Salary & Wages : Salary Expense,Vendor,151,USD,137 - Platform - Content Engineering,20 - Learning Services,EPF Employer Contribution for the month of Aug 2026,Journal,,,,False,,
3 - Chegg India Pv. Lt.,Aug 2026,8/15/2026,8/27/2026,INR,60100 Salary & Wages : Salary Expense,Vendor,157,USD,367 - Portfolio Management Office,20 - Learning Services,NPS Employer Contribution for the month of Aug 2026,Journal,,,,False,,
3 - Chegg India Pv. Lt.,Aug 2026,8/15/2026,8/27/2026,INR,60100 Salary & Wages : Salary Expense,Vendor,157,USD,391 - Consumer Operations,20 - Learning Services,NPS Employer Contribution for the month of Aug 2026,Journal,,,,False,,
3 - Chegg India Pv. Lt.,Aug 2026,8/15/2026,8/27/2026,INR,60100 Salary & Wages : Salary Expense,Vendor,170,USD,141 - Engineering Engagement,20 - Learning Services,EPF Employer Contribution for the month of Aug 2026,Journal,,,,False,,
3 - Chegg India Pv. Lt.,Aug 2026,8/15/2026,8/27/2026,INR,60100 Salary & Wages : Salary Expense,Vendor,170,USD,380 - Content Operations,46 - Content Services,EPF Employer Contribution for the month of Aug 2026,Journal,,,,False,,
3 - Chegg India Pv. Lt.,Aug 2026,8/15/2026,8/27/2026,INR,60100 Salary & Wages : Salary Expense,Vendor,170,USD,580 - Support Operations,20 - Learning Services,EPF Employer Contribution for the month of Aug 2026,Journal,,,,False,,
3 - Chegg India Pv. Lt.,Aug 2026,8/15/2026,8/27/2026,INR,60100 Salary & Wages : Salary Expense,Vendor,215,USD,380 - Content Operations,46 - Content Services,Salary Expense_Variable Component (Referral Bonus+Leave Encashment+Joining Bonus+spot bonus+Long Service Award+Internet allowance+Relocation Allowance) for the month of Aug 2026,Journal,,,,False,,
3 - Chegg India Pv. Lt.,Aug 2026,8/15/2026,8/27/2026,INR,60100 Salary & Wages : Salary Expense,Vendor,226,USD,141 - Engineering Engagement,50 - Skills,EPF Employer Contribution for the month of Aug 2026,Journal,,,,False,,
3 - Chegg India Pv. Lt.,Aug 2026,8/15/2026,8/27/2026,INR,60100 Salary & Wages : Salary Expense,Vendor,245,USD,520 - Educators,50 - Skills,EPF Employer Contribution for the month of Aug 2026,Journal,,,,False,,
3 - Chegg India Pv. Lt.,Aug 2026,8/15/2026,8/27/2026,INR,60100 Salary & Wages : Salary Expense,Vendor,278,USD,520 - Educators,50 - Skills,Salary Expense_Variable Component (Referral Bonus+Leave Encashment+Joining Bonus+spot bonus+Long Service Award+Internet allowance+Relocation Allowance) for the month of Aug 2026,Journal,,,,False,,
3 - Chegg India Pv. Lt.,Aug 2026,8/15/2026,8/27/2026,INR,60100 Salary & Wages : Salary Expense,Vendor,283,USD,103 - Product - Monetization,20 - Learning Services,NPS Employer Contribution for the month of Aug 2026,Journal,,,,False,,
3 - Chegg India Pv. Lt.,Aug 2026,8/15/2026,8/27/2026,INR,60100 Salary & Wages : Salary Expense,Vendor,304,USD,391 - Consumer Operations,50 - Skills,NPS Employer Contribution for the month of Aug 2026,Journal,,,,False,,
3 - Chegg India Pv. Lt.,Aug 2026,8/15/2026,8/27/2026,INR,60100 Salary & Wages : Salary Expense,Vendor,314,USD,160 - Commerce Engineering,20 - Learning Services,NPS Employer Contribution for the month of Aug 2026,Journal,,,,False,,
3 - Chegg India Pv. Lt.,Aug 2026,8/15/2026,8/27/2026,INR,60100 Salary & Wages : Salary Expense,Vendor,323,USD,321 - Accounting,00 - Corporate,NPS Employer Contribution for the month of Aug 2026,Journal,,,,False,,
3 - Chegg India Pv. Lt.,Aug 2026,8/15/2026,8/27/2026,INR,60100 Salary & Wages : Salary Expense,Vendor,330,USD,367 - Portfolio Management Office,20 - Learning Services,Salary Expense_Variable Component (Referral Bonus+Leave Encashment+Joining Bonus+spot bonus+Long Service Award+Internet allowance+Relocation Allowance) for the month of Aug 2026,Journal,,,,False,,
3 - Chegg India Pv. Lt.,Aug 2026,8/15/2026,8/27/2026,INR,60100 Salary & Wages : Salary Expense,Vendor,375,USD,141 - Engineering Engagement,50 - Skills,NPS Employer Contribution for the month of Aug 2026,Journal,,,,False,,
3 - Chegg India Pv. Lt.,Aug 2026,8/15/2026,8/27/2026,INR,60100 Salary & Wages : Salary Expense,Vendor,393,USD,321 - Accounting,00 - Corporate,Salary Expense_Variable Component (Referral Bonus+Leave Encashment+Joining Bonus+spot bonus+Long Service Award+Internet allowance+Relocation Allowance) for the month of Aug 2026,Journal,,,,False,,
3 - Chegg India Pv. Lt.,Aug 2026,8/15/2026,8/27/2026,INR,60100 Salary & Wages : Salary Expense,Vendor,416,USD,139 - Platform - CloudOps,20 - Learning Services,EPF Employer Contribution for the month of Aug 2026,Journal,,,,False,,
3 - Chegg India Pv. Lt.,Aug 2026,8/15/2026,8/27/2026,INR,60100 Salary & Wages : Salary Expense,Vendor,466,USD,366 - Business Operations Management,50 - Skills,Salary Expense_Variable Component (Referral Bonus+Leave Encashment+Joining Bonus+spot bonus+Long Service Award+Internet allowance+Relocation Allowance) for the month of Aug 2026,Journal,,,,False,,
3 - Chegg India Pv. Lt.,Aug 2026,8/15/2026,8/27/2026,INR,60100 Salary & Wages : Salary Expense,Vendor,472,USD,321 - Accounting,00 - Corporate,EPF Employer Contribution for the month of Aug 2026,Journal,,,,False,,
3 - Chegg India Pv. Lt.,Aug 2026,8/15/2026,8/27/2026,INR,60100 Salary & Wages : Salary Expense,Vendor,472,USD,366 - Business Operations Management,50 - Skills,EPF Employer Contribution for the month of Aug 2026,Journal,,,,False,,
3 - Chegg India Pv. Lt.,Aug 2026,8/15/2026,8/27/2026,INR,60100 Salary & Wages : Salary Expense,Vendor,472,USD,380 - Content Operations,46 - Content Services,NPS Employer Contribution for the month of Aug 2026,Journal,,,,False,,
3 - Chegg India Pv. Lt.,Aug 2026,8/15/2026,8/27/2026,INR,60100 Salary & Wages : Salary Expense,Vendor,655,USD,131 - Platform - Data Engineering,20 - Learning Services,NPS Employer Contribution for the month of Aug 2026,Journal,,,,False,,
3 - Chegg India Pv. Lt.,Aug 2026,8/15/2026,8/27/2026,INR,60100 Salary & Wages : Salary Expense,Vendor,823,USD,141 - Engineering Engagement,50 - Skills,Salary Expense_Variable Component (Referral Bonus+Leave Encashment+Joining Bonus+spot bonus+Long Service Award+Internet allowance+Relocation Allowance) for the month of Aug 2026,Journal,,,,False,,
3 - Chegg India Pv. Lt.,Aug 2026,8/15/2026,8/27/2026,INR,60100 Salary & Wages : Salary Expense,Vendor,853,USD,322 - Internal Audit,00 - Corporate,Salary Expense_Variable Component (Referral Bonus+Leave Encashment+Joining Bonus+spot bonus+Long Service Award+Internet allowance+Relocation Allowance) for the month of Aug 2026,Journal,,,,False,,
3 - Chegg India Pv. Lt.,Aug 2026,8/15/2026,8/27/2026,INR,60100 Salary & Wages : Salary Expense,Vendor,865,USD,341 - HR Operations,00 - Corporate,Salary Expense_Variable Component (Referral Bonus+Leave Encashment+Joining Bonus+spot bonus+Long Service Award+Internet allowance+Relocation Allowance) for the month of Aug 2026,Journal,,,,False,,
3 - Chegg India Pv. Lt.,Aug 2026,8/15/2026,8/27/2026,INR,60100 Salary & Wages : Salary Expense,Vendor,996,USD,137 - Platform - Content Engineering,20 - Learning Services,NPS Employer Contribution for the month of Aug 2026,Journal,,,,False,,
3 - Chegg India Pv. Lt.,Aug 2026,8/15/2026,8/27/2026,INR,60100 Salary & Wages : Salary Expense,Vendor,"1,095",USD,321 - Accounting,60 - Busuu,Salary Expense_Variable Component (Referral Bonus+Leave Encashment+Joining Bonus+spot bonus+Long Service Award+Internet allowance+Relocation Allowance) for the month of Aug 2026,Journal,,,,False,,
3 - Chegg India Pv. Lt.,Aug 2026,8/15/2026,8/27/2026,INR,60100 Salary & Wages : Salary Expense,Vendor,"1,142",USD,141 - Engineering Engagement,20 - Learning Services,NPS Employer Contribution for the month of Aug 2026,Journal,,,,False,,
3 - Chegg India Pv. Lt.,Aug 2026,8/15/2026,8/27/2026,INR,60100 Salary & Wages : Salary Expense,Vendor,"1,457",USD,350 - Workplace Services,00 - Corporate,Salary Expense_Fixed Component (Basic+HRA+Special Allowance+ Books & Periodicals+ Car Allowance+Driver Allowance+ Fuel Allowance+LTA+ Telephone allowance+Professional development+Child Education+Child Hostel) for the month of Aug 2026,Journal,,,,False,,
3 - Chegg India Pv. Lt.,Aug 2026,8/15/2026,8/27/2026,INR,60100 Salary & Wages : Salary Expense,Vendor,"1,650",USD,360 - General Management,60 - Busuu,EPF Employer Contribution for the month of Aug 2026,Journal,,,,False,,
3 - Chegg India Pv. Lt.,Aug 2026,8/15/2026,8/27/2026,INR,60100 Salary & Wages : Salary Expense,Vendor,"2,102",USD,205 - SEO Marketing,60 - Busuu,Salary Expense_Fixed Component (Basic+HRA+Special Allowance+ Books & Periodicals+ Car Allowance+Driver Allowance+ Fuel Allowance+LTA+ Telephone allowance+Professional development+Child Education+Child Hostel) for the month of Aug 2026,Journal,,,,False,,
3 - Chegg India Pv. Lt.,Aug 2026,8/15/2026,8/27/2026,INR,60100 Salary & Wages : Salary Expense,Vendor,"2,284",USD,206 - Customer Relationship Marketing,60 - Busuu,Salary Expense_Fixed Component (Basic+HRA+Special Allowance+ Books & Periodicals+ Car Allowance+Driver Allowance+ Fuel Allowance+LTA+ Telephone allowance+Professional development+Child Education+Child Hostel) for the month of Aug 2026,Journal,,,,False,,
3 - Chegg India Pv. Lt.,Aug 2026,8/15/2026,8/27/2026,INR,60100 Salary & Wages : Salary Expense,Vendor,"2,620",USD,103 - Product - Monetization,50 - Skills,Salary Expense_Fixed Component (Basic+HRA+Special Allowance+ Books & Periodicals+ Car Allowance+Driver Allowance+ Fuel Allowance+LTA+ Telephone allowance+Professional development+Child Education+Child Hostel) for the month of Aug 2026,Journal,,,,False,,
3 - Chegg India Pv. Lt.,Aug 2026,8/15/2026,8/27/2026,INR,60100 Salary & Wages : Salary Expense,Vendor,"2,710",USD,367 - Portfolio Management Office,50 - Skills,Salary Expense_Fixed Component (Basic+HRA+Special Allowance+ Books & Periodicals+ Car Allowance+Driver Allowance+ Fuel Allowance+LTA+ Telephone allowance+Professional development+Child Education+Child Hostel) for the month of Aug 2026,Journal,,,,False,,
3 - Chegg India Pv. Lt.,Aug 2026,8/15/2026,8/27/2026,INR,60100 Salary & Wages : Salary Expense,Vendor,"2,842",USD,390 - Compliance,00 - Corporate,Salary Expense_Fixed Component (Basic+HRA+Special Allowance+ Books & Periodicals+ Car Allowance+Driver Allowance+ Fuel Allowance+LTA+ Telephone allowance+Professional development+Child Education+Child Hostel) for the month of Aug 2026,Journal,,,,False,,
3 - Chegg India Pv. Lt.,Aug 2026,8/15/2026,8/27/2026,INR,60100 Salary & Wages : Salary Expense,Vendor,"2,983",USD,321 - Accounting,60 - Busuu,Salary Expense_Fixed Component (Basic+HRA+Special Allowance+ Books & Periodicals+ Car Allowance+Driver Allowance+ Fuel Allowance+LTA+ Telephone allowance+Professional development+Child Education+Child Hostel) for the month of Aug 2026,Journal,,,,False,,
3 - Chegg India Pv. Lt.,Aug 2026,8/15/2026,8/27/2026,INR,60100 Salary & Wages : Salary Expense,Vendor,"3,209",USD,380 - Content Operations,20 - Learning Services,Salary Expense_Fixed Component (Basic+HRA+Special Allowance+ Books & Periodicals+ Car Allowance+Driver Allowance+ Fuel Allowance+LTA+ Telephone allowance+Professional development+Child Education+Child Hostel) for the month of Aug 2026,Journal,,,,False,,
3 - Chegg India Pv. Lt.,Aug 2026,8/15/2026,8/27/2026,INR,60100 Salary & Wages : Salary Expense,Vendor,"3,505",USD,580 - Support Operations,50 - Skills,Salary Expense_Fixed Component (Basic+HRA+Special Allowance+ Books & Periodicals+ Car Allowance+Driver Allowance+ Fuel Allowance+LTA+ Telephone allowance+Professional development+Child Education+Child Hostel) for the month of Aug 2026,Journal,,,,False,,
3 - Chegg India Pv. Lt.,Aug 2026,8/15/2026,8/27/2026,INR,60100 Salary & Wages : Salary Expense,Vendor,"3,517",USD,204 - Performance Marketing,60 - Busuu,Salary Expense_Fixed Component (Basic+HRA+Special Allowance+ Books & Periodicals+ Car Allowance+Driver Allowance+ Fuel Allowance+LTA+ Telephone allowance+Professional development+Child Education+Child Hostel) for the month of Aug 2026,Journal,,,,False,,
3 - Chegg India Pv. Lt.,Aug 2026,8/15/2026,8/27/2026,INR,60100 Salary & Wages : Salary Expense,Vendor,"3,564",USD,130 - Platform - Marketing Technology,50 - Skills,Salary Expense_Fixed Component (Basic+HRA+Special Allowance+ Books & Periodicals+ Car Allowance+Driver Allowance+ Fuel Allowance+LTA+ Telephone allowance+Professional development+Child Education+Child Hostel) for the month of Aug 2026,Journal,,,,False,,
3 - Chegg India Pv. Lt.,Aug 2026,8/15/2026,8/27/2026,INR,60100 Salary & Wages : Salary Expense,Vendor,"3,876",USD,385 - Content Development,46 - Content Services,Salary Expense_Fixed Component (Basic+HRA+Special Allowance+ Books & Periodicals+ Car Allowance+Driver Allowance+ Fuel Allowance+LTA+ Telephone allowance+Professional development+Child Education+Child Hostel) for the month of Aug 2026,Journal,,,,False,,
3 - Chegg India Pv. Lt.,Aug 2026,8/15/2026,8/27/2026,INR,60100 Salary & Wages : Salary Expense,Vendor,"4,465",USD,391 - Consumer Operations,50 - Skills,Salary Expense_Fixed Component (Basic+HRA+Special Allowance+ Books & Periodicals+ Car Allowance+Driver Allowance+ Fuel Allowance+LTA+ Telephone allowance+Professional development+Child Education+Child Hostel) for the month of Aug 2026,Journal,,,,False,,
3 - Chegg India Pv. Lt.,Aug 2026,8/15/2026,8/27/2026,INR,60100 Salary & Wages : Salary Expense,Vendor,"4,623",USD,390 - Compliance,20 - Learning Services,Salary Expense_Fixed Component (Basic+HRA+Special Allowance+ Books & Periodicals+ Car Allowance+Driver Allowance+ Fuel Allowance+LTA+ Telephone allowance+Professional development+Child Education+Child Hostel) for the month of Aug 2026,Journal,,,,False,,
3 - Chegg India Pv. Lt.,Aug 2026,8/15/2026,8/27/2026,INR,60100 Salary & Wages : Salary Expense,Vendor,"5,222",USD,112 - User Experience - Engagement,50 - Skills,Salary Expense_Fixed Component (Basic+HRA+Special Allowance+ Books & Periodicals+ Car Allowance+Driver Allowance+ Fuel Allowance+LTA+ Telephone allowance+Professional development+Child Education+Child Hostel) for the month of Aug 2026,Journal,,,,False,,
3 - Chegg India Pv. Lt.,Aug 2026,8/15/2026,8/27/2026,INR,60100 Salary & Wages : Salary Expense,Vendor,"5,342",USD,102 - Product - Engagement,50 - Skills,Salary Expense_Fixed Component (Basic+HRA+Special Allowance+ Books & Periodicals+ Car Allowance+Driver Allowance+ Fuel Allowance+LTA+ Telephone allowance+Professional development+Child Education+Child Hostel) for the month of Aug 2026,Journal,,,,False,,
3 - Chegg India Pv. Lt.,Aug 2026,8/15/2026,8/27/2026,INR,60100 Salary & Wages : Salary Expense,Vendor,"5,414",USD,370 - Learning Experience,20 - Learning Services,Salary Expense_Fixed Component (Basic+HRA+Special Allowance+ Books & Periodicals+ Car Allowance+Driver Allowance+ Fuel Allowance+LTA+ Telephone allowance+Professional development+Child Education+Child Hostel) for the month of Aug 2026,Journal,,,,False,,
3 - Chegg India Pv. Lt.,Aug 2026,8/15/2026,8/27/2026,INR,60100 Salary & Wages : Salary Expense,Vendor,"5,841",USD,367 - Portfolio Management Office,20 - Learning Services,Salary Expense_Fixed Component (Basic+HRA+Special Allowance+ Books & Periodicals+ Car Allowance+Driver Allowance+ Fuel Allowance+LTA+ Telephone allowance+Professional development+Child Education+Child Hostel) for the month of Aug 2026,Journal,,,,False,,
3 - Chegg India Pv. Lt.,Aug 2026,8/15/2026,8/27/2026,INR,60100 Salary & Wages : Salary Expense,Vendor,"6,208",USD,215 - Advertising Operations,20 - Learning Services,Salary Expense_Fixed Component (Basic+HRA+Special Allowance+ Books & Periodicals+ Car Allowance+Driver Allowance+ Fuel Allowance+LTA+ Telephone allowance+Professional development+Child Education+Child Hostel) for the month of Aug 2026,Journal,,,,False,,
3 - Chegg India Pv. Lt.,Aug 2026,8/15/2026,8/27/2026,INR,60100 Salary & Wages : Salary Expense,Vendor,"7,050",USD,392 - Information Security,00 - Corporate,Salary Expense_Fixed Component (Basic+HRA+Special Allowance+ Books & Periodicals+ Car Allowance+Driver Allowance+ Fuel Allowance+LTA+ Telephone allowance+Professional development+Child Education+Child Hostel) for the month of Aug 2026,Journal,,,,False,,
3 - Chegg India Pv. Lt.,Aug 2026,8/15/2026,8/27/2026,INR,60100 Salary & Wages : Salary Expense,Vendor,"7,168",USD,206 - Customer Relationship Marketing,20 - Learning Services,Salary Expense_Fixed Component (Basic+HRA+Special Allowance+ Books & Periodicals+ Car Allowance+Driver Allowance+ Fuel Allowance+LTA+ Telephone allowance+Professional development+Child Education+Child Hostel) for the month of Aug 2026,Journal,,,,False,,
3 - Chegg India Pv. Lt.,Aug 2026,8/15/2026,8/27/2026,INR,60100 Salary & Wages : Salary Expense,Vendor,"7,569",USD,155 - Knowledge & Platforms,50 - Skills,Salary Expense_Fixed Component (Basic+HRA+Special Allowance+ Books & Periodicals+ Car Allowance+Driver Allowance+ Fuel Allowance+LTA+ Telephone allowance+Professional development+Child Education+Child Hostel) for the month of Aug 2026,Journal,,,,False,,
3 - Chegg India Pv. Lt.,Aug 2026,8/15/2026,8/27/2026,INR,60100 Salary & Wages : Salary Expense,Vendor,"7,789",USD,204 - Performance Marketing,20 - Learning Services,Salary Expense_Fixed Component (Basic+HRA+Special Allowance+ Books & Periodicals+ Car Allowance+Driver Allowance+ Fuel Allowance+LTA+ Telephone allowance+Professional development+Child Education+Child Hostel) for the month of Aug 2026,Journal,,,,False,,
3 - Chegg India Pv. Lt.,Aug 2026,8/15/2026,8/27/2026,INR,60100 Salary & Wages : Salary Expense,Vendor,"7,860",USD,342 - Talent Acquisition,00 - Corporate,Salary Expense_Fixed Component (Basic+HRA+Special Allowance+ Books & Periodicals+ Car Allowance+Driver Allowance+ Fuel Allowance+LTA+ Telephone allowance+Professional development+Child Education+Child Hostel) for the month of Aug 2026,Journal,,,,False,,
3 - Chegg India Pv. Lt.,Aug 2026,8/15/2026,8/27/2026,INR,60100 Salary & Wages : Salary Expense,Vendor,"7,953",USD,331 - Legal,00 - Corporate,Salary Expense_Fixed Component (Basic+HRA+Special Allowance+ Books & Periodicals+ Car Allowance+Driver Allowance+ Fuel Allowance+LTA+ Telephone allowance+Professional development+Child Education+Child Hostel) for the month of Aug 2026,Journal,,,,False,,
3 - Chegg India Pv. Lt.,Aug 2026,8/15/2026,8/27/2026,INR,60100 Salary & Wages : Salary Expense,Vendor,"8,072",USD,360 - General Management,46 - Content Services,Salary Expense_Fixed Component (Basic+HRA+Special Allowance+ Books & Periodicals+ Car Allowance+Driver Allowance+ Fuel Allowance+LTA+ Telephone allowance+Professional development+Child Education+Child Hostel) for the month of Aug 2026,Journal,,,,False,,
3 - Chegg India Pv. Lt.,Aug 2026,8/15/2026,8/27/2026,INR,60100 Salary & Wages : Salary Expense,Vendor,"9,147",USD,326 - Enterprise Systems & Applications,00 - Corporate,Salary Expense_Fixed Component (Basic+HRA+Special Allowance+ Books & Periodicals+ Car Allowance+Driver Allowance+ Fuel Allowance+LTA+ Telephone allowance+Professional development+Child Education+Child Hostel) for the month of Aug 2026,Journal,,,,False,,
3 - Chegg India Pv. Lt.,Aug 2026,8/15/2026,8/27/2026,INR,60100 Salary & Wages : Salary Expense,Vendor,"9,990",USD,205 - SEO Marketing,20 - Learning Services,Salary Expense_Fixed Component (Basic+HRA+Special Allowance+ Books & Periodicals+ Car Allowance+Driver Allowance+ Fuel Allowance+LTA+ Telephone allowance+Professional development+Child Education+Child Hostel) for the month of Aug 2026,Journal,,,,False,,
3 - Chegg India Pv. Lt.,Aug 2026,8/15/2026,8/27/2026,INR,60100 Salary & Wages : Salary Expense,Vendor,"10,567",USD,103 - Product - Monetization,20 - Learning Services,Salary Expense_Fixed Component (Basic+HRA+Special Allowance+ Books & Periodicals+ Car Allowance+Driver Allowance+ Fuel Allowance+LTA+ Telephone allowance+Professional development+Child Education+Child Hostel) for the month of Aug 2026,Journal,,,,False,,
3 - Chegg India Pv. Lt.,Aug 2026,8/15/2026,8/27/2026,INR,60100 Salary & Wages : Salary Expense,Vendor,"11,515",USD,139 - Platform - CloudOps,20 - Learning Services,Salary Expense_Fixed Component (Basic+HRA+Special Allowance+ Books & Periodicals+ Car Allowance+Driver Allowance+ Fuel Allowance+LTA+ Telephone allowance+Professional development+Child Education+Child Hostel) for the month of Aug 2026,Journal,,,,False,,
3 - Chegg India Pv. Lt.,Aug 2026,8/15/2026,8/27/2026,INR,60100 Salary & Wages : Salary Expense,Vendor,"11,518",USD,322 - Internal Audit,00 - Corporate,Salary Expense_Fixed Component (Basic+HRA+Special Allowance+ Books & Periodicals+ Car Allowance+Driver Allowance+ Fuel Allowance+LTA+ Telephone allowance+Professional development+Child Education+Child Hostel) for the month of Aug 2026,Journal,,,,False,,
3 - Chegg India Pv. Lt.,Aug 2026,8/15/2026,8/27/2026,INR,60100 Salary & Wages : Salary Expense,Vendor,"12,062",USD,325 - FP & A,00 - Corporate,Salary Expense_Fixed Component (Basic+HRA+Special Allowance+ Books & Periodicals+ Car Allowance+Driver Allowance+ Fuel Allowance+LTA+ Telephone allowance+Professional development+Child Education+Child Hostel) for the month of Aug 2026,Journal,,,,False,,
3 - Chegg India Pv. Lt.,Aug 2026,8/15/2026,8/27/2026,INR,60100 Salary & Wages : Salary Expense,Vendor,"12,226",USD,360 - General Management,60 - Busuu,Salary Expense_Fixed Component (Basic+HRA+Special Allowance+ Books & Periodicals+ Car Allowance+Driver Allowance+ Fuel Allowance+LTA+ Telephone allowance+Professional development+Child Education+Child Hostel) for the month of Aug 2026,Journal,,,,False,,
3 - Chegg India Pv. Lt.,Aug 2026,8/15/2026,8/27/2026,INR,60100 Salary & Wages : Salary Expense,Vendor,"12,551",USD,341 - HR Operations,00 - Corporate,Salary Expense_Fixed Component (Basic+HRA+Special Allowance+ Books & Periodicals+ Car Allowance+Driver Allowance+ Fuel Allowance+LTA+ Telephone allowance+Professional development+Child Education+Child Hostel) for the month of Aug 2026,Journal,,,,False,,
3 - Chegg India Pv. Lt.,Aug 2026,8/15/2026,8/27/2026,INR,60100 Salary & Wages : Salary Expense,Vendor,"13,575",USD,137 - Platform - Content Engineering,50 - Skills,Salary Expense_Fixed Component (Basic+HRA+Special Allowance+ Books & Periodicals+ Car Allowance+Driver Allowance+ Fuel Allowance+LTA+ Telephone allowance+Professional development+Child Education+Child Hostel) for the month of Aug 2026,Journal,,,,False,,
3 - Chegg India Pv. Lt.,Aug 2026,8/15/2026,8/27/2026,INR,60100 Salary & Wages : Salary Expense,Vendor,"14,129",USD,520 - Educators,50 - Skills,Salary Expense_Fixed Component (Basic+HRA+Special Allowance+ Books & Periodicals+ Car Allowance+Driver Allowance+ Fuel Allowance+LTA+ Telephone allowance+Professional development+Child Education+Child Hostel) for the month of Aug 2026,Journal,,,,False,,
3 - Chegg India Pv. Lt.,Aug 2026,8/15/2026,8/27/2026,INR,60100 Salary & Wages : Salary Expense,Vendor,"15,483",USD,181 - Data Analytics,60 - Busuu,Salary Expense_Fixed Component (Basic+HRA+Special Allowance+ Books & Periodicals+ Car Allowance+Driver Allowance+ Fuel Allowance+LTA+ Telephone allowance+Professional development+Child Education+Child Hostel) for the month of Aug 2026,Journal,,,,False,,
3 - Chegg India Pv. Lt.,Aug 2026,8/15/2026,8/27/2026,INR,60100 Salary & Wages : Salary Expense,Vendor,"16,337",USD,580 - Support Operations,20 - Learning Services,Salary Expense_Fixed Component (Basic+HRA+Special Allowance+ Books & Periodicals+ Car Allowance+Driver Allowance+ Fuel Allowance+LTA+ Telephone allowance+Professional development+Child Education+Child Hostel) for the month of Aug 2026,Journal,,,,False,,
3 - Chegg India Pv. Lt.,Aug 2026,8/15/2026,8/27/2026,INR,60100 Salary & Wages : Salary Expense,Vendor,"17,379",USD,137 - Platform - Content Engineering,46 - Content Services,Salary Expense_Fixed Component (Basic+HRA+Special Allowance+ Books & Periodicals+ Car Allowance+Driver Allowance+ Fuel Allowance+LTA+ Telephone allowance+Professional development+Child Education+Child Hostel) for the month of Aug 2026,Journal,,,,False,,
3 - Chegg India Pv. Lt.,Aug 2026,8/15/2026,8/27/2026,INR,60100 Salary & Wages : Salary Expense,Vendor,"20,095",USD,160 - Commerce Engineering,20 - Learning Services,Salary Expense_Fixed Component (Basic+HRA+Special Allowance+ Books & Periodicals+ Car Allowance+Driver Allowance+ Fuel Allowance+LTA+ Telephone allowance+Professional development+Child Education+Child Hostel) for the month of Aug 2026,Journal,,,,False,,
3 - Chegg India Pv. Lt.,Aug 2026,8/15/2026,8/27/2026,INR,60100 Salary & Wages : Salary Expense,Vendor,"21,041",USD,130 - Platform - Marketing Technology,20 - Learning Services,Salary Expense_Fixed Component (Basic+HRA+Special Allowance+ Books & Periodicals+ Car Allowance+Driver Allowance+ Fuel Allowance+LTA+ Telephone allowance+Professional development+Child Education+Child Hostel) for the month of Aug 2026,Journal,,,,False,,
3 - Chegg India Pv. Lt.,Aug 2026,8/15/2026,8/27/2026,INR,60100 Salary & Wages : Salary Expense,Vendor,"24,298",USD,391 - Consumer Operations,20 - Learning Services,Salary Expense_Fixed Component (Basic+HRA+Special Allowance+ Books & Periodicals+ Car Allowance+Driver Allowance+ Fuel Allowance+LTA+ Telephone allowance+Professional development+Child Education+Child Hostel) for the month of Aug 2026,Journal,,,,False,,
3 - Chegg India Pv. Lt.,Aug 2026,8/15/2026,8/27/2026,INR,60100 Salary & Wages : Salary Expense,Vendor,"25,390",USD,380 - Content Operations,46 - Content Services,Salary Expense_Fixed Component (Basic+HRA+Special Allowance+ Books & Periodicals+ Car Allowance+Driver Allowance+ Fuel Allowance+LTA+ Telephone allowance+Professional development+Child Education+Child Hostel) for the month of Aug 2026,Journal,,,,False,,
3 - Chegg India Pv. Lt.,Aug 2026,8/15/2026,8/27/2026,INR,60100 Salary & Wages : Salary Expense,Vendor,"27,277",USD,141 - Engineering Engagement,20 - Learning Services,Salary Expense_Fixed Component (Basic+HRA+Special Allowance+ Books & Periodicals+ Car Allowance+Driver Allowance+ Fuel Allowance+LTA+ Telephone allowance+Professional development+Child Education+Child Hostel) for the month of Aug 2026,Journal,,,,False,,
3 - Chegg India Pv. Lt.,Aug 2026,8/15/2026,8/27/2026,INR,60100 Salary & Wages : Salary Expense,Vendor,"27,354",USD,131 - Platform - Data Engineering,20 - Learning Services,Salary Expense_Fixed Component (Basic+HRA+Special Allowance+ Books & Periodicals+ Car Allowance+Driver Allowance+ Fuel Allowance+LTA+ Telephone allowance+Professional development+Child Education+Child Hostel) for the month of Aug 2026,Journal,,,,False,,
3 - Chegg India Pv. Lt.,Aug 2026,8/15/2026,8/27/2026,INR,60100 Salary & Wages : Salary Expense,Vendor,"34,981",USD,137 - Platform - Content Engineering,20 - Learning Services,Salary Expense_Fixed Component (Basic+HRA+Special Allowance+ Books & Periodicals+ Car Allowance+Driver Allowance+ Fuel Allowance+LTA+ Telephone allowance+Professional development+Child Education+Child Hostel) for the month of Aug 2026,Journal,,,,False,,
3 - Chegg India Pv. Lt.,Aug 2026,8/15/2026,8/27/2026,INR,60100 Salary & Wages : Salary Expense,Vendor,"39,226",USD,366 - Business Operations Management,50 - Skills,Salary Expense_Fixed Component (Basic+HRA+Special Allowance+ Books & Periodicals+ Car Allowance+Driver Allowance+ Fuel Allowance+LTA+ Telephone allowance+Professional development+Child Education+Child Hostel) for the month of Aug 2026,Journal,,,,False,,
3 - Chegg India Pv. Lt.,Aug 2026,8/15/2026,8/27/2026,INR,60100 Salary & Wages : Salary Expense,Vendor,"40,413",USD,141 - Engineering Engagement,50 - Skills,Salary Expense_Fixed Component (Basic+HRA+Special Allowance+ Books & Periodicals+ Car Allowance+Driver Allowance+ Fuel Allowance+LTA+ Telephone allowance+Professional development+Child Education+Child Hostel) for the month of Aug 2026,Journal,,,,False,,
3 - Chegg India Pv. Lt.,Aug 2026,8/15/2026,8/27/2026,INR,60100 Salary & Wages : Salary Expense,Vendor,"52,385",USD,321 - Accounting,00 - Corporate,Salary Expense_Fixed Component (Basic+HRA+Special Allowance+ Books & Periodicals+ Car Allowance+Driver Allowance+ Fuel Allowance+LTA+ Telephone allowance+Professional development+Child Education+Child Hostel) for the month of Aug 2026,Journal,,,,False,,
3 - Chegg India Pv. Lt.,Aug 2026,8/15/2026,8/27/2026,INR,60130 Salary & Wages : Intern Costs,Vendor,262,USD,350 - Workplace Services,00 - Corporate,Payment for Aug 2026_Enabling NATS,Journal,,,,False,,
3 - Chegg India Pv. Lt.,Aug 2026,8/15/2026,8/27/2026,INR,60130 Salary & Wages : Intern Costs,Vendor,262,USD,331 - Legal,00 - Corporate,Payment for Aug 2026_Enabling NATS,Journal,,,,False,,
3 - Chegg India Pv. Lt.,Aug 2026,8/15/2026,8/27/2026,INR,60130 Salary & Wages : Intern Costs,Vendor,262,USD,341 - HR Operations,00 - Corporate,Payment for Aug 2026_Enabling NATS,Journal,,,,False,,
3 - Chegg India Pv. Lt.,Aug 2026,8/15/2026,8/27/2026,INR,60130 Salary & Wages : Intern Costs,Vendor,262,USD,342 - Talent Acquisition,00 - Corporate,Payment for Aug 2026_Enabling NATS,Journal,,,,False,,
3 - Chegg India Pv. Lt.,Aug 2026,8/15/2026,8/27/2026,INR,60130 Salary & Wages : Intern Costs,Vendor,331,USD,141 - Engineering Engagement,50 - Skills,Payment for Aug 2026_Enabling NATS,Journal,,,,False,,
3 - Chegg India Pv. Lt.,Aug 2026,8/15/2026,8/27/2026,INR,60130 Salary & Wages : Intern Costs,Vendor,524,USD,321 - Accounting,00 - Corporate,Payment for Aug 2026_Enabling NATS,Journal,,,,False,,
3 - Chegg India Pv. Lt.,Aug 2026,8/15/2026,8/27/2026,INR,60130 Salary & Wages : Intern Costs,Vendor,524,USD,206 - Customer Relationship Marketing,20 - Learning Services,Payment for Aug 2026_Enabling NATS,Journal,,,,False,,
3 - Chegg India Pv. Lt.,Aug 2026,8/15/2026,8/27/2026,INR,60130 Salary & Wages : Intern Costs,Vendor,580,USD,141 - Engineering Engagement,20 - Learning Services,Payment for Aug 2026_Enabling NATS,Journal,,,,False,,
3 - Chegg India Pv. Lt.,Aug 2026,8/15/2026,8/27/2026,INR,60130 Salary & Wages : Intern Costs,Vendor,786,USD,380 - Content Operations,46 - Content Services,Payment for Aug 2026_Expert NATS,Journal,,,,False,,
3 - Chegg India Pv. Lt.,Aug 2026,8/15/2026,8/27/2026,INR,66300 Office Expenses : Food Services,Vendor,-14,USD,137 - Platform - Content Engineering,20 - Learning Services,Food Deduction for the month of Aug 2026,Journal,,,,False,,
3 - Chegg India Pv. Lt.,Aug 2026,8/15/2026,8/27/2026,INR,66300 Office Expenses : Food Services,Vendor,-12,USD,321 - Accounting,00 - Corporate,Food Deduction for the month of Aug 2026,Journal,,,,False,,
3 - Chegg India Pv. Lt.,Aug 2026,8/15/2026,8/27/2026,INR,66300 Office Expenses : Food Services,Vendor,-9,USD,205 - SEO Marketing,60 - Busuu,Food Deduction for the month of Aug 2026,Journal,,,,False,,
3 - Chegg India Pv. Lt.,Aug 2026,8/15/2026,8/27/2026,INR,66300 Office Expenses : Food Services,Vendor,-7,USD,137 - Platform - Content Engineering,46 - Content Services,Food Deduction for the month of Aug 2026,Journal,,,,False,,
3 - Chegg India Pv. Lt.,Aug 2026,8/15/2026,8/27/2026,INR,66300 Office Expenses : Food Services,Vendor,-6,USD,215 - Advertising Operations,20 - Learning Services,Food Deduction for the month of Aug 2026,Journal,,,,False,,
3 - Chegg India Pv. Lt.,Aug 2026,8/15/2026,8/27/2026,INR,66300 Office Expenses : Food Services,Vendor,-6,USD,580 - Support Operations,20 - Learning Services,Food Deduction for the month of Aug 2026,Journal,,,,False,,
3 - Chegg India Pv. Lt.,Aug 2026,8/15/2026,8/27/2026,INR,66300 Office Expenses : Food Services,Vendor,-6,USD,331 - Legal,00 - Corporate,Food Deduction for the month of Aug 2026,Journal,,,,False,,
3 - Chegg India Pv. Lt.,Aug 2026,8/15/2026,8/27/2026,INR,66300 Office Expenses : Food Services,Vendor,-5,USD,341 - HR Operations,00 - Corporate,Food Deduction for the month of Aug 2026,Journal,,,,False,,
3 - Chegg India Pv. Lt.,Aug 2026,8/15/2026,8/27/2026,INR,66300 Office Expenses : Food Services,Vendor,-4,USD,206 - Customer Relationship Marketing,20 - Learning Services,Food Deduction for the month of Aug 2026,Journal,,,,False,,
3 - Chegg India Pv. Lt.,Aug 2026,8/15/2026,8/27/2026,INR,66300 Office Expenses : Food Services,Vendor,-4,USD,103 - Product - Monetization,20 - Learning Services,Food Deduction for the month of Aug 2026,Journal,,,,False,,
3 - Chegg India Pv. Lt.,Aug 2026,8/15/2026,8/27/2026,INR,66300 Office Expenses : Food Services,Vendor,-3,USD,325 - FP & A,00 - Corporate,Food Deduction for the month of Aug 2026,Journal,,,,False,,
3 - Chegg India Pv. Lt.,Aug 2026,8/15/2026,8/27/2026,INR,66300 Office Expenses : Food Services,Vendor,-3,USD,390 - Compliance,20 - Learning Services,Food Deduction for the month of Aug 2026,Journal,,,,False,,
3 - Chegg India Pv. Lt.,Aug 2026,8/15/2026,8/27/2026,INR,66300 Office Expenses : Food Services,Vendor,-3,USD,204 - Performance Marketing,20 - Learning Services,Food Deduction for the month of Aug 2026,Journal,,,,False,,
3 - Chegg India Pv. Lt.,Aug 2026,8/15/2026,8/27/2026,INR,66300 Office Expenses : Food Services,Vendor,-2,USD,380 - Content Operations,46 - Content Services,Food Deduction for the month of Aug 2026,Journal,,,,False,,
3 - Chegg India Pv. Lt.,Aug 2026,8/15/2026,8/27/2026,INR,66300 Office Expenses : Food Services,Vendor,-2,USD,366 - Business Operations Management,50 - Skills,Food Deduction for the month of Aug 2026,Journal,,,,False,,
3 - Chegg India Pv. Lt.,Aug 2026,8/15/2026,8/27/2026,INR,66300 Office Expenses : Food Services,Vendor,-1,USD,160 - Commerce Engineering,20 - Learning Services,Food Deduction for the month of Aug 2026,Journal,,,,False,,
3 - Chegg India Pv. Lt.,Aug 2026,8/15/2026,8/27/2026,INR,66300 Office Expenses : Food Services,Vendor,-1,USD,205 - SEO Marketing,20 - Learning Services,Food Deduction for the month of Aug 2026,Journal,,,,False,,
3 - Chegg India Pv. Lt.,Aug 2026,8/15/2026,8/27/2026,INR,66300 Office Expenses : Food Services,Vendor,-1,USD,350 - Workplace Services,00 - Corporate,Food Deduction for the month of Aug 2026,Journal,,,,False,,
3 - Chegg India Pv. Lt.,Aug 2026,8/15/2026,8/27/2026,INR,66300 Office Expenses : Food Services,Vendor,-1,USD,155 - Knowledge & Platforms,50 - Skills,Food Deduction for the month of Aug 2026,Journal,,,,False,,
3 - Chegg India Pv. Lt.,Aug 2026,8/15/2026,8/27/2026,INR,66300 Office Expenses : Food Services,Vendor,-0,USD,391 - Consumer Operations,20 - Learning Services,Food Deduction for the month of Aug 2026,Journal,,,,False,,
3 - Chegg India Pv. Lt.,Aug 2026,8/15/2026,8/27/2026,INR,66300 Office Expenses : Food Services,Vendor,-0,USD,141 - Engineering Engagement,20 - Learning Services,Food Deduction for the month of Aug 2026,Journal,,,,False,,
3 - Chegg India Pv. Lt.,Aug 2026,8/15/2026,8/27/2026,INR,66300 Office Expenses : Food Services,Vendor,-0,USD,181 - Data Analytics,60 - Busuu,Food Deduction for the month of Aug 2026,Journal,,,,False,,
3 - Chegg India Pv. Lt.,Aug 2026,8/15/2026,8/27/2026,INR,66300 Office Expenses : Food Services,Vendor,-0,USD,141 - Engineering Engagement,50 - Skills,Food Deduction for the month of Aug 2026,Journal,,,,False,,
3 - Chegg India Pv. Lt.,Aug 2026,8/15/2026,8/27/2026,INR,66300 Office Expenses : Food Services,Vendor,-0,USD,342 - Talent Acquisition,00 - Corporate,Food Deduction for the month of Aug 2026,Journal,,,,False,,
3 - Chegg India Pv. Lt.,Aug 2026,8/15/2026,8/27/2026,INR,66300 Office Expenses : Food Services,Vendor,-0,USD,370 - Learning Experience,20 - Learning Services,Food Deduction for the month of Aug 2026,Journal,,,,False,,
3 - Chegg India Pv. Lt.,Aug 2026,8/15/2026,8/27/2026,INR,66300 Office Expenses : Food Services,Vendor,-0,USD,137 - Platform - Content Engineering,50 - Skills,Food Deduction for the month of Aug 2026,Journal,,,,False,,
3 - Chegg India Pv. Lt.,Aug 2026,8/15/2026,8/27/2026,INR,66300 Office Expenses : Food Services,Vendor,-0,USD,367 - Portfolio Management Office,20 - Learning Services,Food Deduction for the month of Aug 2026,Journal,,,,False,,
3 - Chegg India Pv. Lt.,Aug 2026,8/15/2026,8/27/2026,INR,66300 Office Expenses : Food Services,Vendor,0,USD,102 - Product - Engagement,50 - Skills,Food Deduction for the month of Aug 2026,Journal,,,,False,,
3 - Chegg India Pv. Lt.,Aug 2026,8/15/2026,8/27/2026,INR,66300 Office Expenses : Food Services,Vendor,0,USD,103 - Product - Monetization,50 - Skills,Food Deduction for the month of Aug 2026,Journal,,,,False,,
3 - Chegg India Pv. Lt.,Aug 2026,8/15/2026,8/27/2026,INR,66300 Office Expenses : Food Services,Vendor,0,USD,112 - User Experience - Engagement,50 - Skills,Food Deduction for the month of Aug 2026,Journal,,,,False,,
3 - Chegg India Pv. Lt.,Aug 2026,8/15/2026,8/27/2026,INR,66300 Office Expenses : Food Services,Vendor,0,USD,130 - Platform - Marketing Technology,20 - Learning Services,Food Deduction for the month of Aug 2026,Journal,,,,False,,
3 - Chegg India Pv. Lt.,Aug 2026,8/15/2026,8/27/2026,INR,66300 Office Expenses : Food Services,Vendor,0,USD,130 - Platform - Marketing Technology,50 - Skills,Food Deduction for the month of Aug 2026,Journal,,,,False,,
3 - Chegg India Pv. Lt.,Aug 2026,8/15/2026,8/27/2026,INR,66300 Office Expenses : Food Services,Vendor,0,USD,131 - Platform - Data Engineering,20 - Learning Services,Food Deduction for the month of Aug 2026,Journal,,,,False,,
3 - Chegg India Pv. Lt.,Aug 2026,8/15/2026,8/27/2026,INR,66300 Office Expenses : Food Services,Vendor,0,USD,139 - Platform - CloudOps,20 - Learning Services,Food Deduction for the month of Aug 2026,Journal,,,,False,,
3 - Chegg India Pv. Lt.,Aug 2026,8/15/2026,8/27/2026,INR,66300 Office Expenses : Food Services,Vendor,0,USD,204 - Performance Marketing,60 - Busuu,Food Deduction for the month of Aug 2026,Journal,,,,False,,
3 - Chegg India Pv. Lt.,Aug 2026,8/15/2026,8/27/2026,INR,66300 Office Expenses : Food Services,Vendor,0,USD,206 - Customer Relationship Marketing,60 - Busuu,Food Deduction for the month of Aug 2026,Journal,,,,False,,
3 - Chegg India Pv. Lt.,Aug 2026,8/15/2026,8/27/2026,INR,66300 Office Expenses : Food Services,Vendor,0,USD,321 - Accounting,60 - Busuu,Food Deduction for the month of Aug 2026,Journal,,,,False,,
3 - Chegg India Pv. Lt.,Aug 2026,8/15/2026,8/27/2026,INR,66300 Office Expenses : Food Services,Vendor,0,USD,322 - Internal Audit,00 - Corporate,Food Deduction for the month of Aug 2026,Journal,,,,False,,
3 - Chegg India Pv. Lt.,Aug 2026,8/15/2026,8/27/2026,INR,66300 Office Expenses : Food Services,Vendor,0,USD,326 - Enterprise Systems & Applications,00 - Corporate,Food Deduction for the month of Aug 2026,Journal,,,,False,,
3 - Chegg India Pv. Lt.,Aug 2026,8/15/2026,8/27/2026,INR,66300 Office Expenses : Food Services,Vendor,0,USD,360 - General Management,46 - Content Services,Food Deduction for the month of Aug 2026,Journal,,,,False,,
3 - Chegg India Pv. Lt.,Aug 2026,8/15/2026,8/27/2026,INR,66300 Office Expenses : Food Services,Vendor,0,USD,360 - General Management,60 - Busuu,Food Deduction for the month of Aug 2026,Journal,,,,False,,
3 - Chegg India Pv. Lt.,Aug 2026,8/15/2026,8/27/2026,INR,66300 Office Expenses : Food Services,Vendor,0,USD,367 - Portfolio Management Office,50 - Skills,Food Deduction for the month of Aug 2026,Journal,,,,False,,
3 - Chegg India Pv. Lt.,Aug 2026,8/15/2026,8/27/2026,INR,66300 Office Expenses : Food Services,Vendor,0,USD,380 - Content Operations,20 - Learning Services,Food Deduction for the month of Aug 2026,Journal,,,,False,,
3 - Chegg India Pv. Lt.,Aug 2026,8/15/2026,8/27/2026,INR,66300 Office Expenses : Food Services,Vendor,0,USD,385 - Content Development,46 - Content Services,Food Deduction for the month of Aug 2026,Journal,,,,False,,
3 - Chegg India Pv. Lt.,Aug 2026,8/15/2026,8/27/2026,INR,66300 Office Expenses : Food Services,Vendor,0,USD,390 - Compliance,00 - Corporate,Food Deduction for the month of Aug 2026,Journal,,,,False,,
3 - Chegg India Pv. Lt.,Aug 2026,8/15/2026,8/27/2026,INR,66300 Office Expenses : Food Services,Vendor,0,USD,391 - Consumer Operations,50 - Skills,Food Deduction for the month of Aug 2026,Journal,,,,False,,
3 - Chegg India Pv. Lt.,Aug 2026,8/15/2026,8/27/2026,INR,66300 Office Expenses : Food Services,Vendor,0,USD,392 - Information Security,00 - Corporate,Food Deduction for the month of Aug 2026,Journal,,,,False,,
3 - Chegg India Pv. Lt.,Aug 2026,8/15/2026,8/27/2026,INR,66300 Office Expenses : Food Services,Vendor,0,USD,520 - Educators,50 - Skills,Food Deduction for the month of Aug 2026,Journal,,,,False,,
3 - Chegg India Pv. Lt.,Aug 2026,8/15/2026,8/27/2026,INR,66300 Office Expenses : Food Services,Vendor,0,USD,580 - Support Operations,50 - Skills,Food Deduction for the month of Aug 2026,Journal,,,,False,,
3 - Chegg India Pv. Lt.,Aug 2026,8/15/2026,8/27/2026,INR,66520 Realized Gain/Loss,Vendor,-1,USD,321 - Accounting,00 - Corporate,Forex Gain booked on Intercompany RSU_July'26,Journal,,,,False,,
3 - Chegg India Pv. Lt.,Aug 2026,8/15/2026,8/27/2026,INR,66520 Realized Gain/Loss,Vendor,"10,286",USD,321 - Accounting,00 - Corporate,Forex loss booked on Intercompany Revenue of Delhi (Invoice No-04)_July'25,Journal,,,,False,,
3 - Chegg India Pv. Lt.,Aug 2026,8/15/2026,8/31/2026,INR,60100 Salary & Wages : Salary Expense,Vendor,1,USD,321 - Accounting,00 - Corporate,INR 75 being booked for Admin & EDLI charges of Vizag for Aug'26,Journal,,,,False,,
3 - Chegg India Pv. Lt.,Aug 2026,8/15/2026,8/31/2026,INR,60100 Salary & Wages : Salary Expense,Vendor,442,USD,321 - Accounting,00 - Corporate,EPF Admin Charges for Aug 2026,Journal,,,,False,,
3 - Chegg India Pv. Lt.,Aug 2026,8/15/2026,8/31/2026,INR,60100 Salary & Wages : Salary Expense,Vendor,"10,479",USD,321 - Accounting,00 - Corporate,Leave Encashment provision for Aug 2026,Journal,,,,False,,
3 - Chegg India Pv. Lt.,Aug 2026,8/15/2026,8/31/2026,INR,60130 Salary & Wages : Intern Costs,Vendor,-786,USD,380 - Content Operations,46 - Content Services,NATS cost moved is being moved from Intern cost to CSR Cost  - Aug 2026,Journal,,,,False,,
3 - Chegg India Pv. Lt.,Aug 2026,8/15/2026,8/31/2026,INR,60130 Salary & Wages : Intern Costs,Vendor,-262,USD,206 - Customer Relationship Marketing,20 - Learning Services,NATS cost moved is being moved from Intern cost to CSR Cost  - Aug 2026,Journal,,,,False,,
3 - Chegg India Pv. Lt.,Aug 2026,8/15/2026,8/31/2026,INR,60150 Salary & Wages : Bonus,Vendor,"1,319",USD,131 - Platform - Data Engineering,20 - Learning Services,Bonus Accruals for Aug'26_5th Installment of Retention Bonus paid to Termination Revoked Cases,Journal,,,,False,,
3 - Chegg India Pv. Lt.,Aug 2026,8/15/2026,8/31/2026,INR,60150 Salary & Wages : Bonus,Vendor,"2,005",USD,385 - Content Development,46 - Content Services,Bonus Accruals for Aug'26_5th Installment of Retention Bonus paid to Termination Revoked Cases,Journal,,,,False,,
3 - Chegg India Pv. Lt.,Aug 2026,8/15/2026,8/31/2026,INR,60150 Salary & Wages : Bonus,Vendor,"9,761",USD,360 - General Management,46 - Content Services,Bonus Accruals for Aug'26_5th Installment of Retention Bonus paid to Termination Revoked Cases,Journal,,,,False,,
3 - Chegg India Pv. Lt.,Aug 2026,8/15/2026,8/31/2026,INR,60150 Salary & Wages : Bonus,Vendor,"14,575",USD,380 - Content Operations,46 - Content Services,Bonus Accruals for Aug'26_5th Installment of Retention Bonus paid to Termination Revoked Cases,Journal,,,,False,,
3 - Chegg India Pv. Lt.,Aug 2026,8/15/2026,8/31/2026,INR,60240 Other Compensation and Benefits : Employee Benefits,258556 Visit HealthPrivateLimited,270,USD,341 - HR Operations,00 - Corporate,[101543 @Line 0] Expense off GST amount for Visit health invoice-VHPL/25-26/02407 has been transferred to prepaid. (Amortization Destination),Journal,,,,False,,
3 - Chegg India Pv. Lt.,Aug 2026,8/15/2026,8/31/2026,INR,60240 Other Compensation and Benefits : Employee Benefits,258556 Visit HealthPrivateLimited,"1,498",USD,341 - HR Operations,00 - Corporate,[VHPL/25-26/02407 @Expense Line 1] null (Amortization Destination),Journal,,,,False,,
3 - Chegg India Pv. Lt.,Aug 2026,8/15/2026,8/31/2026,INR,60240 Other Compensation and Benefits : Employee Benefits,Care Health Insurance limited,-338,USD,341 - HR Operations,00 - Corporate,[101806 @Line 2] Endo-2 against GHI Parents-A0153386 credit note booked vide CNO-A0153386-5 (Amortization Destination),Journal,,,,False,,
3 - Chegg India Pv. Lt.,Aug 2026,8/15/2026,8/31/2026,INR,60240 Other Compensation and Benefits : Employee Benefits,Care Health Insurance limited,-186,USD,341 - HR Operations,00 - Corporate,[103556 @Line 2] Endo-3 against GMC ESC-A0089917 credit note booked vide CNO-A0089917-8 (Amortization Destination),Journal,,,,False,,
3 - Chegg India Pv. Lt.,Aug 2026,8/15/2026,8/31/2026,INR,60240 Other Compensation and Benefits : Employee Benefits,Care Health Insurance limited,-171,USD,341 - HR Operations,00 - Corporate,[100801 @Line 2] Endo-1 against GHI Parents-A0153386 credit note booked vide CNO-A0153386-3 (Amortization Destination),Journal,,,,False,,
3 - Chegg India Pv. Lt.,Aug 2026,8/15/2026,8/31/2026,INR,60240 Other Compensation and Benefits : Employee Benefits,Care Health Insurance limited,-149,USD,341 - HR Operations,00 - Corporate,[101804 @Line 2] Endo-2 against GMC ESC-A0089917 credit note booked vide CNO-A0089917-5 (Amortization Destination),Journal,,,,False,,
3 - Chegg India Pv. Lt.,Aug 2026,8/15/2026,8/31/2026,INR,60240 Other Compensation and Benefits : Employee Benefits,Care Health Insurance limited,-127,USD,341 - HR Operations,00 - Corporate,[103567 @Line 2] Endo-3 against GHI Parents-A0153386 credit note booked vide CNO-A0153386-7 (Amortization Destination),Journal,,,,False,,
3 - Chegg India Pv. Lt.,Aug 2026,8/15/2026,8/31/2026,INR,60240 Other Compensation and Benefits : Employee Benefits,Care Health Insurance limited,-125,USD,341 - HR Operations,00 - Corporate,[100800 @Line 2] Endo-1 against GMC ESC-A0089917 credit note booked vide CNO-A0089917-2 (Amortization Destination),Journal,,,,False,,
3 - Chegg India Pv. Lt.,Aug 2026,8/15/2026,8/31/2026,INR,60240 Other Compensation and Benefits : Employee Benefits,Care Health Insurance limited,-61,USD,341 - HR Operations,00 - Corporate,[101806 @Line 4] Expense Out - Expense Account (Amortization Destination),Journal,,,,False,,
3 - Chegg India Pv. Lt.,Aug 2026,8/15/2026,8/31/2026,INR,60240 Other Compensation and Benefits : Employee Benefits,Care Health Insurance limited,-45,USD,341 - HR Operations,00 - Corporate,[101805 @Line 2] Endo-2A against GMC ESC-A0089917 credit note booked vide CNO-A0089917-6 (Amortization Destination),Journal,,,,False,,
3 - Chegg India Pv. Lt.,Aug 2026,8/15/2026,8/31/2026,INR,60240 Other Compensation and Benefits : Employee Benefits,Care Health Insurance limited,-33,USD,341 - HR Operations,00 - Corporate,[103556 @Line 4] Expense Out - Expense Account (Amortization Destination),Journal,,,,False,,
3 - Chegg India Pv. Lt.,Aug 2026,8/15/2026,8/31/2026,INR,60240 Other Compensation and Benefits : Employee Benefits,Care Health Insurance limited,-31,USD,341 - HR Operations,00 - Corporate,[100801 @Line 4] Expense Out - Expense Account (Amortization Destination),Journal,,,,False,,
3 - Chegg India Pv. Lt.,Aug 2026,8/15/2026,8/31/2026,INR,60240 Other Compensation and Benefits : Employee Benefits,Care Health Insurance limited,-27,USD,341 - HR Operations,00 - Corporate,[101804 @Line 4] Expense Out - Expense Account (Amortization Destination),Journal,,,,False,,
3 - Chegg India Pv. Lt.,Aug 2026,8/15/2026,8/31/2026,INR,60240 Other Compensation and Benefits : Employee Benefits,Care Health Insurance limited,-23,USD,341 - HR Operations,00 - Corporate,[103567 @Line 4] Expense Out - Expense Account (Amortization Destination),Journal,,,,False,,
3 - Chegg India Pv. Lt.,Aug 2026,8/15/2026,8/31/2026,INR,60240 Other Compensation and Benefits : Employee Benefits,Care Health Insurance limited,-22,USD,341 - HR Operations,00 - Corporate,[100800 @Line 4] Expense Out - Expense Account (Amortization Destination),Journal,,,,False,,
3 - Chegg India Pv. Lt.,Aug 2026,8/15/2026,8/31/2026,INR,60240 Other Compensation and Benefits : Employee Benefits,Care Health Insurance limited,-20,USD,341 - HR Operations,00 - Corporate,[104915 @Line 2] Endo-4 against GMC ESC-A0089917 credit note booked vide CNO-A0089917-11 (Amortization Destination),Journal,,,,False,,
3 - Chegg India Pv. Lt.,Aug 2026,8/15/2026,8/31/2026,INR,60240 Other Compensation and Benefits : Employee Benefits,Care Health Insurance limited,-19,USD,341 - HR Operations,00 - Corporate,[104923 @Line 2] Top Up-3 against GHI-A0560262 credit note booked vide Invoice no-A0560262-5 (Amortization Destination),Journal,,,,False,,
3 - Chegg India Pv. Lt.,Aug 2026,8/15/2026,8/31/2026,INR,60240 Other Compensation and Benefits : Employee Benefits,Care Health Insurance limited,-16,USD,341 - HR Operations,00 - Corporate,[104916 @Line 2] Endo-4 against GHI Parents-A0153386 credit note booked vide CNO-A0153386-9 (Amortization Destination),Journal,,,,False,,
3 - Chegg India Pv. Lt.,Aug 2026,8/15/2026,8/31/2026,INR,60240 Other Compensation and Benefits : Employee Benefits,Care Health Insurance limited,-14,USD,341 - HR Operations,00 - Corporate,[103569 @Line 2] Top Up-2 against GHI-A0560262 credit note booked vide Invoice no-A0560262-4 (Amortization Destination),Journal,,,,False,,
3 - Chegg India Pv. Lt.,Aug 2026,8/15/2026,8/31/2026,INR,60240 Other Compensation and Benefits : Employee Benefits,Care Health Insurance limited,-10,USD,341 - HR Operations,00 - Corporate,[100802 @Line 2] Endo-1 against GPA-A0152144 credit note booked vide CNO-A0152144-2 (Amortization Destination),Journal,,,,False,,
3 - Chegg India Pv. Lt.,Aug 2026,8/15/2026,8/31/2026,INR,60240 Other Compensation and Benefits : Employee Benefits,Care Health Insurance limited,-8,USD,341 - HR Operations,00 - Corporate,[101805 @Line 4] Expense Out - Expense Account (Amortization Destination),Journal,,,,False,,
3 - Chegg India Pv. Lt.,Aug 2026,8/15/2026,8/31/2026,INR,60240 Other Compensation and Benefits : Employee Benefits,Care Health Insurance limited,-5,USD,341 - HR Operations,00 - Corporate,[103708 @Line 2] Top Up-1 against GPA-A0560262 credit note booked vide CNO-A0560262-3 (Amortization Destination),Journal,,,,False,,
3 - Chegg India Pv. Lt.,Aug 2026,8/15/2026,8/31/2026,INR,60240 Other Compensation and Benefits : Employee Benefits,Care Health Insurance limited,-4,USD,341 - HR Operations,00 - Corporate,[103568 @Line 2] Endo-3 against GPA-A0152144 credit note booked vide CNO-A0152144-6 (Amortization Destination),Journal,,,,False,,
3 - Chegg India Pv. Lt.,Aug 2026,8/15/2026,8/31/2026,INR,60240 Other Compensation and Benefits : Employee Benefits,Care Health Insurance limited,-4,USD,341 - HR Operations,00 - Corporate,[104917 @Line 2] Endo-4 against GPA-A0152144 credit note booked vide CNO-A0152144-9 (Amortization Destination),Journal,,,,False,,
3 - Chegg India Pv. Lt.,Aug 2026,8/15/2026,8/31/2026,INR,60240 Other Compensation and Benefits : Employee Benefits,Care Health Insurance limited,-4,USD,341 - HR Operations,00 - Corporate,[104915 @Line 4] Expense Out - Expense Account (Amortization Destination),Journal,,,,False,,
3 - Chegg India Pv. Lt.,Aug 2026,8/15/2026,8/31/2026,INR,60240 Other Compensation and Benefits : Employee Benefits,Care Health Insurance limited,-4,USD,341 - HR Operations,00 - Corporate,[104923 @Line 4] Expense Out - Expense Account (Amortization Destination),Journal,,,,False,,
3 - Chegg India Pv. Lt.,Aug 2026,8/15/2026,8/31/2026,INR,60240 Other Compensation and Benefits : Employee Benefits,Care Health Insurance limited,-3,USD,341 - HR Operations,00 - Corporate,[101808 @Line 2] Endo-2A against GPA-A0152144 credit note booked vide CNO-A0152144-5 (Amortization Destination),Journal,,,,False,,
3 - Chegg India Pv. Lt.,Aug 2026,8/15/2026,8/31/2026,INR,60240 Other Compensation and Benefits : Employee Benefits,Care Health Insurance limited,-3,USD,341 - HR Operations,00 - Corporate,[104916 @Line 4] Expense Out - Expense Account (Amortization Destination),Journal,,,,False,,
3 - Chegg India Pv. Lt.,Aug 2026,8/15/2026,8/31/2026,INR,60240 Other Compensation and Benefits : Employee Benefits,Care Health Insurance limited,-3,USD,341 - HR Operations,00 - Corporate,[103569 @Line 4] Expense Out - Expense Account (Amortization Destination),Journal,,,,False,,
3 - Chegg India Pv. Lt.,Aug 2026,8/15/2026,8/31/2026,INR,60240 Other Compensation and Benefits : Employee Benefits,Care Health Insurance limited,-2,USD,341 - HR Operations,00 - Corporate,[101807 @Line 2] Endo-2 against GPA-A0152144 credit note booked vide CNO-A0152144-4 (Amortization Destination),Journal,,,,False,,
3 - Chegg India Pv. Lt.,Aug 2026,8/15/2026,8/31/2026,INR,60240 Other Compensation and Benefits : Employee Benefits,Care Health Insurance limited,-2,USD,341 - HR Operations,00 - Corporate,[100802 @Line 4] Expense Out - Expense Account (Amortization Destination),Journal,,,,False,,
3 - Chegg India Pv. Lt.,Aug 2026,8/15/2026,8/31/2026,INR,60240 Other Compensation and Benefits : Employee Benefits,Care Health Insurance limited,-1,USD,341 - HR Operations,00 - Corporate,[103708 @Line 4] Expense Out - Expense Account (Amortization Destination),Journal,,,,False,,
3 - Chegg India Pv. Lt.,Aug 2026,8/15/2026,8/31/2026,INR,60240 Other Compensation and Benefits : Employee Benefits,Care Health Insurance limited,-1,USD,341 - HR Operations,00 - Corporate,[103568 @Line 4] Expense Out - Expense Account (Amortization Destination),Journal,,,,False,,
3 - Chegg India Pv. Lt.,Aug 2026,8/15/2026,8/31/2026,INR,60240 Other Compensation and Benefits : Employee Benefits,Care Health Insurance limited,-1,USD,341 - HR Operations,00 - Corporate,[104917 @Line 4] Expense Out - Expense Account (Amortization Destination),Journal,,,,False,,
3 - Chegg India Pv. Lt.,Aug 2026,8/15/2026,8/31/2026,INR,60240 Other Compensation and Benefits : Employee Benefits,Care Health Insurance limited,-1,USD,341 - HR Operations,00 - Corporate,[101808 @Line 4] Expense Out - Expense Account (Amortization Destination),Journal,,,,False,,
3 - Chegg India Pv. Lt.,Aug 2026,8/15/2026,8/31/2026,INR,60240 Other Compensation and Benefits : Employee Benefits,Care Health Insurance limited,-0,USD,341 - HR Operations,00 - Corporate,[107457 @Line 2] Endo-5 against GMC ESC-A0089917 credit note booked vide CNO-A0089917-12 (Amortization Destination),Journal,,,,False,,
3 - Chegg India Pv. Lt.,Aug 2026,8/15/2026,8/31/2026,INR,60240 Other Compensation and Benefits : Employee Benefits,Care Health Insurance limited,-0,USD,341 - HR Operations,00 - Corporate,[107457 @Line 2] Endo-5 against GMC ESC-A0089917 credit note booked vide CNO-A0089917-12 (Amortization Destination),Journal,,,,False,,
3 - Chegg India Pv. Lt.,Aug 2026,8/15/2026,8/31/2026,INR,60240 Other Compensation and Benefits : Employee Benefits,Care Health Insurance limited,-0,USD,341 - HR Operations,00 - Corporate,[107457 @Line 4] Expense Out - Expense Account (Amortization Destination),Journal,,,,False,,
3 - Chegg India Pv. Lt.,Aug 2026,8/15/2026,8/31/2026,INR,60240 Other Compensation and Benefits : Employee Benefits,Care Health Insurance limited,-0,USD,341 - HR Operations,00 - Corporate,[107457 @Line 4] Expense Out - Expense Account (Amortization Destination),Journal,,,,False,,
3 - Chegg India Pv. Lt.,Aug 2026,8/15/2026,8/31/2026,INR,60240 Other Compensation and Benefits : Employee Benefits,Care Health Insurance limited,-0,USD,341 - HR Operations,00 - Corporate,[101807 @Line 4] Expense Out - Expense Account (Amortization Destination),Journal,,,,False,,
3 - Chegg India Pv. Lt.,Aug 2026,8/15/2026,8/31/2026,INR,60240 Other Compensation and Benefits : Employee Benefits,Care Health Insurance limited,-0,USD,341 - HR Operations,00 - Corporate,[107457 @Line 2] Endo-5 against GMC ESC-A0089917 credit note booked vide CNO-A0089917-12 (Amortization Destination),Journal,,,,False,,
3 - Chegg India Pv. Lt.,Aug 2026,8/15/2026,8/31/2026,INR,60240 Other Compensation and Benefits : Employee Benefits,Care Health Insurance limited,-0,USD,341 - HR Operations,00 - Corporate,[107457 @Line 4] Expense Out - Expense Account (Amortization Destination),Journal,,,,False,,
3 - Chegg India Pv. Lt.,Aug 2026,8/15/2026,8/31/2026,INR,60240 Other Compensation and Benefits : Employee Benefits,Care Health Insurance limited,0,USD,341 - HR Operations,00 - Corporate,[107454 @Line 4] Expense Out - Expense Account (Amortization Destination),Journal,,,,False,,
3 - Chegg India Pv. Lt.,Aug 2026,8/15/2026,8/31/2026,INR,60240 Other Compensation and Benefits : Employee Benefits,Care Health Insurance limited,0,USD,341 - HR Operations,00 - Corporate,[107454 @Line 4] Expense Out - Expense Account (Amortization Destination),Journal,,,,False,,
3 - Chegg India Pv. Lt.,Aug 2026,8/15/2026,8/31/2026,INR,60240 Other Compensation and Benefits : Employee Benefits,Care Health Insurance limited,0,USD,341 - HR Operations,00 - Corporate,[107453 @Line 4] Expense Out - Expense Account (Amortization Destination),Journal,,,,False,,
3 - Chegg India Pv. Lt.,Aug 2026,8/15/2026,8/31/2026,INR,60240 Other Compensation and Benefits : Employee Benefits,Care Health Insurance limited,1,USD,341 - HR Operations,00 - Corporate,[107453 @Line 4] Expense Out - Expense Account (Amortization Destination),Journal,,,,False,,
3 - Chegg India Pv. Lt.,Aug 2026,8/15/2026,8/31/2026,INR,60240 Other Compensation and Benefits : Employee Benefits,Care Health Insurance limited,1,USD,341 - HR Operations,00 - Corporate,[88257 @Line 2] Endo-3 against GMC Parents policy no-97336494 (Amortization Destination),Journal,,,,False,,
3 - Chegg India Pv. Lt.,Aug 2026,8/15/2026,8/31/2026,INR,60240 Other Compensation and Benefits : Employee Benefits,Care Health Insurance limited,1,USD,341 - HR Operations,00 - Corporate,[107454 @Line 2] Endo-5 against GHI Parents-A0153386 tax invoice no-A0152144-10 (Amortization Destination),Journal,,,,False,,
3 - Chegg India Pv. Lt.,Aug 2026,8/15/2026,8/31/2026,INR,60240 Other Compensation and Benefits : Employee Benefits,Care Health Insurance limited,1,USD,341 - HR Operations,00 - Corporate,[107456 @Line 4] Expense Out - Expense Account (Amortization Destination),Journal,,,,False,,
3 - Chegg India Pv. Lt.,Aug 2026,8/15/2026,8/31/2026,INR,60240 Other Compensation and Benefits : Employee Benefits,Care Health Insurance limited,2,USD,341 - HR Operations,00 - Corporate,[107454 @Line 2] Endo-5 against GHI Parents-A0153386 tax invoice no-A0152144-10 (Amortization Destination),Journal,,,,False,,
3 - Chegg India Pv. Lt.,Aug 2026,8/15/2026,8/31/2026,INR,60240 Other Compensation and Benefits : Employee Benefits,Care Health Insurance limited,2,USD,341 - HR Operations,00 - Corporate,[107454 @Line 2] Endo-5 against GHI Parents-A0153386 tax invoice no-A0152144-10 (Amortization Destination),Journal,,,,False,,
3 - Chegg India Pv. Lt.,Aug 2026,8/15/2026,8/31/2026,INR,60240 Other Compensation and Benefits : Employee Benefits,Care Health Insurance limited,2,USD,341 - HR Operations,00 - Corporate,[107453 @Line 2] Endo-6 against GHI Parents-A0153386 tax invoice no-A0152144-11 (Amortization Destination),Journal,,,,False,,
3 - Chegg India Pv. Lt.,Aug 2026,8/15/2026,8/31/2026,INR,60240 Other Compensation and Benefits : Employee Benefits,Care Health Insurance limited,2,USD,341 - HR Operations,00 - Corporate,[107458 @Line 4] Expense Out - Expense Account (Amortization Destination),Journal,,,,False,,
3 - Chegg India Pv. Lt.,Aug 2026,8/15/2026,8/31/2026,INR,60240 Other Compensation and Benefits : Employee Benefits,Care Health Insurance limited,3,USD,341 - HR Operations,00 - Corporate,[107453 @Line 2] Endo-6 against GHI Parents-A0153386 tax invoice no-A0152144-11 (Amortization Destination),Journal,,,,False,,
3 - Chegg India Pv. Lt.,Aug 2026,8/15/2026,8/31/2026,INR,60240 Other Compensation and Benefits : Employee Benefits,Care Health Insurance limited,4,USD,341 - HR Operations,00 - Corporate,[106503 @Line 4] Expense Out - Expense Account (Amortization Destination),Journal,,,,False,,
3 - Chegg India Pv. Lt.,Aug 2026,8/15/2026,8/31/2026,INR,60240 Other Compensation and Benefits : Employee Benefits,Care Health Insurance limited,4,USD,341 - HR Operations,00 - Corporate,[106504 @Line 4] Expense Out - Expense Account (Amortization Destination),Journal,,,,False,,
3 - Chegg India Pv. Lt.,Aug 2026,8/15/2026,8/31/2026,INR,60240 Other Compensation and Benefits : Employee Benefits,Care Health Insurance limited,4,USD,341 - HR Operations,00 - Corporate,[106505 @Line 4] Expense Out - Expense Account (Amortization Destination),Journal,,,,False,,
3 - Chegg India Pv. Lt.,Aug 2026,8/15/2026,8/31/2026,INR,60240 Other Compensation and Benefits : Employee Benefits,Care Health Insurance limited,4,USD,341 - HR Operations,00 - Corporate,[106506 @Line 4] Expense Out - Expense Account (Amortization Destination),Journal,,,,False,,
3 - Chegg India Pv. Lt.,Aug 2026,8/15/2026,8/31/2026,INR,60240 Other Compensation and Benefits : Employee Benefits,Care Health Insurance limited,4,USD,341 - HR Operations,00 - Corporate,[107455 @Line 4] Expense Out - Expense Account (Amortization Destination),Journal,,,,False,,
3 - Chegg India Pv. Lt.,Aug 2026,8/15/2026,8/31/2026,INR,60240 Other Compensation and Benefits : Employee Benefits,Care Health Insurance limited,4,USD,341 - HR Operations,00 - Corporate,[107459 @Line 4] Expense Out - Expense Account (Amortization Destination),Journal,,,,False,,
3 - Chegg India Pv. Lt.,Aug 2026,8/15/2026,8/31/2026,INR,60240 Other Compensation and Benefits : Employee Benefits,Care Health Insurance limited,4,USD,341 - HR Operations,00 - Corporate,[107456 @Line 4] Expense Out - Expense Account (Amortization Destination),Journal,,,,False,,
3 - Chegg India Pv. Lt.,Aug 2026,8/15/2026,8/31/2026,INR,60240 Other Compensation and Benefits : Employee Benefits,Care Health Insurance limited,4,USD,341 - HR Operations,00 - Corporate,[107456 @Line 4] Expense Out - Expense Account (Amortization Destination),Journal,,,,False,,
3 - Chegg India Pv. Lt.,Aug 2026,8/15/2026,8/31/2026,INR,60240 Other Compensation and Benefits : Employee Benefits,Care Health Insurance limited,4,USD,341 - HR Operations,00 - Corporate,[107458 @Line 4] Expense Out - Expense Account (Amortization Destination),Journal,,,,False,,
3 - Chegg India Pv. Lt.,Aug 2026,8/15/2026,8/31/2026,INR,60240 Other Compensation and Benefits : Employee Benefits,Care Health Insurance limited,4,USD,341 - HR Operations,00 - Corporate,[107458 @Line 4] Expense Out - Expense Account (Amortization Destination),Journal,,,,False,,
3 - Chegg India Pv. Lt.,Aug 2026,8/15/2026,8/31/2026,INR,60240 Other Compensation and Benefits : Employee Benefits,Care Health Insurance limited,5,USD,341 - HR Operations,00 - Corporate,[107452 @Line 4] Expense Out - Expense Account (Amortization Destination),Journal,,,,False,,
3 - Chegg India Pv. Lt.,Aug 2026,8/15/2026,8/31/2026,INR,60240 Other Compensation and Benefits : Employee Benefits,Care Health Insurance limited,7,USD,341 - HR Operations,00 - Corporate,[107455 @Line 4] Expense Out - Expense Account (Amortization Destination),Journal,,,,False,,
3 - Chegg India Pv. Lt.,Aug 2026,8/15/2026,8/31/2026,INR,60240 Other Compensation and Benefits : Employee Benefits,Care Health Insurance limited,7,USD,341 - HR Operations,00 - Corporate,[107455 @Line 4] Expense Out - Expense Account (Amortization Destination),Journal,,,,False,,
3 - Chegg India Pv. Lt.,Aug 2026,8/15/2026,8/31/2026,INR,60240 Other Compensation and Benefits : Employee Benefits,Care Health Insurance limited,7,USD,341 - HR Operations,00 - Corporate,[107459 @Line 4] Expense Out - Expense Account (Amortization Destination),Journal,,,,False,,
3 - Chegg India Pv. Lt.,Aug 2026,8/15/2026,8/31/2026,INR,60240 Other Compensation and Benefits : Employee Benefits,Care Health Insurance limited,7,USD,341 - HR Operations,00 - Corporate,[107456 @Line 2] Top Up-4 against GHI-A0560262 credit note booked vide Invoice no-A0560262-6 (Amortization Destination),Journal,,,,False,,
3 - Chegg India Pv. Lt.,Aug 2026,8/15/2026,8/31/2026,INR,60240 Other Compensation and Benefits : Employee Benefits,Care Health Insurance limited,8,USD,341 - HR Operations,00 - Corporate,[107452 @Line 4] Expense Out - Expense Account (Amortization Destination),Journal,,,,False,,
3 - Chegg India Pv. Lt.,Aug 2026,8/15/2026,8/31/2026,INR,60240 Other Compensation and Benefits : Employee Benefits,Care Health Insurance limited,8,USD,341 - HR Operations,00 - Corporate,[107452 @Line 4] Expense Out - Expense Account (Amortization Destination),Journal,,,,False,,
3 - Chegg India Pv. Lt.,Aug 2026,8/15/2026,8/31/2026,INR,60240 Other Compensation and Benefits : Employee Benefits,Care Health Insurance limited,13,USD,341 - HR Operations,00 - Corporate,[107458 @Line 2] Endo-5A against GMC ESC-A0089917 tax invoice no-A0089917-13 (Amortization Destination),Journal,,,,False,,
3 - Chegg India Pv. Lt.,Aug 2026,8/15/2026,8/31/2026,INR,60240 Other Compensation and Benefits : Employee Benefits,Care Health Insurance limited,19,USD,341 - HR Operations,00 - Corporate,"[106503 @Line 2] Je no-104923, wrongly booked as Credit note now reversed in  July 2026 (Amortization Destination)",Journal,,,,False,,
3 - Chegg India Pv. Lt.,Aug 2026,8/15/2026,8/31/2026,INR,60240 Other Compensation and Benefits : Employee Benefits,Care Health Insurance limited,19,USD,341 - HR Operations,00 - Corporate,[106504 @Line 2] Top Up-3 against GHI-A0560262 credit note booked vide Invoice no-A0560262-5 now correctly booked in July 2026 (Amortization Destination),Journal,,,,False,,
3 - Chegg India Pv. Lt.,Aug 2026,8/15/2026,8/31/2026,INR,60240 Other Compensation and Benefits : Employee Benefits,Care Health Insurance limited,20,USD,341 - HR Operations,00 - Corporate,[106505 @Line 2] JE no-104915 wrongly booked as Credit note now reversed in July 2026 (Amortization Destination),Journal,,,,False,,
3 - Chegg India Pv. Lt.,Aug 2026,8/15/2026,8/31/2026,INR,60240 Other Compensation and Benefits : Employee Benefits,Care Health Insurance limited,20,USD,341 - HR Operations,00 - Corporate,[106506 @Line 2] Top Up-3 against GHI-A0560262 credit note booked vide Invoice no-A0560262-5 now correctly booked in July 2026 (Amortization Destination),Journal,,,,False,,
3 - Chegg India Pv. Lt.,Aug 2026,8/15/2026,8/31/2026,INR,60240 Other Compensation and Benefits : Employee Benefits,Care Health Insurance limited,21,USD,341 - HR Operations,00 - Corporate,[107455 @Line 2] Endo-6 against GHI Parents-A0153386 tax invoice no-A0153386-11 (Amortization Destination),Journal,,,,False,,
3 - Chegg India Pv. Lt.,Aug 2026,8/15/2026,8/31/2026,INR,60240 Other Compensation and Benefits : Employee Benefits,Care Health Insurance limited,23,USD,341 - HR Operations,00 - Corporate,[107459 @Line 2] Endo-6 against GMC ESC-A0089917 tax invoice no-A0089917-14 (Amortization Destination),Journal,,,,False,,
3 - Chegg India Pv. Lt.,Aug 2026,8/15/2026,8/31/2026,INR,60240 Other Compensation and Benefits : Employee Benefits,Care Health Insurance limited,23,USD,341 - HR Operations,00 - Corporate,[107456 @Line 2] Top Up-4 against GHI-A0560262 credit note booked vide Invoice no-A0560262-6 (Amortization Destination),Journal,,,,False,,
3 - Chegg India Pv. Lt.,Aug 2026,8/15/2026,8/31/2026,INR,60240 Other Compensation and Benefits : Employee Benefits,Care Health Insurance limited,23,USD,341 - HR Operations,00 - Corporate,[107456 @Line 2] Top Up-4 against GHI-A0560262 credit note booked vide Invoice no-A0560262-6 (Amortization Destination),Journal,,,,False,,
3 - Chegg India Pv. Lt.,Aug 2026,8/15/2026,8/31/2026,INR,60240 Other Compensation and Benefits : Employee Benefits,Care Health Insurance limited,23,USD,341 - HR Operations,00 - Corporate,[107458 @Line 2] Endo-5A against GMC ESC-A0089917 tax invoice no-A0089917-13 (Amortization Destination),Journal,,,,False,,
3 - Chegg India Pv. Lt.,Aug 2026,8/15/2026,8/31/2026,INR,60240 Other Compensation and Benefits : Employee Benefits,Care Health Insurance limited,23,USD,341 - HR Operations,00 - Corporate,[107458 @Line 2] Endo-5A against GMC ESC-A0089917 tax invoice no-A0089917-13 (Amortization Destination),Journal,,,,False,,
3 - Chegg India Pv. Lt.,Aug 2026,8/15/2026,8/31/2026,INR,60240 Other Compensation and Benefits : Employee Benefits,Care Health Insurance limited,28,USD,341 - HR Operations,00 - Corporate,[107452 @Line 2] Endo-5 against GHI Parents-A0153386 tax invoice no-A0153386-10 (Amortization Destination),Journal,,,,False,,
3 - Chegg India Pv. Lt.,Aug 2026,8/15/2026,8/31/2026,INR,60240 Other Compensation and Benefits : Employee Benefits,Care Health Insurance limited,36,USD,341 - HR Operations,00 - Corporate,[107455 @Line 2] Endo-6 against GHI Parents-A0153386 tax invoice no-A0153386-11 (Amortization Destination),Journal,,,,False,,
3 - Chegg India Pv. Lt.,Aug 2026,8/15/2026,8/31/2026,INR,60240 Other Compensation and Benefits : Employee Benefits,Care Health Insurance limited,36,USD,341 - HR Operations,00 - Corporate,[107455 @Line 2] Endo-6 against GHI Parents-A0153386 tax invoice no-A0153386-11 (Amortization Destination),Journal,,,,False,,
3 - Chegg India Pv. Lt.,Aug 2026,8/15/2026,8/31/2026,INR,60240 Other Compensation and Benefits : Employee Benefits,Care Health Insurance limited,37,USD,341 - HR Operations,00 - Corporate,[107459 @Line 2] Endo-6 against GMC ESC-A0089917 tax invoice no-A0089917-14 (Amortization Destination),Journal,,,,False,,
3 - Chegg India Pv. Lt.,Aug 2026,8/15/2026,8/31/2026,INR,60240 Other Compensation and Benefits : Employee Benefits,Care Health Insurance limited,46,USD,341 - HR Operations,00 - Corporate,[107452 @Line 2] Endo-5 against GHI Parents-A0153386 tax invoice no-A0153386-10 (Amortization Destination),Journal,,,,False,,
3 - Chegg India Pv. Lt.,Aug 2026,8/15/2026,8/31/2026,INR,60240 Other Compensation and Benefits : Employee Benefits,Care Health Insurance limited,46,USD,341 - HR Operations,00 - Corporate,[107452 @Line 2] Endo-5 against GHI Parents-A0153386 tax invoice no-A0153386-10 (Amortization Destination),Journal,,,,False,,
3 - Chegg India Pv. Lt.,Aug 2026,8/15/2026,8/31/2026,INR,60240 Other Compensation and Benefits : Employee Benefits,Care Health Insurance limited,275,USD,341 - HR Operations,00 - Corporate,[A0152144 @Expense Line 1] null (Amortization Destination),Journal,,,,False,,
3 - Chegg India Pv. Lt.,Aug 2026,8/15/2026,8/31/2026,INR,60240 Other Compensation and Benefits : Employee Benefits,Care Health Insurance limited,877,USD,341 - HR Operations,00 - Corporate,[A0560262 @Expense Line 1] null (Amortization Destination),Journal,,,,False,,
3 - Chegg India Pv. Lt.,Aug 2026,8/15/2026,8/31/2026,INR,60240 Other Compensation and Benefits : Employee Benefits,Care Health Insurance limited,"2,259",USD,341 - HR Operations,00 - Corporate,"[101541 @Line 0] Expense off GST amount for insurance invoices (A0089917, A0152144, A0153386, A0560262) has been transferred to prepaid. (Amortization Destination)",Journal,,,,False,,
3 - Chegg India Pv. Lt.,Aug 2026,8/15/2026,8/31/2026,INR,60240 Other Compensation and Benefits : Employee Benefits,Care Health Insurance limited,"5,558",USD,341 - HR Operations,00 - Corporate,[A0089917 @Expense Line 1] null (Amortization Destination),Journal,,,,False,,
3 - Chegg India Pv. Lt.,Aug 2026,8/15/2026,8/31/2026,INR,60240 Other Compensation and Benefits : Employee Benefits,Care Health Insurance limited,"5,841",USD,341 - HR Operations,00 - Corporate,[A0153386 @Expense Line 1] null (Amortization Destination),Journal,,,,False,,
3 - Chegg India Pv. Lt.,Aug 2026,8/15/2026,8/31/2026,INR,60240 Other Compensation and Benefits : Employee Benefits,ICICI PRUDENTIAL LIFE INSURANCE CO. LTD.,-44,USD,341 - HR Operations,00 - Corporate,[101809 @Line 3] Endo-1 Credit note no-GXL260300001566 issued against GTL policy no-00013783 (Amortization Destination),Journal,,,,False,,
3 - Chegg India Pv. Lt.,Aug 2026,8/15/2026,8/31/2026,INR,60240 Other Compensation and Benefits : Employee Benefits,ICICI PRUDENTIAL LIFE INSURANCE CO. LTD.,-36,USD,341 - HR Operations,00 - Corporate,[101810 @Line 3] Endo-2 Credit note no-GXL260300001566 issued against GTL policy no-00013783 (Amortization Destination),Journal,,,,False,,
3 - Chegg India Pv. Lt.,Aug 2026,8/15/2026,8/31/2026,INR,60240 Other Compensation and Benefits : Employee Benefits,ICICI PRUDENTIAL LIFE INSURANCE CO. LTD.,-36,USD,341 - HR Operations,00 - Corporate,[106495 @Line 3] Reversal of JE no-104921 wrongly  booked as credit note (Amortization Destination),Journal,,,,False,,
3 - Chegg India Pv. Lt.,Aug 2026,8/15/2026,8/31/2026,INR,60240 Other Compensation and Benefits : Employee Benefits,ICICI PRUDENTIAL LIFE INSURANCE CO. LTD.,-36,USD,341 - HR Operations,00 - Corporate,[106496 @Line 3] Endo-15 Tax invoice no-GXL260500007808 against GTL policy now correctly booked in July 2026 (Amortization Destination),Journal,,,,False,,
3 - Chegg India Pv. Lt.,Aug 2026,8/15/2026,8/31/2026,INR,60240 Other Compensation and Benefits : Employee Benefits,ICICI PRUDENTIAL LIFE INSURANCE CO. LTD.,-31,USD,341 - HR Operations,00 - Corporate,[107462 @Line 3] Endo-17 Credit note no-GXL260600003682 against GTL policy (Amortization Destination),Journal,,,,False,,
3 - Chegg India Pv. Lt.,Aug 2026,8/15/2026,8/31/2026,INR,60240 Other Compensation and Benefits : Employee Benefits,ICICI PRUDENTIAL LIFE INSURANCE CO. LTD.,-31,USD,341 - HR Operations,00 - Corporate,[107462 @Line 3] Endo-17 Credit note no-GXL260600003682 against GTL policy (Amortization Destination),Journal,,,,False,,
3 - Chegg India Pv. Lt.,Aug 2026,8/15/2026,8/31/2026,INR,60240 Other Compensation and Benefits : Employee Benefits,ICICI PRUDENTIAL LIFE INSURANCE CO. LTD.,-27,USD,341 - HR Operations,00 - Corporate,[107463 @Line 3] Endo-20 Credit note no-GXL260700004602 and GXL260700004603 against GTL policy (Amortization Destination),Journal,,,,False,,
3 - Chegg India Pv. Lt.,Aug 2026,8/15/2026,8/31/2026,INR,60240 Other Compensation and Benefits : Employee Benefits,ICICI PRUDENTIAL LIFE INSURANCE CO. LTD.,-20,USD,341 - HR Operations,00 - Corporate,[107462 @Line 3] Endo-17 Credit note no-GXL260600003682 against GTL policy (Amortization Destination),Journal,,,,False,,
3 - Chegg India Pv. Lt.,Aug 2026,8/15/2026,8/31/2026,INR,60240 Other Compensation and Benefits : Employee Benefits,ICICI PRUDENTIAL LIFE INSURANCE CO. LTD.,-19,USD,341 - HR Operations,00 - Corporate,[107463 @Line 3] Endo-20 Credit note no-GXL260700004602 and GXL260700004603 against GTL policy (Amortization Destination),Journal,,,,False,,
3 - Chegg India Pv. Lt.,Aug 2026,8/15/2026,8/31/2026,INR,60240 Other Compensation and Benefits : Employee Benefits,ICICI PRUDENTIAL LIFE INSURANCE CO. LTD.,-14,USD,341 - HR Operations,00 - Corporate,[103573 @Line 3] Endo-7 Credit note no-GXL260400002151 issued against GTL policy no-00013783 (Amortization Destination),Journal,,,,False,,
3 - Chegg India Pv. Lt.,Aug 2026,8/15/2026,8/31/2026,INR,60240 Other Compensation and Benefits : Employee Benefits,ICICI PRUDENTIAL LIFE INSURANCE CO. LTD.,-11,USD,341 - HR Operations,00 - Corporate,[103574 @Line 3] Endo-8 Credit note no-GXL260400003418 issued against GTL policy no-00013783 (Amortization Destination),Journal,,,,False,,
3 - Chegg India Pv. Lt.,Aug 2026,8/15/2026,8/31/2026,INR,60240 Other Compensation and Benefits : Employee Benefits,ICICI PRUDENTIAL LIFE INSURANCE CO. LTD.,-8,USD,341 - HR Operations,00 - Corporate,[101812 @Line 3] Endo-4 Credit note no-GXL260300001566 issued against GTL policy no-00013783 (Amortization Destination),Journal,,,,False,,
3 - Chegg India Pv. Lt.,Aug 2026,8/15/2026,8/31/2026,INR,60240 Other Compensation and Benefits : Employee Benefits,ICICI PRUDENTIAL LIFE INSURANCE CO. LTD.,-8,USD,341 - HR Operations,00 - Corporate,[101809 @Line 6] Expense Out - Expense Account (Amortization Destination),Journal,,,,False,,
3 - Chegg India Pv. Lt.,Aug 2026,8/15/2026,8/31/2026,INR,60240 Other Compensation and Benefits : Employee Benefits,ICICI PRUDENTIAL LIFE INSURANCE CO. LTD.,-7,USD,341 - HR Operations,00 - Corporate,[101810 @Line 6] Expense Out - Expense Account (Amortization Destination),Journal,,,,False,,
3 - Chegg India Pv. Lt.,Aug 2026,8/15/2026,8/31/2026,INR,60240 Other Compensation and Benefits : Employee Benefits,ICICI PRUDENTIAL LIFE INSURANCE CO. LTD.,-6,USD,341 - HR Operations,00 - Corporate,[106495 @Line 6] Expense Out - Expense Account (Amortization Destination),Journal,,,,False,,
3 - Chegg India Pv. Lt.,Aug 2026,8/15/2026,8/31/2026,INR,60240 Other Compensation and Benefits : Employee Benefits,ICICI PRUDENTIAL LIFE INSURANCE CO. LTD.,-6,USD,341 - HR Operations,00 - Corporate,[106496 @Line 6] Expense Out - Expense Account (Amortization Destination),Journal,,,,False,,
3 - Chegg India Pv. Lt.,Aug 2026,8/15/2026,8/31/2026,INR,60240 Other Compensation and Benefits : Employee Benefits,ICICI PRUDENTIAL LIFE INSURANCE CO. LTD.,-6,USD,341 - HR Operations,00 - Corporate,[107462 @Line 6] Expense Out - Expense Account (Amortization Destination),Journal,,,,False,,
3 - Chegg India Pv. Lt.,Aug 2026,8/15/2026,8/31/2026,INR,60240 Other Compensation and Benefits : Employee Benefits,ICICI PRUDENTIAL LIFE INSURANCE CO. LTD.,-6,USD,341 - HR Operations,00 - Corporate,[107462 @Line 6] Expense Out - Expense Account (Amortization Destination),Journal,,,,False,,
3 - Chegg India Pv. Lt.,Aug 2026,8/15/2026,8/31/2026,INR,60240 Other Compensation and Benefits : Employee Benefits,ICICI PRUDENTIAL LIFE INSURANCE CO. LTD.,-5,USD,341 - HR Operations,00 - Corporate,[107463 @Line 6] Expense Out - Expense Account (Amortization Destination),Journal,,,,False,,
3 - Chegg India Pv. Lt.,Aug 2026,8/15/2026,8/31/2026,INR,60240 Other Compensation and Benefits : Employee Benefits,ICICI PRUDENTIAL LIFE INSURANCE CO. LTD.,-4,USD,341 - HR Operations,00 - Corporate,[103595 @Line 3] Endo-10 Credit note no-GRS260400000075 issued against GTL policy no-00013783 (Amortization Destination),Journal,,,,False,,
3 - Chegg India Pv. Lt.,Aug 2026,8/15/2026,8/31/2026,INR,60240 Other Compensation and Benefits : Employee Benefits,ICICI PRUDENTIAL LIFE INSURANCE CO. LTD.,-4,USD,341 - HR Operations,00 - Corporate,[101814 @Line 3] Endo-6 Credit note no-GXL260300001566 issued against GTL policy no-00013783 (Amortization Destination),Journal,,,,False,,
3 - Chegg India Pv. Lt.,Aug 2026,8/15/2026,8/31/2026,INR,60240 Other Compensation and Benefits : Employee Benefits,ICICI PRUDENTIAL LIFE INSURANCE CO. LTD.,-4,USD,341 - HR Operations,00 - Corporate,[107462 @Line 6] Expense Out - Expense Account (Amortization Destination),Journal,,,,False,,
3 - Chegg India Pv. Lt.,Aug 2026,8/15/2026,8/31/2026,INR,60240 Other Compensation and Benefits : Employee Benefits,ICICI PRUDENTIAL LIFE INSURANCE CO. LTD.,-3,USD,341 - HR Operations,00 - Corporate,[107463 @Line 6] Expense Out - Expense Account (Amortization Destination),Journal,,,,False,,
3 - Chegg India Pv. Lt.,Aug 2026,8/15/2026,8/31/2026,INR,60240 Other Compensation and Benefits : Employee Benefits,ICICI PRUDENTIAL LIFE INSURANCE CO. LTD.,-2,USD,341 - HR Operations,00 - Corporate,[103573 @Line 6] Expense Out - Expense Account (Amortization Destination),Journal,,,,False,,
3 - Chegg India Pv. Lt.,Aug 2026,8/15/2026,8/31/2026,INR,60240 Other Compensation and Benefits : Employee Benefits,ICICI PRUDENTIAL LIFE INSURANCE CO. LTD.,-2,USD,341 - HR Operations,00 - Corporate,[103574 @Line 6] Expense Out - Expense Account (Amortization Destination),Journal,,,,False,,
3 - Chegg India Pv. Lt.,Aug 2026,8/15/2026,8/31/2026,INR,60240 Other Compensation and Benefits : Employee Benefits,ICICI PRUDENTIAL LIFE INSURANCE CO. LTD.,-1,USD,341 - HR Operations,00 - Corporate,[101812 @Line 6] Expense Out - Expense Account (Amortization Destination),Journal,,,,False,,
3 - Chegg India Pv. Lt.,Aug 2026,8/15/2026,8/31/2026,INR,60240 Other Compensation and Benefits : Employee Benefits,ICICI PRUDENTIAL LIFE INSURANCE CO. LTD.,-1,USD,341 - HR Operations,00 - Corporate,[103595 @Line 6] Expense Out - Expense Account (Amortization Destination),Journal,,,,False,,
3 - Chegg India Pv. Lt.,Aug 2026,8/15/2026,8/31/2026,INR,60240 Other Compensation and Benefits : Employee Benefits,ICICI PRUDENTIAL LIFE INSURANCE CO. LTD.,-1,USD,341 - HR Operations,00 - Corporate,[101814 @Line 6] Expense Out - Expense Account (Amortization Destination),Journal,,,,False,,
3 - Chegg India Pv. Lt.,Aug 2026,8/15/2026,8/31/2026,INR,60240 Other Compensation and Benefits : Employee Benefits,ICICI PRUDENTIAL LIFE INSURANCE CO. LTD.,0,USD,341 - HR Operations,00 - Corporate,[104919 @Line 6] Expense Out - Expense Account (Amortization Destination),Journal,,,,False,,
3 - Chegg India Pv. Lt.,Aug 2026,8/15/2026,8/31/2026,INR,60240 Other Compensation and Benefits : Employee Benefits,ICICI PRUDENTIAL LIFE INSURANCE CO. LTD.,0,USD,341 - HR Operations,00 - Corporate,[104919 @Line 3] Endo-13 Tax invoice no-GSP260500000128 against GTL policy (Amortization Destination),Journal,,,,False,,
3 - Chegg India Pv. Lt.,Aug 2026,8/15/2026,8/31/2026,INR,60240 Other Compensation and Benefits : Employee Benefits,ICICI PRUDENTIAL LIFE INSURANCE CO. LTD.,0,USD,341 - HR Operations,00 - Corporate,[104918 @Line 6] Expense Out - Expense Account (Amortization Destination),Journal,,,,False,,
3 - Chegg India Pv. Lt.,Aug 2026,8/15/2026,8/31/2026,INR,60240 Other Compensation and Benefits : Employee Benefits,ICICI PRUDENTIAL LIFE INSURANCE CO. LTD.,0,USD,341 - HR Operations,00 - Corporate,[107460 @Line 6] Expense Out - Expense Account (Amortization Destination),Journal,,,,False,,
3 - Chegg India Pv. Lt.,Aug 2026,8/15/2026,8/31/2026,INR,60240 Other Compensation and Benefits : Employee Benefits,ICICI PRUDENTIAL LIFE INSURANCE CO. LTD.,0,USD,341 - HR Operations,00 - Corporate,[107460 @Line 6] Expense Out - Expense Account (Amortization Destination),Journal,,,,False,,
3 - Chegg India Pv. Lt.,Aug 2026,8/15/2026,8/31/2026,INR,60240 Other Compensation and Benefits : Employee Benefits,ICICI PRUDENTIAL LIFE INSURANCE CO. LTD.,0,USD,341 - HR Operations,00 - Corporate,[107460 @Line 6] Expense Out - Expense Account (Amortization Destination),Journal,,,,False,,
3 - Chegg India Pv. Lt.,Aug 2026,8/15/2026,8/31/2026,INR,60240 Other Compensation and Benefits : Employee Benefits,ICICI PRUDENTIAL LIFE INSURANCE CO. LTD.,1,USD,341 - HR Operations,00 - Corporate,[104918 @Line 3] Endo-12 Tax invoice no-GSP260500000128 against GTL policy (Amortization Destination),Journal,,,,False,,
3 - Chegg India Pv. Lt.,Aug 2026,8/15/2026,8/31/2026,INR,60240 Other Compensation and Benefits : Employee Benefits,ICICI PRUDENTIAL LIFE INSURANCE CO. LTD.,1,USD,341 - HR Operations,00 - Corporate,[103596 @Line 6] Expense Out - Expense Account (Amortization Destination),Journal,,,,False,,
3 - Chegg India Pv. Lt.,Aug 2026,8/15/2026,8/31/2026,INR,60240 Other Compensation and Benefits : Employee Benefits,ICICI PRUDENTIAL LIFE INSURANCE CO. LTD.,2,USD,341 - HR Operations,00 - Corporate,[107460 @Line 3] Endo-19 Tax invoice no-GRJ260600011849 against GTL policy (Amortization Destination),Journal,,,,False,,
3 - Chegg India Pv. Lt.,Aug 2026,8/15/2026,8/31/2026,INR,60240 Other Compensation and Benefits : Employee Benefits,ICICI PRUDENTIAL LIFE INSURANCE CO. LTD.,2,USD,341 - HR Operations,00 - Corporate,[104920 @Line 6] Expense Out - Expense Account (Amortization Destination),Journal,,,,False,,
3 - Chegg India Pv. Lt.,Aug 2026,8/15/2026,8/31/2026,INR,60240 Other Compensation and Benefits : Employee Benefits,ICICI PRUDENTIAL LIFE INSURANCE CO. LTD.,2,USD,341 - HR Operations,00 - Corporate,[104922 @Line 6] Expense Out - Expense Account (Amortization Destination),Journal,,,,False,,
3 - Chegg India Pv. Lt.,Aug 2026,8/15/2026,8/31/2026,INR,60240 Other Compensation and Benefits : Employee Benefits,ICICI PRUDENTIAL LIFE INSURANCE CO. LTD.,3,USD,341 - HR Operations,00 - Corporate,[107460 @Line 3] Endo-19 Tax invoice no-GRJ260600011849 against GTL policy (Amortization Destination),Journal,,,,False,,
3 - Chegg India Pv. Lt.,Aug 2026,8/15/2026,8/31/2026,INR,60240 Other Compensation and Benefits : Employee Benefits,ICICI PRUDENTIAL LIFE INSURANCE CO. LTD.,3,USD,341 - HR Operations,00 - Corporate,[107460 @Line 3] Endo-19 Tax invoice no-GRJ260600011849 against GTL policy (Amortization Destination),Journal,,,,False,,
3 - Chegg India Pv. Lt.,Aug 2026,8/15/2026,8/31/2026,INR,60240 Other Compensation and Benefits : Employee Benefits,ICICI PRUDENTIAL LIFE INSURANCE CO. LTD.,4,USD,341 - HR Operations,00 - Corporate,[103579 @Line 6] Expense Out - Expense Account (Amortization Destination),Journal,,,,False,,
3 - Chegg India Pv. Lt.,Aug 2026,8/15/2026,8/31/2026,INR,60240 Other Compensation and Benefits : Employee Benefits,ICICI PRUDENTIAL LIFE INSURANCE CO. LTD.,5,USD,341 - HR Operations,00 - Corporate,[107461 @Line 6] Expense Out - Expense Account (Amortization Destination),Journal,,,,False,,
3 - Chegg India Pv. Lt.,Aug 2026,8/15/2026,8/31/2026,INR,60240 Other Compensation and Benefits : Employee Benefits,ICICI PRUDENTIAL LIFE INSURANCE CO. LTD.,5,USD,341 - HR Operations,00 - Corporate,[101813 @Line 6] Expense Out - Expense Account (Amortization Destination),Journal,,,,False,,
3 - Chegg India Pv. Lt.,Aug 2026,8/15/2026,8/31/2026,INR,60240 Other Compensation and Benefits : Employee Benefits,ICICI PRUDENTIAL LIFE INSURANCE CO. LTD.,5,USD,341 - HR Operations,00 - Corporate,[107464 @Line 6] Expense Out - Expense Account (Amortization Destination),Journal,,,,False,,
3 - Chegg India Pv. Lt.,Aug 2026,8/15/2026,8/31/2026,INR,60240 Other Compensation and Benefits : Employee Benefits,ICICI PRUDENTIAL LIFE INSURANCE CO. LTD.,6,USD,341 - HR Operations,00 - Corporate,[104921 @Line 6] Expense Out - Expense Account (Amortization Destination),Journal,,,,False,,
3 - Chegg India Pv. Lt.,Aug 2026,8/15/2026,8/31/2026,INR,60240 Other Compensation and Benefits : Employee Benefits,ICICI PRUDENTIAL LIFE INSURANCE CO. LTD.,7,USD,341 - HR Operations,00 - Corporate,[107461 @Line 6] Expense Out - Expense Account (Amortization Destination),Journal,,,,False,,
3 - Chegg India Pv. Lt.,Aug 2026,8/15/2026,8/31/2026,INR,60240 Other Compensation and Benefits : Employee Benefits,ICICI PRUDENTIAL LIFE INSURANCE CO. LTD.,7,USD,341 - HR Operations,00 - Corporate,[107461 @Line 6] Expense Out - Expense Account (Amortization Destination),Journal,,,,False,,
3 - Chegg India Pv. Lt.,Aug 2026,8/15/2026,8/31/2026,INR,60240 Other Compensation and Benefits : Employee Benefits,ICICI PRUDENTIAL LIFE INSURANCE CO. LTD.,8,USD,341 - HR Operations,00 - Corporate,[103596 @Line 3] Endo-11 Tax invoice no-GSP260400000158 against GTL policy (Amortization Destination),Journal,,,,False,,
3 - Chegg India Pv. Lt.,Aug 2026,8/15/2026,8/31/2026,INR,60240 Other Compensation and Benefits : Employee Benefits,ICICI PRUDENTIAL LIFE INSURANCE CO. LTD.,8,USD,341 - HR Operations,00 - Corporate,[107464 @Line 6] Expense Out - Expense Account (Amortization Destination),Journal,,,,False,,
3 - Chegg India Pv. Lt.,Aug 2026,8/15/2026,8/31/2026,INR,60240 Other Compensation and Benefits : Employee Benefits,ICICI PRUDENTIAL LIFE INSURANCE CO. LTD.,13,USD,341 - HR Operations,00 - Corporate,[104920 @Line 3] Endo-13 Tax invoice no-GRJ260500020898 against GTL policy (Amortization Destination),Journal,,,,False,,
3 - Chegg India Pv. Lt.,Aug 2026,8/15/2026,8/31/2026,INR,60240 Other Compensation and Benefits : Employee Benefits,ICICI PRUDENTIAL LIFE INSURANCE CO. LTD.,14,USD,341 - HR Operations,00 - Corporate,[104922 @Line 3] Endo-16 Tax invoice no-GRJ260500020898 against GTL policy (Amortization Destination),Journal,,,,False,,
3 - Chegg India Pv. Lt.,Aug 2026,8/15/2026,8/31/2026,INR,60240 Other Compensation and Benefits : Employee Benefits,ICICI PRUDENTIAL LIFE INSURANCE CO. LTD.,20,USD,341 - HR Operations,00 - Corporate,[101811 @Line 6] Expense Out - Expense Account (Amortization Destination),Journal,,,,False,,
3 - Chegg India Pv. Lt.,Aug 2026,8/15/2026,8/31/2026,INR,60240 Other Compensation and Benefits : Employee Benefits,ICICI PRUDENTIAL LIFE INSURANCE CO. LTD.,24,USD,341 - HR Operations,00 - Corporate,[103579 @Line 3] Endo-3 Tax invoice no-GSP260300000225 against GTL policy (Amortization Destination),Journal,,,,False,,
3 - Chegg India Pv. Lt.,Aug 2026,8/15/2026,8/31/2026,INR,60240 Other Compensation and Benefits : Employee Benefits,ICICI PRUDENTIAL LIFE INSURANCE CO. LTD.,25,USD,341 - HR Operations,00 - Corporate,[107461 @Line 3] Endo-18 Tax invoice no-GRJ260600011849 against GTL policy (Amortization Destination),Journal,,,,False,,
3 - Chegg India Pv. Lt.,Aug 2026,8/15/2026,8/31/2026,INR,60240 Other Compensation and Benefits : Employee Benefits,ICICI PRUDENTIAL LIFE INSURANCE CO. LTD.,26,USD,341 - HR Operations,00 - Corporate,[101813 @Line 3] Endo-5 Tax invoice no-GRJ260300022434 against GTL policy (Amortization Destination),Journal,,,,False,,
3 - Chegg India Pv. Lt.,Aug 2026,8/15/2026,8/31/2026,INR,60240 Other Compensation and Benefits : Employee Benefits,ICICI PRUDENTIAL LIFE INSURANCE CO. LTD.,28,USD,341 - HR Operations,00 - Corporate,[107464 @Line 3] Endo-21 Tax invoice no-GRJ260700026404 against GTL policy (Amortization Destination),Journal,,,,False,,
3 - Chegg India Pv. Lt.,Aug 2026,8/15/2026,8/31/2026,INR,60240 Other Compensation and Benefits : Employee Benefits,ICICI PRUDENTIAL LIFE INSURANCE CO. LTD.,36,USD,341 - HR Operations,00 - Corporate,[104921 @Line 3] Endo-15 Tax invoice no-GXL260500007808 against GTL policy (Amortization Destination),Journal,,,,False,,
3 - Chegg India Pv. Lt.,Aug 2026,8/15/2026,8/31/2026,INR,60240 Other Compensation and Benefits : Employee Benefits,ICICI PRUDENTIAL LIFE INSURANCE CO. LTD.,40,USD,341 - HR Operations,00 - Corporate,[107461 @Line 3] Endo-18 Tax invoice no-GRJ260600011849 against GTL policy (Amortization Destination),Journal,,,,False,,
3 - Chegg India Pv. Lt.,Aug 2026,8/15/2026,8/31/2026,INR,60240 Other Compensation and Benefits : Employee Benefits,ICICI PRUDENTIAL LIFE INSURANCE CO. LTD.,40,USD,341 - HR Operations,00 - Corporate,[107461 @Line 3] Endo-18 Tax invoice no-GRJ260600011849 against GTL policy (Amortization Destination),Journal,,,,False,,
3 - Chegg India Pv. Lt.,Aug 2026,8/15/2026,8/31/2026,INR,60240 Other Compensation and Benefits : Employee Benefits,ICICI PRUDENTIAL LIFE INSURANCE CO. LTD.,46,USD,341 - HR Operations,00 - Corporate,[107464 @Line 3] Endo-21 Tax invoice no-GRJ260700026404 against GTL policy (Amortization Destination),Journal,,,,False,,
3 - Chegg India Pv. Lt.,Aug 2026,8/15/2026,8/31/2026,INR,60240 Other Compensation and Benefits : Employee Benefits,ICICI PRUDENTIAL LIFE INSURANCE CO. LTD.,114,USD,341 - HR Operations,00 - Corporate,[101811 @Line 3] Endo-3 Tax invoice no-GSP260300000225 against GTL policy (Amortization Destination),Journal,,,,False,,
3 - Chegg India Pv. Lt.,Aug 2026,8/15/2026,8/31/2026,INR,60240 Other Compensation and Benefits : Employee Benefits,ICICI PRUDENTIAL LIFE INSURANCE CO. LTD.,273,USD,341 - HR Operations,00 - Corporate,[101541 @Line 1] Expense off GST amount for insurance invoice-GRN260300000005 has been transferred to prepaid. (Amortization Destination),Journal,,,,False,,
3 - Chegg India Pv. Lt.,Aug 2026,8/15/2026,8/31/2026,INR,60240 Other Compensation and Benefits : Employee Benefits,ICICI PRUDENTIAL LIFE INSURANCE CO. LTD.,"1,515",USD,341 - HR Operations,00 - Corporate,[GRN260300000005 @Expense Line 1] null (Amortization Destination),Journal,,,,False,,
3 - Chegg India Pv. Lt.,Aug 2026,8/15/2026,8/31/2026,INR,60240 Other Compensation and Benefits : Employee Benefits,Vendor,17,USD,350 - Workplace Services,00 - Corporate,paid for medicine purchased in Aug2026,Journal,,,,False,,
3 - Chegg India Pv. Lt.,Aug 2026,8/15/2026,8/31/2026,INR,60290 Other Compensation and Benefits : Other Employee Benefits,Advantage Club,"3,081",USD,380 - Content Operations,46 - Content Services,,Bill,,,,False,,
3 - Chegg India Pv. Lt.,Aug 2026,8/15/2026,8/31/2026,INR,60510 Recruitment Expenses : Recruiting Advertisement,Naukri.com,164,USD,342 - Talent Acquisition,00 - Corporate,[NK09I0727/019890 @Expense Line 1] null (Amortization Destination),Journal,,,,False,,
3 - Chegg India Pv. Lt.,Aug 2026,8/15/2026,8/31/2026,INR,60510 Recruitment Expenses : Recruiting Advertisement,Naukri.com,636,USD,342 - Talent Acquisition,00 - Corporate,[NK09I0727/019890 @Expense Line 1] null (Amortization Destination),Journal,,,,False,,
3 - Chegg India Pv. Lt.,Aug 2026,8/15/2026,8/31/2026,INR,60510 Recruitment Expenses : Recruiting Advertisement,Naukri.com,636,USD,342 - Talent Acquisition,00 - Corporate,[NK09I0727/019890 @Expense Line 1] null (Amortization Destination),Journal,,,,False,,
3 - Chegg India Pv. Lt.,Aug 2026,8/15/2026,8/31/2026,INR,60510 Recruitment Expenses : Recruiting Advertisement,Naukri.com,835,USD,380 - Content Operations,46 - Content Services,[02627SQ0094064 @Expense Line 1] null (Amortization Destination),Journal,,,,False,,
3 - Chegg India Pv. Lt.,Aug 2026,8/15/2026,8/31/2026,INR,60590 Recruitment Expenses : Other Recruiting Cost,Ongrid,34,USD,342 - Talent Acquisition,00 - Corporate,Accrual for BGV consultancy services in Aug 2026,Journal,,,,False,9/1/2026,
3 - Chegg India Pv. Lt.,Aug 2026,8/15/2026,8/31/2026,INR,62110 Technology Expenses : Software License/Renewal/Support - Electronically Delivered,258930 Cypress .io,70,USD,380 - Content Operations,46 - Content Services,"[103892 @Line 0] Paid to Cypress, 04th April 2026 to 03rd April 2027 (Amortization Destination)",Journal,,,,False,,
3 - Chegg India Pv. Lt.,Aug 2026,8/15/2026,8/31/2026,INR,62110 Technology Expenses : Software License/Renewal/Support - Electronically Delivered,259068 Intuit QuickBooks,147,USD,380 - Content Operations,20 - Learning Services,"[90881 @Line 23] Purchase of Intuit Quickbooks Subscription from 8/19/2025 to 9/19/2026, Invoice no-800-446-8848 (Amortization Destination)",Journal,,,,False,,
3 - Chegg India Pv. Lt.,Aug 2026,8/15/2026,8/31/2026,INR,62110 Technology Expenses : Software License/Renewal/Support - Electronically Delivered,259100 Icon Scout,15,USD,380 - Content Operations,20 - Learning Services,"[92394 @Line 20] Purchase of Icon Scout Subscription from 9/18/2025 to 9/18/2026, Invoice no-89524 (Amortization Destination)",Journal,,,,False,,
3 - Chegg India Pv. Lt.,Aug 2026,8/15/2026,8/31/2026,INR,62110 Technology Expenses : Software License/Renewal/Support - Electronically Delivered,259166 Anthropic PBC,17,USD,380 - Content Operations,20 - Learning Services,"[96647 @Line 0] Paid to Claude Pro Subscription-Dec 2, 2025 – Dec 2, 2026 (Amortization Destination)",Journal,,,,False,,
3 - Chegg India Pv. Lt.,Aug 2026,8/15/2026,8/31/2026,INR,62110 Technology Expenses : Software License/Renewal/Support - Electronically Delivered,Ahrefs,-364,USD,380 - Content Operations,46 - Content Services,Refund received from AHREFS in Aug2026,Journal,,,,False,,
3 - Chegg India Pv. Lt.,Aug 2026,8/15/2026,8/31/2026,INR,62110 Technology Expenses : Software License/Renewal/Support - Electronically Delivered,Canva,-18,USD,380 - Content Operations,20 - Learning Services,Monthly Prepaid of Schedule No-18013 transferred to Correct BU_In Aug 2026,Journal,,,,False,,
3 - Chegg India Pv. Lt.,Aug 2026,8/15/2026,8/31/2026,INR,62110 Technology Expenses : Software License/Renewal/Support - Electronically Delivered,Canva,12,USD,380 - Content Operations,46 - Content Services,Accrual for yearly subscription of Canva Pro in Aug 2026,Journal,,,,False,9/1/2026,
3 - Chegg India Pv. Lt.,Aug 2026,8/15/2026,8/31/2026,INR,62110 Technology Expenses : Software License/Renewal/Support - Electronically Delivered,Canva,18,USD,380 - Content Operations,20 - Learning Services,[98284 @Line 4] Paid to Canva. 21st Jan 2026 to 20th Jan 2027 (Amortization Destination),Journal,,,,False,,
3 - Chegg India Pv. Lt.,Aug 2026,8/15/2026,8/31/2026,INR,62110 Technology Expenses : Software License/Renewal/Support - Electronically Delivered,Canva,18,USD,380 - Content Operations,46 - Content Services,Monthly Prepaid of Schedule No-18013 transferred to Correct BU_In Aug 2026,Journal,,,,False,,
3 - Chegg India Pv. Lt.,Aug 2026,8/15/2026,8/31/2026,INR,62110 Technology Expenses : Software License/Renewal/Support - Electronically Delivered,Digital Track Solutions Private Limited,48,USD,190 - IT Operations,00 - Corporate,[IGST/6/24-25/28 @Expense Line 1] null (Amortization Destination),Journal,,,,False,,
3 - Chegg India Pv. Lt.,Aug 2026,8/15/2026,8/31/2026,INR,62110 Technology Expenses : Software License/Renewal/Support - Electronically Delivered,Edmingle,29,USD,380 - Content Operations,46 - Content Services,"[102287 @Line 12] Paid for Edmingle Freepik Subscription-10th Apr 2026 – 9th May 2027, Invoice no-INV-016628 (Amortization Destination)",Journal,,,,False,,
3 - Chegg India Pv. Lt.,Aug 2026,8/15/2026,8/31/2026,INR,62110 Technology Expenses : Software License/Renewal/Support - Electronically Delivered,Edmingle,303,USD,380 - Content Operations,46 - Content Services,"[103892 @Line 16] Paid for Edmingle Freepik Subscription-10th May 2026 – 9th April 2027, Invoice no-INV-016911 (Amortization Destination)",Journal,,,,False,,
3 - Chegg India Pv. Lt.,Aug 2026,8/15/2026,8/31/2026,INR,62110 Technology Expenses : Software License/Renewal/Support - Electronically Delivered,Elementor,6,USD,380 - Content Operations,20 - Learning Services,"[90944 @Line 30] Paid to Elementor, Yearly Subscription 13/08/2025 - 12/08/2026 (Amortization Destination)",Journal,,,,False,,
3 - Chegg India Pv. Lt.,Aug 2026,8/15/2026,8/31/2026,INR,62110 Technology Expenses : Software License/Renewal/Support - Electronically Delivered,Elementor,6,USD,380 - Content Operations,46 - Content Services,[107636 @Line 6] Elementor Pro Expert subscription from 21Aug2026 to 20Aug2027 (Amortization Destination),Journal,,,,False,,
3 - Chegg India Pv. Lt.,Aug 2026,8/15/2026,8/31/2026,INR,62110 Technology Expenses : Software License/Renewal/Support - Electronically Delivered,Elementor,34,USD,380 - Content Operations,46 - Content Services,[107636 @Line 10] Elementor Shield Annual subscription from 21Aug2026 to 20Aug2027 (Amortization Destination),Journal,,,,False,,
3 - Chegg India Pv. Lt.,Aug 2026,8/15/2026,8/31/2026,INR,62110 Technology Expenses : Software License/Renewal/Support - Electronically Delivered,Envato Elements,-38,USD,380 - Content Operations,20 - Learning Services,Monthly Prepaid of Schedule No-18232 transferred to Correct BU_In Aug 2026,Journal,,,,False,,
3 - Chegg India Pv. Lt.,Aug 2026,8/15/2026,8/31/2026,INR,62110 Technology Expenses : Software License/Renewal/Support - Electronically Delivered,Envato Elements,38,USD,380 - Content Operations,20 - Learning Services,"[101103 @Line 0] Envato's Subscription purchsed in Feb 2026, From 19th Feb 2026 to 18th Feb 2027 (Amortization Destination)",Journal,,,,False,,
3 - Chegg India Pv. Lt.,Aug 2026,8/15/2026,8/31/2026,INR,62110 Technology Expenses : Software License/Renewal/Support - Electronically Delivered,Envato Elements,38,USD,380 - Content Operations,46 - Content Services,Monthly Prepaid of Schedule No-18232 transferred to Correct BU_In Aug 2026,Journal,,,,False,,
3 - Chegg India Pv. Lt.,Aug 2026,8/15/2026,8/31/2026,INR,62110 Technology Expenses : Software License/Renewal/Support - Electronically Delivered,"Freelance Labs, Inc","2,088",USD,380 - Content Operations,46 - Content Services,Accrual for Braintrust AIR Credits yearly subscription for Aristotle project in Aug 2026,Journal,,,,False,9/1/2026,
3 - Chegg India Pv. Lt.,Aug 2026,8/15/2026,8/31/2026,INR,62110 Technology Expenses : Software License/Renewal/Support - Electronically Delivered,Freepik,-8,USD,380 - Content Operations,46 - Content Services,[103892 @Line 12] Paid for Freepik Subscription-23rd May 2026 – 22nd Apr 2027 (Amortization Destination),Journal,,,,False,,
3 - Chegg India Pv. Lt.,Aug 2026,8/15/2026,8/31/2026,INR,62110 Technology Expenses : Software License/Renewal/Support - Electronically Delivered,Freepik,-8,USD,380 - Content Operations,20 - Learning Services,Monthly Prepaid of Schedule No-18233 transferred to Correct BU_In Aug 2026,Journal,,,,False,,
3 - Chegg India Pv. Lt.,Aug 2026,8/15/2026,8/31/2026,INR,62110 Technology Expenses : Software License/Renewal/Support - Electronically Delivered,Freepik,2,USD,380 - Content Operations,46 - Content Services,"[107637 @Line 28] Paid to magnific formerly Freepik from Aug 26, 2026 to Aug 26, 2027 (Amortization Destination)",Journal,,,,False,,
3 - Chegg India Pv. Lt.,Aug 2026,8/15/2026,8/31/2026,INR,62110 Technology Expenses : Software License/Renewal/Support - Electronically Delivered,Freepik,8,USD,380 - Content Operations,20 - Learning Services,[101110 @Line 40] Paid for Freepik Subscription-26th Mar 2026 – 25th Mar 2027 (Amortization Destination),Journal,,,,False,,
3 - Chegg India Pv. Lt.,Aug 2026,8/15/2026,8/31/2026,INR,62110 Technology Expenses : Software License/Renewal/Support - Electronically Delivered,Freepik,8,USD,380 - Content Operations,46 - Content Services,Monthly Prepaid of Schedule No-18233 transferred to Correct BU_In Aug 2026,Journal,,,,False,,
3 - Chegg India Pv. Lt.,Aug 2026,8/15/2026,8/31/2026,INR,62110 Technology Expenses : Software License/Renewal/Support - Electronically Delivered,Freepik,8,USD,380 - Content Operations,46 - Content Services,[102287 @Line 8] Paid for Freepik Subscription-10th Apr 2026 – 9th Apr 2027 (Amortization Destination),Journal,,,,False,,
3 - Chegg India Pv. Lt.,Aug 2026,8/15/2026,8/31/2026,INR,62110 Technology Expenses : Software License/Renewal/Support - Electronically Delivered,Freepik,18,USD,380 - Content Operations,20 - Learning Services,"[92395 @Line 0] Paid to Freepik premium, Yearly Subscription 04/09/2025 - 04/09/2026 (Amortization Destination)",Journal,,,,False,,
3 - Chegg India Pv. Lt.,Aug 2026,8/15/2026,8/31/2026,INR,62110 Technology Expenses : Software License/Renewal/Support - Electronically Delivered,Google India Private Limited,-1,USD,380 - Content Operations,20 - Learning Services,Monthly Prepaid of Schedule No-18015 transferred to Correct BU_In Aug 2026,Journal,,,,False,,
3 - Chegg India Pv. Lt.,Aug 2026,8/15/2026,8/31/2026,INR,62110 Technology Expenses : Software License/Renewal/Support - Electronically Delivered,Google India Private Limited,1,USD,380 - Content Operations,20 - Learning Services,"[98305 @Line 24] Paid to Google,annual renewal of google one subscription for storing/hosting social media content from 24th Jan 2026 to 23rd Jan 2027 (Amortization Destination)",Journal,,,,False,,
3 - Chegg India Pv. Lt.,Aug 2026,8/15/2026,8/31/2026,INR,62110 Technology Expenses : Software License/Renewal/Support - Electronically Delivered,Google India Private Limited,1,USD,380 - Content Operations,46 - Content Services,Monthly Prepaid of Schedule No-18015 transferred to Correct BU_In Aug 2026,Journal,,,,False,,
3 - Chegg India Pv. Lt.,Aug 2026,8/15/2026,8/31/2026,INR,62110 Technology Expenses : Software License/Renewal/Support - Electronically Delivered,Google Ireland Limited,204,USD,380 - Content Operations,46 - Content Services,Paid to Google against invoice no 1221352364579601-1,Journal,,,,False,,
3 - Chegg India Pv. Lt.,Aug 2026,8/15/2026,8/31/2026,INR,62110 Technology Expenses : Software License/Renewal/Support - Electronically Delivered,Google Ireland Limited,204,USD,380 - Content Operations,46 - Content Services,Paid to Google against invoice no 6392363692612508-1,Journal,,,,False,,
3 - Chegg India Pv. Lt.,Aug 2026,8/15/2026,8/31/2026,INR,62110 Technology Expenses : Software License/Renewal/Support - Electronically Delivered,HackerEarth Technologies Private  Limited,"6,507",USD,380 - Content Operations,46 - Content Services,[10082 @Expense Line 1] null (Amortization Destination),Journal,,,,False,,
3 - Chegg India Pv. Lt.,Aug 2026,8/15/2026,8/31/2026,INR,62110 Technology Expenses : Software License/Renewal/Support - Electronically Delivered,IMAGIFY,-10,USD,380 - Content Operations,20 - Learning Services,Monthly Prepaid of Schedule No-18012 transferred to Correct BU_In Aug 2026,Journal,,,,False,,
3 - Chegg India Pv. Lt.,Aug 2026,8/15/2026,8/31/2026,INR,62110 Technology Expenses : Software License/Renewal/Support - Electronically Delivered,IMAGIFY,10,USD,380 - Content Operations,20 - Learning Services,"[98284 @Line 0] Paid to WP Media, 7th Jan 2026 to 6th Jan 2027 (Amortization Destination)",Journal,,,,False,,
3 - Chegg India Pv. Lt.,Aug 2026,8/15/2026,8/31/2026,INR,62110 Technology Expenses : Software License/Renewal/Support - Electronically Delivered,IMAGIFY,10,USD,380 - Content Operations,46 - Content Services,Monthly Prepaid of Schedule No-18012 transferred to Correct BU_In Aug 2026,Journal,,,,False,,
3 - Chegg India Pv. Lt.,Aug 2026,8/15/2026,8/31/2026,INR,62110 Technology Expenses : Software License/Renewal/Support - Electronically Delivered,LinkedIn,7,USD,380 - Content Operations,46 - Content Services,"[107637 @Line 16] Paid to Linkedin from Aug17, 2026 to Aug17, 2027 against invoice no 519296065019 (Amortization Destination)",Journal,,,,False,,
3 - Chegg India Pv. Lt.,Aug 2026,8/15/2026,8/31/2026,INR,62110 Technology Expenses : Software License/Renewal/Support - Electronically Delivered,Merlinai Labs Private Limited,774,USD,380 - Content Operations,46 - Content Services,[OBS/26-27/131 @Expense Line 1] null (Amortization Destination),Journal,,,,False,,
3 - Chegg India Pv. Lt.,Aug 2026,8/15/2026,8/31/2026,INR,62110 Technology Expenses : Software License/Renewal/Support - Electronically Delivered,Open AI,18,USD,380 - Content Operations,46 - Content Services,Paid to OpenAI ChatGPT,Journal,,,,False,,
3 - Chegg India Pv. Lt.,Aug 2026,8/15/2026,8/31/2026,INR,62110 Technology Expenses : Software License/Renewal/Support - Electronically Delivered,Open AI,18,USD,380 - Content Operations,46 - Content Services,Paid to OpenAI ChatGPT,Journal,,,,False,,
3 - Chegg India Pv. Lt.,Aug 2026,8/15/2026,8/31/2026,INR,62110 Technology Expenses : Software License/Renewal/Support - Electronically Delivered,Open AI,18,USD,380 - Content Operations,46 - Content Services,Paid to OpenAI ChatGPT,Journal,,,,False,,
3 - Chegg India Pv. Lt.,Aug 2026,8/15/2026,8/31/2026,INR,62110 Technology Expenses : Software License/Renewal/Support - Electronically Delivered,RankMath,-17,USD,380 - Content Operations,20 - Learning Services,Monthly Prepaid of Schedule No-18145 transferred to Correct BU_In Aug 2026,Journal,,,,False,,
3 - Chegg India Pv. Lt.,Aug 2026,8/15/2026,8/31/2026,INR,62110 Technology Expenses : Software License/Renewal/Support - Electronically Delivered,RankMath,17,USD,380 - Content Operations,20 - Learning Services,[99850 @Line 4] Paid for Rankmath Subscription-17th Feb 2026 – 16th Feb 2027 (Amortization Destination),Journal,,,,False,,
3 - Chegg India Pv. Lt.,Aug 2026,8/15/2026,8/31/2026,INR,62110 Technology Expenses : Software License/Renewal/Support - Electronically Delivered,RankMath,17,USD,380 - Content Operations,46 - Content Services,Monthly Prepaid of Schedule No-18145 transferred to Correct BU_In Aug 2026,Journal,,,,False,,
3 - Chegg India Pv. Lt.,Aug 2026,8/15/2026,8/31/2026,INR,62110 Technology Expenses : Software License/Renewal/Support - Electronically Delivered,RankMath,29,USD,380 - Content Operations,46 - Content Services,"[102330 @Line 0] Rankmath's Subscription purchsed in Apr 2026, From 23rd Apr 2026 to 22nd April 2027 (Amortization Destination)",Journal,,,,False,,
3 - Chegg India Pv. Lt.,Aug 2026,8/15/2026,8/31/2026,INR,62110 Technology Expenses : Software License/Renewal/Support - Electronically Delivered,"Revvity Signals Software, Inc.",945,USD,190 - IT Operations,00 - Corporate,Amortization of Revvity reclassified to correct GL_Aug 2026,Journal,,,,False,,
3 - Chegg India Pv. Lt.,Aug 2026,8/15/2026,8/31/2026,INR,62110 Technology Expenses : Software License/Renewal/Support - Electronically Delivered,WP Rocket,-20,USD,380 - Content Operations,20 - Learning Services,Monthly Prepaid of Schedule No-18014 transferred to Correct BU_In Aug 2026,Journal,,,,False,,
3 - Chegg India Pv. Lt.,Aug 2026,8/15/2026,8/31/2026,INR,62110 Technology Expenses : Software License/Renewal/Support - Electronically Delivered,WP Rocket,20,USD,380 - Content Operations,20 - Learning Services,[98305 @Line 12] Paid for WP Media Subscription-7th Jan 2026 – 6th Jan 2027 (Amortization Destination),Journal,,,,False,,
3 - Chegg India Pv. Lt.,Aug 2026,8/15/2026,8/31/2026,INR,62110 Technology Expenses : Software License/Renewal/Support - Electronically Delivered,WP Rocket,20,USD,380 - Content Operations,46 - Content Services,Monthly Prepaid of Schedule No-18014 transferred to Correct BU_In Aug 2026,Journal,,,,False,,
3 - Chegg India Pv. Lt.,Aug 2026,8/15/2026,8/31/2026,INR,62110 Technology Expenses : Software License/Renewal/Support - Electronically Delivered,WPML,3,USD,380 - Content Operations,20 - Learning Services,"[90944 @Line 26] Paid to WPML, Yearly Subscription 16/08/2025 - 15/08/2026 (Amortization Destination)",Journal,,,,False,,
3 - Chegg India Pv. Lt.,Aug 2026,8/15/2026,8/31/2026,INR,62110 Technology Expenses : Software License/Renewal/Support - Electronically Delivered,WPML,90,USD,380 - Content Operations,46 - Content Services,Paid to OpenAI ChatGPT,Journal,,,,False,,
3 - Chegg India Pv. Lt.,Aug 2026,8/15/2026,8/31/2026,INR,62110 Technology Expenses : Software License/Renewal/Support - Electronically Delivered,Wispr Flow,12,USD,380 - Content Operations,20 - Learning Services,[94884 @Line 0] Paid to Wispr Flow Pro Subscription (Amortization Destination),Journal,,,,False,,
3 - Chegg India Pv. Lt.,Aug 2026,8/15/2026,8/31/2026,INR,62110 Technology Expenses : Software License/Renewal/Support - Electronically Delivered,Zoho,12,USD,380 - Content Operations,46 - Content Services,[1026270237599 @Expense Line 1] null (Amortization Destination),Journal,,,,False,,
3 - Chegg India Pv. Lt.,Aug 2026,8/15/2026,8/31/2026,INR,62110 Technology Expenses : Software License/Renewal/Support - Electronically Delivered,Zoho,20,USD,380 - Content Operations,46 - Content Services,[1026270238151 @Expense Line 1] null (Amortization Destination),Journal,,,,False,,
3 - Chegg India Pv. Lt.,Aug 2026,8/15/2026,8/31/2026,INR,62110 Technology Expenses : Software License/Renewal/Support - Electronically Delivered,Zoho,26,USD,366 - Business Operations Management,50 - Skills,[1026270238238 @Expense Line 2] null (Amortization Destination),Journal,,,,False,,
3 - Chegg India Pv. Lt.,Aug 2026,8/15/2026,8/31/2026,INR,62110 Technology Expenses : Software License/Renewal/Support - Electronically Delivered,Zoho,31,USD,366 - Business Operations Management,50 - Skills,[1026270238238 @Expense Line 2] null (Amortization Destination),Journal,,,,False,,
3 - Chegg India Pv. Lt.,Aug 2026,8/15/2026,8/31/2026,INR,62110 Technology Expenses : Software License/Renewal/Support - Electronically Delivered,Zoho,56,USD,380 - Content Operations,46 - Content Services,[1026270264863 @Expense Line 1] null (Amortization Destination),Journal,,,,False,,
3 - Chegg India Pv. Lt.,Aug 2026,8/15/2026,8/31/2026,INR,62110 Technology Expenses : Software License/Renewal/Support - Electronically Delivered,Zoho,92,USD,380 - Content Operations,46 - Content Services,[1026270238181 @Expense Line 1] null (Amortization Destination),Journal,,,,False,,
3 - Chegg India Pv. Lt.,Aug 2026,8/15/2026,8/31/2026,INR,62110 Technology Expenses : Software License/Renewal/Support - Electronically Delivered,Zoho,182,USD,380 - Content Operations,46 - Content Services,[1026270238238 @Expense Line 1] null (Amortization Destination),Journal,,,,False,,
3 - Chegg India Pv. Lt.,Aug 2026,8/15/2026,8/31/2026,INR,62110 Technology Expenses : Software License/Renewal/Support - Electronically Delivered,Zoho,217,USD,380 - Content Operations,46 - Content Services,[1026270238238 @Expense Line 1] null (Amortization Destination),Journal,,,,False,,
3 - Chegg India Pv. Lt.,Aug 2026,8/15/2026,8/31/2026,INR,62110 Technology Expenses : Software License/Renewal/Support - Electronically Delivered,Zoho,227,USD,380 - Content Operations,46 - Content Services,[1026270237558 @Expense Line 3] Aristotle Cost (Amortization Destination),Journal,,,,False,,
3 - Chegg India Pv. Lt.,Aug 2026,8/15/2026,8/31/2026,INR,62110 Technology Expenses : Software License/Renewal/Support - Electronically Delivered,Zoho,239,USD,380 - Content Operations,46 - Content Services,[1026270238162 @Expense Line 1] Tool cost (Amortization Destination),Journal,,,,False,,
3 - Chegg India Pv. Lt.,Aug 2026,8/15/2026,8/31/2026,INR,62110 Technology Expenses : Software License/Renewal/Support - Electronically Delivered,Zoho,605,USD,520 - Educators,50 - Skills,[1026270237558 @Expense Line 2] Skills tool cost (Amortization Destination),Journal,,,,False,,
3 - Chegg India Pv. Lt.,Aug 2026,8/15/2026,8/31/2026,INR,62110 Technology Expenses : Software License/Renewal/Support - Electronically Delivered,Zoho,769,USD,380 - Content Operations,46 - Content Services,[1026270202647 @Expense Line 1] null (Amortization Destination),Journal,,,,False,,
3 - Chegg India Pv. Lt.,Aug 2026,8/15/2026,8/31/2026,INR,62110 Technology Expenses : Software License/Renewal/Support - Electronically Delivered,Zoho,"1,098",USD,321 - Accounting,00 - Corporate,[1026270237558 @Expense Line 1] Finance cost P2P Zoho (Amortization Destination),Journal,,,,False,,
3 - Chegg India Pv. Lt.,Aug 2026,8/15/2026,8/31/2026,INR,62150 Technology Expenses : Other Technology Expense,Prudence Analytics and Software Solutions Pvt. Ltd,587,USD,380 - Content Operations,46 - Content Services,[CIPL-26-01 @Expense Line 1] null (Amortization Destination),Journal,,,,False,,
3 - Chegg India Pv. Lt.,Aug 2026,8/15/2026,8/31/2026,INR,63110 Facility Expenses : Office Telephone,Airtel,5,USD,350 - Workplace Services,00 - Corporate,Airtel Bill Payment against invoice no-HF2707I005709619 Dt-12th Aug 26,Journal,,,,False,,
3 - Chegg India Pv. Lt.,Aug 2026,8/15/2026,8/31/2026,INR,63110 Facility Expenses : Office Telephone,Airtel,7,USD,350 - Workplace Services,00 - Corporate,Airtel Bill Payment against invoice no-HF2707I004369576 Dt-12th Aug26,Journal,,,,False,,
3 - Chegg India Pv. Lt.,Aug 2026,8/15/2026,8/31/2026,INR,63110 Facility Expenses : Office Telephone,Airtel,97,USD,350 - Workplace Services,00 - Corporate,Airtel Bill Payment against invoice no-MF2707I005424118 dt-03-08-2026,Journal,,,,False,,
3 - Chegg India Pv. Lt.,Aug 2026,8/15/2026,8/31/2026,INR,63120 Facility Expenses : Internet Expense,Airtel,125,USD,190 - IT Operations,00 - Corporate,Accrual for Communication Charges of Mobiles and Landline in Aug 2026,Journal,,,,False,9/1/2026,
3 - Chegg India Pv. Lt.,Aug 2026,8/15/2026,8/31/2026,INR,63120 Facility Expenses : Internet Expense,Airtel,724,USD,350 - Workplace Services,00 - Corporate,[BBL072706B017378 @Expense Line 1] null (Amortization Destination),Journal,,,,False,,
3 - Chegg India Pv. Lt.,Aug 2026,8/15/2026,8/31/2026,INR,63120 Facility Expenses : Internet Expense,TATA Teleservices Ltd,171,USD,350 - Workplace Services,00 - Corporate,[3473454500 @Expense Line 1] null (Amortization Destination),Journal,,,,False,,
3 - Chegg India Pv. Lt.,Aug 2026,8/15/2026,8/31/2026,INR,63120 Facility Expenses : Internet Expense,TATA Teleservices Ltd,"1,595",USD,350 - Workplace Services,00 - Corporate,[108048 @Line 0] Amortization of tata tele against invoice no-3473567620_Aug 2026 (Amortization Destination),Journal,,,,False,,
3 - Chegg India Pv. Lt.,Aug 2026,8/15/2026,8/31/2026,INR,63140 Facility Expenses : Utilities,Baani Technology Services Private Limited,"3,144",USD,350 - Workplace Services,00 - Corporate,Accrual for Electricity charges for Aug 2026,Journal,,,,False,9/1/2026,
3 - Chegg India Pv. Lt.,Aug 2026,8/15/2026,8/31/2026,INR,63150 Facility Expenses : Rent Expense,ADITYA INFRADEVELOPERS PRIVATE LIMITED,0,USD,350 - Workplace Services,00 - Corporate,IN-ND-11 lease incentive credit,Journal,,,,False,,
3 - Chegg India Pv. Lt.,Aug 2026,8/15/2026,8/31/2026,INR,63150 Facility Expenses : Rent Expense,ADITYA INFRADEVELOPERS PRIVATE LIMITED,"147,911",USD,350 - Workplace Services,00 - Corporate,IN-ND-11 rent exp.,Journal,,,,False,,
3 - Chegg India Pv. Lt.,Aug 2026,8/15/2026,8/31/2026,INR,63150 Facility Expenses : Rent Expense,Aditya Infradevelopers PVT. LTD.,0,USD,350 - Workplace Services,00 - Corporate,IN-ND-10-ROOFTOP lease incentive credit,Journal,,,,False,,
3 - Chegg India Pv. Lt.,Aug 2026,8/15/2026,8/31/2026,INR,63150 Facility Expenses : Rent Expense,Aditya Infradevelopers PVT. LTD.,"4,558",USD,350 - Workplace Services,00 - Corporate,IN-ND-10-ROOFTOP rent exp.,Journal,,,,False,,
3 - Chegg India Pv. Lt.,Aug 2026,8/15/2026,8/31/2026,INR,63150 Facility Expenses : Rent Expense,Vendor,"2,196",USD,350 - Workplace Services,00 - Corporate,AUG 2026 - Record monthly lease expense - branding agreement,Journal,,,,False,,
3 - Chegg India Pv. Lt.,Aug 2026,8/15/2026,8/31/2026,INR,63180 Facility Expenses : Equipment Repairs & Maintenance,Euroceil Systems Private Limited,79,USD,350 - Workplace Services,00 - Corporate,"Accrual for AMC charges for Euroceil Stretch LED, Qtr-2 , Period - 28th Aug 2025 to 29th Nov 2025 _reaccrued (Informed WPS, they followed up with vendor and vendor has not yet responded)_Aug 2026",Journal,,,,False,9/1/2026,
3 - Chegg India Pv. Lt.,Aug 2026,8/15/2026,8/31/2026,INR,63180 Facility Expenses : Equipment Repairs & Maintenance,Swajal Water Private Limited,31,USD,350 - Workplace Services,00 - Corporate,Accrual for CAMC monthly charges for BOON alkaline water machine for Aug 2026,Journal,,,,False,9/1/2026,
3 - Chegg India Pv. Lt.,Aug 2026,8/15/2026,8/31/2026,INR,63180 Facility Expenses : Equipment Repairs & Maintenance,TBS India,422,USD,190 - IT Operations,00 - Corporate,[TBS/83/26-27 @Expense Line 1] null (Amortization Destination),Journal,,,,False,,
3 - Chegg India Pv. Lt.,Aug 2026,8/15/2026,8/31/2026,INR,63180 Facility Expenses : Equipment Repairs & Maintenance,TBS India,625,USD,190 - IT Operations,00 - Corporate,[TBS/1079/24-25 @Expense Line 1] null (Amortization Destination),Journal,,,,False,,
3 - Chegg India Pv. Lt.,Aug 2026,8/15/2026,8/31/2026,INR,63180 Facility Expenses : Equipment Repairs & Maintenance,Vendor,56,USD,190 - IT Operations,00 - Corporate,[68270 @Line 0] IN- Software License/Renewal/Suppor Electronically Delivered (Amortization Destination),Journal,,,,False,,
3 - Chegg India Pv. Lt.,Aug 2026,8/15/2026,8/31/2026,INR,63180 Facility Expenses : Equipment Repairs & Maintenance,Vendor,217,USD,190 - IT Operations,00 - Corporate,[68302 @Line 0] IN- Equipment Repairs & Maintenance (Amortization Destination),Journal,,,,False,,
3 - Chegg India Pv. Lt.,Aug 2026,8/15/2026,8/31/2026,INR,63180 Facility Expenses : Equipment Repairs & Maintenance,Vendor,248,USD,190 - IT Operations,00 - Corporate,[68268 @Line 0] IN- Software License/Renewal/Suppor Electronically Delivered (Amortization Destination),Journal,,,,False,,
3 - Chegg India Pv. Lt.,Aug 2026,8/15/2026,8/31/2026,INR,63180 Facility Expenses : Equipment Repairs & Maintenance,Vendor,290,USD,190 - IT Operations,00 - Corporate,[68267 @Line 0] IN- Software License/Renewal/Suppor Electronically Delivered (Amortization Destination),Journal,,,,False,,
3 - Chegg India Pv. Lt.,Aug 2026,8/15/2026,8/31/2026,INR,63200 Facility Expenses : Equipment Rentals,INSPIRE INFOTECH PRIVATE LIMITED,"3,222",USD,190 - IT Operations,00 - Corporate,Accrual for ordered 3 Ipad Air with Stylus pen for Academic for Aug 2026,Journal,,,,False,9/1/2026,
3 - Chegg India Pv. Lt.,Aug 2026,8/15/2026,8/31/2026,INR,63200 Facility Expenses : Equipment Rentals,NEW WAY OFFICE AUTOMATION PVT LTD,231,USD,190 - IT Operations,00 - Corporate,Accrual for printer rental charges for Aug 2026,Journal,,,,False,9/1/2026,
3 - Chegg India Pv. Lt.,Aug 2026,8/15/2026,8/31/2026,INR,63210 Facility Expenses : Security Service Charge,HINDUSTAN INVESTIGATION & SECURITY SERVICES,-736,USD,350 - Workplace Services,00 - Corporate,,Bill Credit,,,,False,,
3 - Chegg India Pv. Lt.,Aug 2026,8/15/2026,8/31/2026,INR,63210 Facility Expenses : Security Service Charge,HINDUSTAN INVESTIGATION & SECURITY SERVICES,"1,557",USD,350 - Workplace Services,00 - Corporate,Accrual for Charges towards monthly security services charges for Aug 2026,Journal,,,,False,9/1/2026,
3 - Chegg India Pv. Lt.,Aug 2026,8/15/2026,8/31/2026,INR,63210 Facility Expenses : Security Service Charge,HINDUSTAN INVESTIGATION & SECURITY SERVICES,"1,557",USD,350 - Workplace Services,00 - Corporate,,Bill,,,,False,,
3 - Chegg India Pv. Lt.,Aug 2026,8/15/2026,8/31/2026,INR,63210 Facility Expenses : Security Service Charge,SCHNEIDER ELECTRIC IT BUSINESS INDIA PVT. LTD,139,USD,350 - Workplace Services,00 - Corporate,Accrual for AMC UPS for 60 & 20 KVA from 01 Aug  2026 to 31 July 2027 charges for Aug 2026,Journal,,,,False,9/1/2026,
3 - Chegg India Pv. Lt.,Aug 2026,8/15/2026,8/31/2026,INR,63230 Facility Expenses : Corporate Insurance,HDFC ERGO GENERAL INSURANCE COMPANY LIMITED,65,USD,350 - Workplace Services,00 - Corporate,[208081999700000 @Expense Line 1] null (Amortization Destination),Journal,,,,False,,
3 - Chegg India Pv. Lt.,Aug 2026,8/15/2026,8/31/2026,INR,63230 Facility Expenses : Corporate Insurance,HDFC ERGO GENERAL INSURANCE COMPANY LIMITED,71,USD,350 - Workplace Services,00 - Corporate,[208104805300000 @Expense Line 1] null (Amortization Destination),Journal,,,,False,,
3 - Chegg India Pv. Lt.,Aug 2026,8/15/2026,8/31/2026,INR,63230 Facility Expenses : Corporate Insurance,HDFC ERGO GENERAL INSURANCE COMPANY LIMITED,270,USD,350 - Workplace Services,00 - Corporate,[6010900352261 @Expense Line 1] null (Amortization Destination),Journal,,,,False,,
3 - Chegg India Pv. Lt.,Aug 2026,8/15/2026,8/31/2026,INR,63230 Facility Expenses : Corporate Insurance,UNIVERSAL SOMPO GENERAL INSURANCE COMPANY LIMITED,394,USD,350 - Workplace Services,00 - Corporate,[2725PR0001351573 @Expense Line 1] null (Amortization Destination),Journal,,,,False,,
3 - Chegg India Pv. Lt.,Aug 2026,8/15/2026,8/31/2026,INR,"64190 Travel & Entertainment : Other Travel (tips, etc.)",Red Apple Car Rentals,73,USD,350 - Workplace Services,00 - Corporate,Accrual for Cab Charges for Jul 26 with updated cost_Reaccrued in Aug 2026,Journal,,,,False,9/1/2026,
3 - Chegg India Pv. Lt.,Aug 2026,8/15/2026,8/31/2026,INR,65190 Professional fees : Other Consulting Fee,259130 M S K C & Associates LLP,"31,437",USD,321 - Accounting,00 - Corporate,"Accrual for Statutory Audit, Tax Audit and Income tax return filiing of FY-25-26_Reaccrued In Aug 2026",Journal,,,,False,9/1/2026,
3 - Chegg India Pv. Lt.,Aug 2026,8/15/2026,8/31/2026,INR,65190 Professional fees : Other Consulting Fee,Aditi Kaushal,168,USD,331 - Legal,00 - Corporate,Accrual for fees for Retainership fee for Q2 Jul 2026_Reaccrued and for Aug 2026,Journal,,,,False,9/1/2026,
3 - Chegg India Pv. Lt.,Aug 2026,8/15/2026,8/31/2026,INR,65190 Professional fees : Other Consulting Fee,Aditi Kaushal,251,USD,331 - Legal,00 - Corporate,Accrual for fees for Retainership fee for Q1-Apr 26 to Jun 26_Accrued In June 2026,Journal,,,,False,9/1/2026,
3 - Chegg India Pv. Lt.,Aug 2026,8/15/2026,8/31/2026,INR,65190 Professional fees : Other Consulting Fee,Cnergyis Infotech India Private Limited,524,USD,341 - HR Operations,00 - Corporate,Accrual for Payroll statutory charges for Aug 2026,Journal,,,,False,9/1/2026,
3 - Chegg India Pv. Lt.,Aug 2026,8/15/2026,8/31/2026,INR,65190 Professional fees : Other Consulting Fee,ERNST & YOUNG LLP,786,USD,321 - Accounting,00 - Corporate,Accrual for 50% advance for assessment of TP Assessment for FY 2023-24 and professional services rendered in respect of TP Compliances for FY 2025-26_Reaccrued in Aug 2026,Journal,,,,False,9/1/2026,
3 - Chegg India Pv. Lt.,Aug 2026,8/15/2026,8/31/2026,INR,65190 Professional fees : Other Consulting Fee,ERNST & YOUNG LLP,"8,645",USD,321 - Accounting,00 - Corporate,Accrual for professional services rendered in respect of TP Compliances for FY 2025-26_Reaccrued In Aug 2026,Journal,,,,False,9/1/2026,
3 - Chegg India Pv. Lt.,Aug 2026,8/15/2026,8/31/2026,INR,65190 Professional fees : Other Consulting Fee,KPMG,432,USD,321 - Accounting,00 - Corporate,Accrual for Assistance in preparation and review of GST returns for Aug 2026,Journal,,,,False,9/1/2026,
3 - Chegg India Pv. Lt.,Aug 2026,8/15/2026,8/31/2026,INR,65190 Professional fees : Other Consulting Fee,KPMG,432,USD,321 - Accounting,00 - Corporate,Accrual for Assistance in preparation and review of GST returns for July 2026_Reaccrued In Aug 2026,Journal,,,,False,9/1/2026,
3 - Chegg India Pv. Lt.,Aug 2026,8/15/2026,8/31/2026,INR,65190 Professional fees : Other Consulting Fee,KPMG,786,USD,321 - Accounting,00 - Corporate,Accrual for Assistance in Refund application for the period Oct 2024-Dec 2024_ Reaccrued In Aug  2026,Journal,,,,False,9/1/2026,
3 - Chegg India Pv. Lt.,Aug 2026,8/15/2026,8/31/2026,INR,65190 Professional fees : Other Consulting Fee,SNVA & Company,472,USD,321 - Accounting,00 - Corporate,Accrual for Monthly retainership Fees- Direct Tax_Aug 2026,Journal,,,,False,9/1/2026,
3 - Chegg India Pv. Lt.,Aug 2026,8/15/2026,8/31/2026,INR,65190 Professional fees : Other Consulting Fee,Yesvee Management Consulting Pvt Ltd,157,USD,321 - Accounting,00 - Corporate,Accrual for professional Charges for GST Refund services- Vizag for Aug 2026,Journal,,,,False,9/1/2026,
3 - Chegg India Pv. Lt.,Aug 2026,8/15/2026,8/31/2026,INR,65230 Legal fees : Legal - Corporate,258531 Abhinay Kumar&Associates,524,USD,331 - Legal,00 - Corporate,Accrual for professional fee towards assistance in relation to Annual Secretarial and FEMA compliances for the month of Aug 2026,Journal,,,,False,9/1/2026,
3 - Chegg India Pv. Lt.,Aug 2026,8/15/2026,8/31/2026,INR,65230 Legal fees : Legal - Corporate,Hammurabi And Solomon Partners,"1,100",USD,331 - Legal,00 - Corporate,Accrual for fees for assisting in Privacy Compliance_ Reaccrued Aug 2026,Journal,,,,False,9/1/2026,
3 - Chegg India Pv. Lt.,Aug 2026,8/15/2026,8/31/2026,INR,65720 Outside services : Contractors,259190 Sai Kumar Tejavath,"2,358",USD,341 - HR Operations,00 - Corporate,Accrual for contractor cost for Tajavath sai kumar for Aug 2026,Journal,,,,False,9/1/2026,
3 - Chegg India Pv. Lt.,Aug 2026,8/15/2026,8/31/2026,INR,65720 Outside services : Contractors,ERNST & YOUNG LLP,"4,506",USD,141 - Engineering Engagement,20 - Learning Services,Accrual for EY contractor cost for Aug 2026,Journal,,,,False,9/1/2026,
3 - Chegg India Pv. Lt.,Aug 2026,8/15/2026,8/31/2026,INR,65720 Outside services : Contractors,NAGARRO ENTERPRISE SERVICES PVT LTD,"29,630",USD,190 - IT Operations,00 - Corporate,Accrual for Nagarro IT cost for Aug 2026,Journal,,,,False,9/1/2026,
3 - Chegg India Pv. Lt.,Aug 2026,8/15/2026,8/31/2026,INR,65720 Outside services : Contractors,NAGARRO ENTERPRISE SERVICES PVT LTD,"71,376",USD,141 - Engineering Engagement,20 - Learning Services,Accrual for Nagarro IT consulting cost for Aug 2026,Journal,,,,False,9/1/2026,
3 - Chegg India Pv. Lt.,Aug 2026,8/15/2026,8/31/2026,INR,65720 Outside services : Contractors,Shipika Arora,"1,834",USD,380 - Content Operations,46 - Content Services,Accrual for contractor cost for Shipika Arora for Aug 2026,Journal,,,,False,9/1/2026,
3 - Chegg India Pv. Lt.,Aug 2026,8/15/2026,8/31/2026,INR,65720 Outside services : Contractors,Shivani G,"3,248",USD,341 - HR Operations,00 - Corporate,Accrual for contractor cost for Shivani G for Aug 2026,Journal,,,,False,9/1/2026,
3 - Chegg India Pv. Lt.,Aug 2026,8/15/2026,8/31/2026,INR,65720 Outside services : Contractors,TATA consultancy services LTD,"5,449",USD,341 - HR Operations,00 - Corporate,Accrual for Chegg workday support and enhancement cost for Aug 2026,Journal,,,,False,9/1/2026,
3 - Chegg India Pv. Lt.,Aug 2026,8/15/2026,8/31/2026,INR,65720 Outside services : Contractors,Vendor,408,USD,380 - Content Operations,46 - Content Services,Accrual for Content Associate cost for Aug 2026,Journal,,,,False,9/1/2026,
3 - Chegg India Pv. Lt.,Aug 2026,8/15/2026,8/31/2026,INR,65720 Outside services : Contractors,Vendor,"1,056",USD,385 - Content Development,46 - Content Services,Project Aristotle Estimates_Aug 2026,Journal,,CNT-Q&A,CNT-Q&A,False,9/1/2026,
3 - Chegg India Pv. Lt.,Aug 2026,8/15/2026,8/31/2026,INR,65720 Outside services : Contractors,Vendor,"2,167",USD,520 - Educators,50 - Skills,Accrual for Skill grading cost for Aug 2026,Journal,,,,False,9/1/2026,
3 - Chegg India Pv. Lt.,Aug 2026,8/15/2026,8/31/2026,INR,65720 Outside services : Contractors,Vendor,"17,793",USD,385 - Content Development,46 - Content Services,Project Aristotle Estimates_Aug 2026 (Additional amount as per updated email),Journal,,CNT-Q&A,CNT-Q&A,False,9/1/2026,
3 - Chegg India Pv. Lt.,Aug 2026,8/15/2026,8/31/2026,INR,66120 Office Expenses : Due and Subscriptions,JUNGLEWORKS SOFTWARE PRIVATE LIMITED,309,USD,350 - Workplace Services,00 - Corporate,[JW/PB/25-26/171 @Expense Line 1] null (Amortization Destination),Journal,,,,False,,
3 - Chegg India Pv. Lt.,Aug 2026,8/15/2026,8/31/2026,INR,66120 Office Expenses : Due and Subscriptions,"Revvity Signals Software, Inc.",-945,USD,190 - IT Operations,00 - Corporate,Amortization of Revvity reclassified to correct GL_Aug 2026,Journal,,,,False,,
3 - Chegg India Pv. Lt.,Aug 2026,8/15/2026,8/31/2026,INR,66120 Office Expenses : Due and Subscriptions,"Revvity Signals Software, Inc.",945,USD,190 - IT Operations,00 - Corporate,[INV80149488 @Expense Line 1] null (Amortization Destination),Journal,,,,False,,
3 - Chegg India Pv. Lt.,Aug 2026,8/15/2026,8/31/2026,INR,66150 Office Expenses : Printing and Stationery,Amazon,3,USD,350 - Workplace Services,00 - Corporate,Paid for drawing paper sheet for event in Aug 2026,Journal,,,,False,,
3 - Chegg India Pv. Lt.,Aug 2026,8/15/2026,8/31/2026,INR,66150 Office Expenses : Printing and Stationery,Amazon,4,USD,350 - Workplace Services,00 - Corporate,Paid for roll paper for asset printer in Aug2026,Journal,,,,False,,
3 - Chegg India Pv. Lt.,Aug 2026,8/15/2026,8/31/2026,INR,66150 Office Expenses : Printing and Stationery,Amazon,5,USD,350 - Workplace Services,00 - Corporate,paid for resin ribbon for asset card printer in Aug2026,Journal,,,,False,,
3 - Chegg India Pv. Lt.,Aug 2026,8/15/2026,8/31/2026,INR,"66160 Office Expenses : Freight, Shipping & Handling",Ridhi Sidhi Enterprises,20,USD,350 - Workplace Services,00 - Corporate,Accrual for Courier Charges_In Jul 2026_Reaccrued in Aug 26,Journal,,,,False,9/1/2026,
3 - Chegg India Pv. Lt.,Aug 2026,8/15/2026,8/31/2026,INR,66170 Office Expenses : Bank Service Charges,Vendor,32,USD,321 - Accounting,00 - Corporate,Credit Card Membership Fee,Journal,,,,False,,
3 - Chegg India Pv. Lt.,Aug 2026,8/15/2026,8/31/2026,INR,66200 Office Expenses : Office Supplies,DAYA SHANKAR NURSERY,157,USD,350 - Workplace Services,00 - Corporate,Accrual for horticulture services for the month of Aug 2026,Journal,,,,False,9/1/2026,
3 - Chegg India Pv. Lt.,Aug 2026,8/15/2026,8/31/2026,INR,66200 Office Expenses : Office Supplies,DAYA SHANKAR NURSERY,157,USD,350 - Workplace Services,00 - Corporate,Accrual for horticulture services for the month of June 2026_Reacrrued in Aug 2026,Journal,,,,False,9/1/2026,
3 - Chegg India Pv. Lt.,Aug 2026,8/15/2026,8/31/2026,INR,66300 Office Expenses : Food Services,258414 Mohd Athar Imam,27,USD,350 - Workplace Services,00 - Corporate,Accrual for Lunch for employees for Aug 2026,Journal,,,,False,9/1/2026,
3 - Chegg India Pv. Lt.,Aug 2026,8/15/2026,8/31/2026,INR,66300 Office Expenses : Food Services,258553 NATHU'S HOSPITALITY,891,USD,350 - Workplace Services,00 - Corporate,Accrual for Lunch for employees for Aug 2026,Journal,,,,False,9/1/2026,
3 - Chegg India Pv. Lt.,Aug 2026,8/15/2026,8/31/2026,INR,66300 Office Expenses : Food Services,258554 DALGREEN FOODSPRIVATELIMITED,65,USD,350 - Workplace Services,00 - Corporate,Accrual for Lunch for employees for Aug 2026,Journal,,,,False,9/1/2026,
3 - Chegg India Pv. Lt.,Aug 2026,8/15/2026,8/31/2026,INR,66300 Office Expenses : Food Services,Bhookemon Hospitality Services,272,USD,350 - Workplace Services,00 - Corporate,Accrual for Lunch for employees for Aug 2026,Journal,,,,False,9/1/2026,
3 - Chegg India Pv. Lt.,Aug 2026,8/15/2026,8/31/2026,INR,66300 Office Expenses : Food Services,LOTS WHOLESALE SOLUTIONS,-22,USD,350 - Workplace Services,00 - Corporate,,Bill Credit,,,,False,,
3 - Chegg India Pv. Lt.,Aug 2026,8/15/2026,8/31/2026,INR,66300 Office Expenses : Food Services,LOTS WHOLESALE SOLUTIONS,-1,USD,350 - Workplace Services,00 - Corporate,Expense Out - Expense Account,Bill Credit,,,,False,,
3 - Chegg India Pv. Lt.,Aug 2026,8/15/2026,8/31/2026,INR,66300 Office Expenses : Food Services,LOTS WHOLESALE SOLUTIONS,105,USD,350 - Workplace Services,00 - Corporate,Accrual for Fresh supply in Aug 2026,Journal,,,,False,9/1/2026,
3 - Chegg India Pv. Lt.,Aug 2026,8/15/2026,8/31/2026,INR,66300 Office Expenses : Food Services,SALAD DAYS,147,USD,350 - Workplace Services,00 - Corporate,Accrual for Lunch for employees for Jul 2026_Reaccrued in Aug 26,Journal,,,,False,9/1/2026,
3 - Chegg India Pv. Lt.,Aug 2026,8/15/2026,8/31/2026,INR,66300 Office Expenses : Food Services,SALAD DAYS,211,USD,350 - Workplace Services,00 - Corporate,Accrual for Lunch for employees for Aug 2026,Journal,,,,False,9/1/2026,
3 - Chegg India Pv. Lt.,Aug 2026,8/15/2026,8/31/2026,INR,66300 Office Expenses : Food Services,Sodexo SVC India Private Limited,0,USD,341 - HR Operations,00 - Corporate,Being TDS booking against invoice no-02627CI0000042234 in Aug 26,Journal,,,,False,,
3 - Chegg India Pv. Lt.,Aug 2026,8/15/2026,8/31/2026,INR,66300 Office Expenses : Food Services,Sodexo SVC India Private Limited,2,USD,341 - HR Operations,00 - Corporate,Expense Out - Expense Account,Bill,,,,False,,
3 - Chegg India Pv. Lt.,Aug 2026,8/15/2026,8/31/2026,INR,66300 Office Expenses : Food Services,Sodexo SVC India Private Limited,13,USD,341 - HR Operations,00 - Corporate,,Bill,,,,False,,
3 - Chegg India Pv. Lt.,Aug 2026,8/15/2026,8/31/2026,INR,66300 Office Expenses : Food Services,Sodexo SVC India Private Limited,"4,265",USD,341 - HR Operations,00 - Corporate,,Bill,,,,False,,
3 - Chegg India Pv. Lt.,Aug 2026,8/15/2026,8/31/2026,INR,66300 Office Expenses : Food Services,Vendor,17,USD,350 - Workplace Services,00 - Corporate,Paid for food ordered from Ego in Aug 2026,Journal,,,,False,,
3 - Chegg India Pv. Lt.,Aug 2026,8/15/2026,8/31/2026,INR,66510 Unrealized Gain/Loss,Vendor,"-21,902",USD,321 - Accounting,00 - Corporate,May'26 - Jul'26 Fx adj,Journal,,,,False,,
3 - Chegg India Pv. Lt.,Aug 2026,8/15/2026,8/31/2026,INR,66510 Unrealized Gain/Loss,Vendor,-6,USD,321 - Accounting,00 - Corporate,May'26-Jul'26 Fx adj,Journal,,,,False,,
3 - Chegg India Pv. Lt.,Aug 2026,8/15/2026,8/31/2026,INR,66550 Corporate Social Responsiblity (CSR),Vendor,262,USD,206 - Customer Relationship Marketing,20 - Learning Services,NATS cost moved is being moved from Intern cost to CSR Cost  - Aug 2026,Journal,,,,False,,
3 - Chegg India Pv. Lt.,Aug 2026,8/15/2026,8/31/2026,INR,66550 Corporate Social Responsiblity (CSR),Vendor,786,USD,380 - Content Operations,46 - Content Services,NATS cost moved is being moved from Intern cost to CSR Cost  - Aug 2026,Journal,,,,False,,
3 - Chegg India Pv. Lt.,Aug 2026,8/15/2026,8/31/2026,INR,67110 Depreciation & Amortization : Depreciation,Vendor,27,USD,350 - Workplace Services,00 - Corporate,Adjustment Books Consolidation-US Books-Dep-Aug 26 (FAM),Journal,,,,False,,
3 - Chegg India Pv. Lt.,Aug 2026,8/15/2026,8/31/2026,INR,67110 Depreciation & Amortization : Depreciation,Vendor,77,USD,350 - Workplace Services,00 - Corporate,Adjustment Books Consolidation-US Books-Dep-Aug 26 (FAM),Journal,,,,False,,
3 - Chegg India Pv. Lt.,Aug 2026,8/15/2026,8/31/2026,INR,67110 Depreciation & Amortization : Depreciation,Vendor,149,USD,190 - IT Operations,00 - Corporate,Adjustment Books Consolidation-US Books-Dep-Aug 26 (FAM),Journal,,,,False,,
3 - Chegg India Pv. Lt.,Aug 2026,8/15/2026,8/31/2026,INR,67110 Depreciation & Amortization : Depreciation,Vendor,220,USD,350 - Workplace Services,00 - Corporate,Adjustment Books Consolidation-US Books-Dep-Aug 26 (FAM),Journal,,,,False,,
3 - Chegg India Pv. Lt.,Aug 2026,8/15/2026,8/31/2026,INR,67110 Depreciation & Amortization : Depreciation,Vendor,259,USD,350 - Workplace Services,00 - Corporate,Adjustment Books Consolidation-US Books-Dep-Aug 26 (FAM),Journal,,,,False,,
3 - Chegg India Pv. Lt.,Aug 2026,8/15/2026,8/31/2026,INR,67110 Depreciation & Amortization : Depreciation,Vendor,371,USD,350 - Workplace Services,00 - Corporate,Adjustment Books Consolidation-US Books-Dep-Aug 26 (FAM),Journal,,,,False,,
3 - Chegg India Pv. Lt.,Aug 2026,8/15/2026,8/31/2026,INR,67110 Depreciation & Amortization : Depreciation,Vendor,660,USD,350 - Workplace Services,00 - Corporate,Adjustment Books Consolidation-US Books-Dep-Aug 26 (FAM),Journal,,,,False,,
3 - Chegg India Pv. Lt.,Aug 2026,8/15/2026,8/31/2026,INR,67110 Depreciation & Amortization : Depreciation,Vendor,670,USD,350 - Workplace Services,00 - Corporate,Adjustment Books Consolidation-US Books-Dep-Aug 26 (FAM),Journal,,,,False,,
3 - Chegg India Pv. Lt.,Aug 2026,8/15/2026,8/31/2026,INR,67110 Depreciation & Amortization : Depreciation,Vendor,"1,116",USD,190 - IT Operations,00 - Corporate,Adjustment Books Consolidation-US Books-Dep-Aug 26 (FAM),Journal,,,,False,,
3 - Chegg India Pv. Lt.,Aug 2026,8/15/2026,8/31/2026,INR,67110 Depreciation & Amortization : Depreciation,Vendor,"1,688",USD,350 - Workplace Services,00 - Corporate,Adjustment Books Consolidation-US Books-Dep-Aug 26 (FAM),Journal,,,,False,,
3 - Chegg India Pv. Lt.,Aug 2026,8/15/2026,8/31/2026,INR,67110 Depreciation & Amortization : Depreciation,Vendor,"1,958",USD,350 - Workplace Services,00 - Corporate,Adjustment Books Consolidation-US Books-Dep-Aug 26 (FAM),Journal,,,,False,,
3 - Chegg India Pv. Lt.,Aug 2026,8/15/2026,8/31/2026,INR,67110 Depreciation & Amortization : Depreciation,Vendor,"2,069",USD,190 - IT Operations,00 - Corporate,Adjustment Books Consolidation-US Books-Dep-Aug 26 (FAM),Journal,,,,False,,
3 - Chegg India Pv. Lt.,Aug 2026,8/15/2026,8/31/2026,INR,67110 Depreciation & Amortization : Depreciation,Vendor,"3,765",USD,350 - Workplace Services,00 - Corporate,Adjustment Books Consolidation-US Books-Dep-Aug 26 (FAM),Journal,,,,False,,
3 - Chegg India Pv. Lt.,Aug 2026,8/15/2026,8/31/2026,INR,67110 Depreciation & Amortization : Depreciation,Vendor,"4,052",USD,350 - Workplace Services,00 - Corporate,Adjustment Books Consolidation-US Books-Dep-Aug 26 (FAM),Journal,,,,False,,
3 - Chegg India Pv. Lt.,Aug 2026,8/15/2026,8/31/2026,INR,67110 Depreciation & Amortization : Depreciation,Vendor,"7,835",USD,350 - Workplace Services,00 - Corporate,Adjustment Books Consolidation-US Books-Dep-Aug 26 (FAM),Journal,,,,False,,
30 - Busuu Technology SLU,Aug 2026,8/15/2026,8/1/2026,EUR,60100 Salary & Wages : Salary Expense,Vendor,1,USD,325 - FP & A,60 - Busuu,July Payroll adjustment,Journal,,,,False,,
30 - Busuu Technology SLU,Aug 2026,8/15/2026,8/1/2026,EUR,60150 Salary & Wages : Bonus,Vendor,"-6,516",USD,225 - Partnerships,60 - Busuu,0726 Bonus & Commission Accruals Spain Bonus,Journal,,,,False,,
30 - Busuu Technology SLU,Aug 2026,8/15/2026,8/1/2026,EUR,60160 Salary & Wages : Commissions,Vendor,"-32,833",USD,225 - Partnerships,60 - Busuu,0726 Bonus & Commission Accruals Spain Commissions,Journal,,,,False,,
30 - Busuu Technology SLU,Aug 2026,8/15/2026,8/1/2026,EUR,60180 Salary & Wages : Employer Payroll Taxes,Vendor,"-1,178",USD,225 - Partnerships,60 - Busuu,0726 Bonus & Commission Accruals Spain Payroll Taxes,Journal,,,,False,,
30 - Busuu Technology SLU,Aug 2026,8/15/2026,8/1/2026,EUR,60180 Salary & Wages : Employer Payroll Taxes,Vendor,118,USD,325 - FP & A,60 - Busuu,July Payroll adjustment,Journal,,,,False,,
30 - Busuu Technology SLU,Aug 2026,8/15/2026,8/1/2026,EUR,60240 Other Compensation and Benefits : Employee Benefits,Alan reinventamos el seguro de salud,"-5,225",USD,341 - HR Operations,60 - Busuu,July Alan invoice,Journal,,,,False,,
30 - Busuu Technology SLU,Aug 2026,8/15/2026,8/1/2026,EUR,60240 Other Compensation and Benefits : Employee Benefits,Alan reinventamos el seguro de salud,"5,225",USD,341 - HR Operations,60 - Busuu,Employee health insurance,Bill,,,,False,,
30 - Busuu Technology SLU,Aug 2026,8/15/2026,8/1/2026,EUR,60240 Other Compensation and Benefits : Employee Benefits,Betterfly Operating Espana S.L.U. (DIRECT DEBITS),336,USD,341 - HR Operations,60 - Busuu,Betterfly,Bill,,,,False,,
30 - Busuu Technology SLU,Aug 2026,8/15/2026,8/1/2026,EUR,60240 Other Compensation and Benefits : Employee Benefits,Betterfly Operating Espana S.L.U. (DIRECT DEBITS),"8,817",USD,341 - HR Operations,60 - Busuu,Betterfly,Bill,,,,False,,
30 - Busuu Technology SLU,Aug 2026,8/15/2026,8/1/2026,EUR,63120 Facility Expenses : Internet Expense,Colt Technology Services SAU,875,USD,190 - IT Operations,60 - Busuu,Office supplies - data services,Bill,,,,False,,
30 - Busuu Technology SLU,Aug 2026,8/15/2026,8/1/2026,EUR,63120 Facility Expenses : Internet Expense,GTT Americas LLC,"1,327",USD,190 - IT Operations,60 - Busuu,Ethernet,Bill,,,,False,,
30 - Busuu Technology SLU,Aug 2026,8/15/2026,8/1/2026,EUR,65100 Professional fees : Accounting Fees,Adade Auditores Y Consultores S.L.P.,"-6,094",USD,321 - Accounting,60 - Busuu,Audit 2025-2026,Journal,,,,False,,
30 - Busuu Technology SLU,Aug 2026,8/15/2026,8/1/2026,EUR,65100 Professional fees : Accounting Fees,Martinez Comin (DIRECT DEBITS),"-1,019",USD,321 - Accounting,60 - Busuu,FS 2025-2026,Journal,,,,False,,
30 - Busuu Technology SLU,Aug 2026,8/15/2026,8/1/2026,EUR,66200 Office Expenses : Office Supplies,"Blauwasser Tech, S.L.",39,USD,350 - Workplace Services,60 - Busuu,Office supplies - water,Bill,,,,False,,
30 - Busuu Technology SLU,Aug 2026,8/15/2026,8/1/2026,EUR,66200 Office Expenses : Office Supplies,"Xerox Renting, S.L.U. (DIRECT DEBITS)",120,USD,350 - Workplace Services,60 - Busuu,Office supplies,Bill,,,,False,,
30 - Busuu Technology SLU,Aug 2026,8/15/2026,8/1/2026,EUR,66300 Office Expenses : Food Services,Fudigital S.L.,"-4,584",USD,350 - Workplace Services,60 - Busuu,July Fudigital invoice,Journal,,,,False,,
30 - Busuu Technology SLU,Aug 2026,8/15/2026,8/1/2026,EUR,66300 Office Expenses : Food Services,Fudigital S.L.,"4,584",USD,350 - Workplace Services,60 - Busuu,Pedidos y transportes,Bill,,,,False,,
30 - Busuu Technology SLU,Aug 2026,8/15/2026,8/1/2026,EUR,66510 Unrealized Gain/Loss,Vendor,"2,011",USD,321 - Accounting,00 - Corporate,,Currency Revaluation,,,,False,,
30 - Busuu Technology SLU,Aug 2026,8/15/2026,8/1/2026,EUR,66900 Office Expenses : Miscellaneous Expense,Vendor,-4,USD,321 - Accounting,60 - Busuu,Employee 6286 - June Net difference adjustment,Journal,,,,False,,
30 - Busuu Technology SLU,Aug 2026,8/15/2026,8/3/2026,EUR,63220 Facility Expenses : Other Facility Expense,"Merlin Properties, SOCIMI, SA (DIRECT DEBITS)","5,443",USD,350 - Workplace Services,60 - Busuu,Rent + common costs,Bill,,,,False,,
30 - Busuu Technology SLU,Aug 2026,8/15/2026,8/8/2026,EUR,63140 Facility Expenses : Utilities,"Endesa Energia, S.A.U. (DIRECT DEBIT)",300,USD,350 - Workplace Services,60 - Busuu,Utilities,Bill,,,,False,,
30 - Busuu Technology SLU,Aug 2026,8/15/2026,8/8/2026,EUR,63140 Facility Expenses : Utilities,"Endesa Energia, S.A.U. (DIRECT DEBIT)",846,USD,350 - Workplace Services,60 - Busuu,Utilities,Bill,,,,False,,
30 - Busuu Technology SLU,Aug 2026,8/15/2026,8/17/2026,EUR,63130 Facility Expenses : Janitorial Services,Symac Servicios a Comunidades,"3,702",USD,350 - Workplace Services,60 - Busuu,Monthly cleaning service,Bill,,,,False,,
30 - Busuu Technology SLU,Aug 2026,8/15/2026,8/18/2026,EUR,66200 Office Expenses : Office Supplies,Grupo Am,14,USD,190 - IT Operations,60 - Busuu,Copias,Bill,,,,False,,
30 - Busuu Technology SLU,Aug 2026,8/15/2026,8/24/2026,EUR,66170 Office Expenses : Bank Service Charges,Vendor,35,USD,321 - Accounting,60 - Busuu,Bank fees,Journal,,,,False,,
30 - Busuu Technology SLU,Aug 2026,8/15/2026,8/25/2026,EUR,65100 Professional fees : Accounting Fees,Martinez Comin (DIRECT DEBITS),"1,531",USD,321 - Accounting,60 - Busuu,Professional fees corresponding to our services for the current month.,Bill,,,,False,,
30 - Busuu Technology SLU,Aug 2026,8/15/2026,8/31/2026,EUR,60100 Salary & Wages : Salary Expense,Vendor,"-1,877",USD,225 - Partnerships,60 - Busuu,Ticket Restaurant - 225,Journal,,,,False,,
30 - Busuu Technology SLU,Aug 2026,8/15/2026,8/31/2026,EUR,60100 Salary & Wages : Salary Expense,Vendor,-939,USD,140 - Engineering Discovery,60 - Busuu,Ticket Restaurant - 140,Journal,,,,False,,
30 - Busuu Technology SLU,Aug 2026,8/15/2026,8/31/2026,EUR,60100 Salary & Wages : Salary Expense,Vendor,-765,USD,132 - Platform - Personalization,60 - Busuu,Ticket Restaurant - 132,Journal,,,,False,,
30 - Busuu Technology SLU,Aug 2026,8/15/2026,8/31/2026,EUR,60100 Salary & Wages : Salary Expense,Vendor,-742,USD,385 - Content Development,60 - Busuu,Ticket Restaurant - 385,Journal,,,,False,,
30 - Busuu Technology SLU,Aug 2026,8/15/2026,8/31/2026,EUR,60100 Salary & Wages : Salary Expense,Vendor,-568,USD,160 - Commerce Engineering,60 - Busuu,Ticket Restaurant - 160,Journal,,,,False,,
30 - Busuu Technology SLU,Aug 2026,8/15/2026,8/31/2026,EUR,60100 Salary & Wages : Salary Expense,Vendor,-510,USD,341 - HR Operations,60 - Busuu,Ticket Restaurant - 341,Journal,,,,False,,
30 - Busuu Technology SLU,Aug 2026,8/15/2026,8/31/2026,EUR,60100 Salary & Wages : Salary Expense,Vendor,-406,USD,370 - Learning Experience,60 - Busuu,Ticket Restaurant - 370,Journal,,,,False,,
30 - Busuu Technology SLU,Aug 2026,8/15/2026,8/31/2026,EUR,60100 Salary & Wages : Salary Expense,Vendor,-371,USD,131 - Platform - Data Engineering,60 - Busuu,Ticket Restaurant - 131,Journal,,,,False,,
30 - Busuu Technology SLU,Aug 2026,8/15/2026,8/31/2026,EUR,60100 Salary & Wages : Salary Expense,Vendor,-355,USD,140 - Engineering Discovery,60 - Busuu,Ticket Guardería Exempto - 140,Journal,,,,False,,
30 - Busuu Technology SLU,Aug 2026,8/15/2026,8/31/2026,EUR,60100 Salary & Wages : Salary Expense,Vendor,-290,USD,225 - Partnerships,60 - Busuu,Transporte Ticket - 225,Journal,,,,False,,
30 - Busuu Technology SLU,Aug 2026,8/15/2026,8/31/2026,EUR,60100 Salary & Wages : Salary Expense,Vendor,-255,USD,102 - Product - Engagement,60 - Busuu,Ticket Restaurant - 102,Journal,,,,False,,
30 - Busuu Technology SLU,Aug 2026,8/15/2026,8/31/2026,EUR,60100 Salary & Wages : Salary Expense,Vendor,-255,USD,325 - FP & A,60 - Busuu,Ticket Restaurant - 325,Journal,,,,False,,
30 - Busuu Technology SLU,Aug 2026,8/15/2026,8/31/2026,EUR,60100 Salary & Wages : Salary Expense,Vendor,-204,USD,140 - Engineering Discovery,60 - Busuu,Transporte Ticket - 140,Journal,,,,False,,
30 - Busuu Technology SLU,Aug 2026,8/15/2026,8/31/2026,EUR,60100 Salary & Wages : Salary Expense,Vendor,-196,USD,370 - Learning Experience,60 - Busuu,Transporte Ticket - 370,Journal,,,,False,,
30 - Busuu Technology SLU,Aug 2026,8/15/2026,8/31/2026,EUR,60100 Salary & Wages : Salary Expense,Vendor,-174,USD,112 - User Experience - Engagement,60 - Busuu,Ticket Restaurant - 112,Journal,,,,False,,
30 - Busuu Technology SLU,Aug 2026,8/15/2026,8/31/2026,EUR,60100 Salary & Wages : Salary Expense,Vendor,-158,USD,102 - Product - Engagement,60 - Busuu,Transporte Ticket - 102,Journal,,,,False,,
30 - Busuu Technology SLU,Aug 2026,8/15/2026,8/31/2026,EUR,60100 Salary & Wages : Salary Expense,Vendor,-158,USD,341 - HR Operations,60 - Busuu,Transporte Ticket - 341,Journal,,,,False,,
30 - Busuu Technology SLU,Aug 2026,8/15/2026,8/31/2026,EUR,60100 Salary & Wages : Salary Expense,Vendor,-116,USD,346 - Employee Experience,60 - Busuu,Ticket Restaurant - 346,Journal,,,,False,,
30 - Busuu Technology SLU,Aug 2026,8/15/2026,8/31/2026,EUR,60100 Salary & Wages : Salary Expense,Vendor,-116,USD,346 - Employee Experience,60 - Busuu,Transporte Ticket - 346,Journal,,,,False,,
30 - Busuu Technology SLU,Aug 2026,8/15/2026,8/31/2026,EUR,60100 Salary & Wages : Salary Expense,Vendor,-97,USD,140 - Engineering Discovery,60 - Busuu,Ticket Guardería no Exempto - 140,Journal,,,,False,,
30 - Busuu Technology SLU,Aug 2026,8/15/2026,8/31/2026,EUR,60100 Salary & Wages : Salary Expense,Vendor,-93,USD,160 - Commerce Engineering,60 - Busuu,Transporte Ticket - 160,Journal,,,,False,,
30 - Busuu Technology SLU,Aug 2026,8/15/2026,8/31/2026,EUR,60100 Salary & Wages : Salary Expense,Vendor,-85,USD,131 - Platform - Data Engineering,60 - Busuu,Transporte Ticket - 131,Journal,,,,False,,
30 - Busuu Technology SLU,Aug 2026,8/15/2026,8/31/2026,EUR,60100 Salary & Wages : Salary Expense,Vendor,-52,USD,132 - Platform - Personalization,60 - Busuu,Transporte Ticket - 132,Journal,,,,False,,
30 - Busuu Technology SLU,Aug 2026,8/15/2026,8/31/2026,EUR,60100 Salary & Wages : Salary Expense,Vendor,-38,USD,385 - Content Development,60 - Busuu,Transporte Ticket - 385,Journal,,,,False,,
30 - Busuu Technology SLU,Aug 2026,8/15/2026,8/31/2026,EUR,60100 Salary & Wages : Salary Expense,Vendor,14,USD,203 - Creative Marketing,60 - Busuu,Health Insurance Taxable - 203,Journal,,,,False,,
30 - Busuu Technology SLU,Aug 2026,8/15/2026,8/31/2026,EUR,60100 Salary & Wages : Salary Expense,Vendor,17,USD,203 - Creative Marketing,60 - Busuu,Remote Work allowance - 203,Journal,,,,False,,
30 - Busuu Technology SLU,Aug 2026,8/15/2026,8/31/2026,EUR,60100 Salary & Wages : Salary Expense,Vendor,18,USD,112 - User Experience - Engagement,60 - Busuu,Health Insurance Taxable - 112,Journal,,,,False,,
30 - Busuu Technology SLU,Aug 2026,8/15/2026,8/31/2026,EUR,60100 Salary & Wages : Salary Expense,Vendor,18,USD,206 - Customer Relationship Marketing,60 - Busuu,Health Insurance Taxable - 206,Journal,,,,False,,
30 - Busuu Technology SLU,Aug 2026,8/15/2026,8/31/2026,EUR,60100 Salary & Wages : Salary Expense,Vendor,18,USD,325 - FP & A,60 - Busuu,Health Insurance Taxable - 325,Journal,,,,False,,
30 - Busuu Technology SLU,Aug 2026,8/15/2026,8/31/2026,EUR,60100 Salary & Wages : Salary Expense,Vendor,18,USD,341 - HR Operations,60 - Busuu,Health Insurance Taxable - 341,Journal,,,,False,,
30 - Busuu Technology SLU,Aug 2026,8/15/2026,8/31/2026,EUR,60100 Salary & Wages : Salary Expense,Vendor,21,USD,112 - User Experience - Engagement,60 - Busuu,Remote Work allowance - 112,Journal,,,,False,,
30 - Busuu Technology SLU,Aug 2026,8/15/2026,8/31/2026,EUR,60100 Salary & Wages : Salary Expense,Vendor,21,USD,206 - Customer Relationship Marketing,60 - Busuu,Remote Work allowance - 206,Journal,,,,False,,
30 - Busuu Technology SLU,Aug 2026,8/15/2026,8/31/2026,EUR,60100 Salary & Wages : Salary Expense,Vendor,21,USD,325 - FP & A,60 - Busuu,Remote Work allowance - 325,Journal,,,,False,,
30 - Busuu Technology SLU,Aug 2026,8/15/2026,8/31/2026,EUR,60100 Salary & Wages : Salary Expense,Vendor,21,USD,346 - Employee Experience,60 - Busuu,Remote Work allowance - 346,Journal,,,,False,,
30 - Busuu Technology SLU,Aug 2026,8/15/2026,8/31/2026,EUR,60100 Salary & Wages : Salary Expense,Vendor,36,USD,580 - Support Operations,60 - Busuu,Health Insurance Taxable - 580,Journal,,,,False,,
30 - Busuu Technology SLU,Aug 2026,8/15/2026,8/31/2026,EUR,60100 Salary & Wages : Salary Expense,Vendor,37,USD,203 - Creative Marketing,60 - Busuu,WELLHUB Payment - 203,Journal,,,,False,,
30 - Busuu Technology SLU,Aug 2026,8/15/2026,8/31/2026,EUR,60100 Salary & Wages : Salary Expense,Vendor,39,USD,203 - Creative Marketing,60 - Busuu,Health Insurance Excepted - 203,Journal,,,,False,,
30 - Busuu Technology SLU,Aug 2026,8/15/2026,8/31/2026,EUR,60100 Salary & Wages : Salary Expense,Vendor,41,USD,132 - Platform - Personalization,60 - Busuu,Health Insurance Taxable - 132,Journal,,,,False,,
30 - Busuu Technology SLU,Aug 2026,8/15/2026,8/31/2026,EUR,60100 Salary & Wages : Salary Expense,Vendor,42,USD,341 - HR Operations,60 - Busuu,Remote Work allowance - 341,Journal,,,,False,,
30 - Busuu Technology SLU,Aug 2026,8/15/2026,8/31/2026,EUR,60100 Salary & Wages : Salary Expense,Vendor,42,USD,580 - Support Operations,60 - Busuu,Remote Work allowance - 580,Journal,,,,False,,
30 - Busuu Technology SLU,Aug 2026,8/15/2026,8/31/2026,EUR,60100 Salary & Wages : Salary Expense,Vendor,47,USD,112 - User Experience - Engagement,60 - Busuu,WELLHUB Payment - 112,Journal,,,,False,,
30 - Busuu Technology SLU,Aug 2026,8/15/2026,8/31/2026,EUR,60100 Salary & Wages : Salary Expense,Vendor,47,USD,325 - FP & A,60 - Busuu,WELLHUB Payment - 325,Journal,,,,False,,
30 - Busuu Technology SLU,Aug 2026,8/15/2026,8/31/2026,EUR,60100 Salary & Wages : Salary Expense,Vendor,47,USD,346 - Employee Experience,60 - Busuu,WELLHUB Payment - 346,Journal,,,,False,,
30 - Busuu Technology SLU,Aug 2026,8/15/2026,8/31/2026,EUR,60100 Salary & Wages : Salary Expense,Vendor,48,USD,112 - User Experience - Engagement,60 - Busuu,Health Insurance Excepted - 112,Journal,,,,False,,
30 - Busuu Technology SLU,Aug 2026,8/15/2026,8/31/2026,EUR,60100 Salary & Wages : Salary Expense,Vendor,48,USD,206 - Customer Relationship Marketing,60 - Busuu,Health Insurance Excepted - 206,Journal,,,,False,,
30 - Busuu Technology SLU,Aug 2026,8/15/2026,8/31/2026,EUR,60100 Salary & Wages : Salary Expense,Vendor,48,USD,325 - FP & A,60 - Busuu,Health Insurance Excepted - 325,Journal,,,,False,,
30 - Busuu Technology SLU,Aug 2026,8/15/2026,8/31/2026,EUR,60100 Salary & Wages : Salary Expense,Vendor,48,USD,341 - HR Operations,60 - Busuu,Health Insurance Excepted - 341,Journal,,,,False,,
30 - Busuu Technology SLU,Aug 2026,8/15/2026,8/31/2026,EUR,60100 Salary & Wages : Salary Expense,Vendor,53,USD,102 - Product - Engagement,60 - Busuu,Health Insurance Taxable - 102,Journal,,,,False,,
30 - Busuu Technology SLU,Aug 2026,8/15/2026,8/31/2026,EUR,60100 Salary & Wages : Salary Expense,Vendor,61,USD,346 - Employee Experience,60 - Busuu,Seniority - 346,Journal,,,,False,,
30 - Busuu Technology SLU,Aug 2026,8/15/2026,8/31/2026,EUR,60100 Salary & Wages : Salary Expense,Vendor,66,USD,203 - Creative Marketing,60 - Busuu,Seniority - 203,Journal,,,,False,,
30 - Busuu Technology SLU,Aug 2026,8/15/2026,8/31/2026,EUR,60100 Salary & Wages : Salary Expense,Vendor,70,USD,132 - Platform - Personalization,60 - Busuu,Remote Work allowance - 132,Journal,,,,False,,
30 - Busuu Technology SLU,Aug 2026,8/15/2026,8/31/2026,EUR,60100 Salary & Wages : Salary Expense,Vendor,71,USD,131 - Platform - Data Engineering,60 - Busuu,Health Insurance Taxable - 131,Journal,,,,False,,
30 - Busuu Technology SLU,Aug 2026,8/15/2026,8/31/2026,EUR,60100 Salary & Wages : Salary Expense,Vendor,71,USD,370 - Learning Experience,60 - Busuu,Health Insurance Taxable - 370,Journal,,,,False,,
30 - Busuu Technology SLU,Aug 2026,8/15/2026,8/31/2026,EUR,60100 Salary & Wages : Salary Expense,Vendor,72,USD,580 - Support Operations,60 - Busuu,Seniority - 580,Journal,,,,False,,
30 - Busuu Technology SLU,Aug 2026,8/15/2026,8/31/2026,EUR,60100 Salary & Wages : Salary Expense,Vendor,82,USD,102 - Product - Engagement,60 - Busuu,Remote Work allowance - 102,Journal,,,,False,,
30 - Busuu Technology SLU,Aug 2026,8/15/2026,8/31/2026,EUR,60100 Salary & Wages : Salary Expense,Vendor,83,USD,325 - FP & A,60 - Busuu,Seniority - 325,Journal,,,,False,,
30 - Busuu Technology SLU,Aug 2026,8/15/2026,8/31/2026,EUR,60100 Salary & Wages : Salary Expense,Vendor,83,USD,341 - HR Operations,60 - Busuu,Seniority - 341,Journal,,,,False,,
30 - Busuu Technology SLU,Aug 2026,8/15/2026,8/31/2026,EUR,60100 Salary & Wages : Salary Expense,Vendor,84,USD,131 - Platform - Data Engineering,60 - Busuu,Remote Work allowance - 131,Journal,,,,False,,
30 - Busuu Technology SLU,Aug 2026,8/15/2026,8/31/2026,EUR,60100 Salary & Wages : Salary Expense,Vendor,84,USD,370 - Learning Experience,60 - Busuu,Remote Work allowance - 370,Journal,,,,False,,
30 - Busuu Technology SLU,Aug 2026,8/15/2026,8/31/2026,EUR,60100 Salary & Wages : Salary Expense,Vendor,89,USD,160 - Commerce Engineering,60 - Busuu,Health Insurance Taxable - 160,Journal,,,,False,,
30 - Busuu Technology SLU,Aug 2026,8/15/2026,8/31/2026,EUR,60100 Salary & Wages : Salary Expense,Vendor,94,USD,131 - Platform - Data Engineering,60 - Busuu,WELLHUB Payment - 131,Journal,,,,False,,
30 - Busuu Technology SLU,Aug 2026,8/15/2026,8/31/2026,EUR,60100 Salary & Wages : Salary Expense,Vendor,94,USD,160 - Commerce Engineering,60 - Busuu,WELLHUB Payment - 160,Journal,,,,False,,
30 - Busuu Technology SLU,Aug 2026,8/15/2026,8/31/2026,EUR,60100 Salary & Wages : Salary Expense,Vendor,94,USD,206 - Customer Relationship Marketing,60 - Busuu,WELLHUB Payment - 206,Journal,,,,False,,
30 - Busuu Technology SLU,Aug 2026,8/15/2026,8/31/2026,EUR,60100 Salary & Wages : Salary Expense,Vendor,94,USD,341 - HR Operations,60 - Busuu,WELLHUB Payment - 341,Journal,,,,False,,
30 - Busuu Technology SLU,Aug 2026,8/15/2026,8/31/2026,EUR,60100 Salary & Wages : Salary Expense,Vendor,97,USD,580 - Support Operations,60 - Busuu,Health Insurance Excepted - 580,Journal,,,,False,,
30 - Busuu Technology SLU,Aug 2026,8/15/2026,8/31/2026,EUR,60100 Salary & Wages : Salary Expense,Vendor,107,USD,385 - Content Development,60 - Busuu,Health Insurance Taxable - 385,Journal,,,,False,,
30 - Busuu Technology SLU,Aug 2026,8/15/2026,8/31/2026,EUR,60100 Salary & Wages : Salary Expense,Vendor,108,USD,385 - Content Development,60 - Busuu,Remote Work allowance - 385,Journal,,,,False,,
30 - Busuu Technology SLU,Aug 2026,8/15/2026,8/31/2026,EUR,60100 Salary & Wages : Salary Expense,Vendor,109,USD,132 - Platform - Personalization,60 - Busuu,WELLHUB Payment - 132,Journal,,,,False,,
30 - Busuu Technology SLU,Aug 2026,8/15/2026,8/31/2026,EUR,60100 Salary & Wages : Salary Expense,Vendor,113,USD,132 - Platform - Personalization,60 - Busuu,Health Insurance Excepted - 132,Journal,,,,False,,
30 - Busuu Technology SLU,Aug 2026,8/15/2026,8/31/2026,EUR,60100 Salary & Wages : Salary Expense,Vendor,118,USD,112 - User Experience - Engagement,60 - Busuu,Seniority - 112,Journal,,,,False,,
30 - Busuu Technology SLU,Aug 2026,8/15/2026,8/31/2026,EUR,60100 Salary & Wages : Salary Expense,Vendor,118,USD,370 - Learning Experience,60 - Busuu,Seniority - 370,Journal,,,,False,,
30 - Busuu Technology SLU,Aug 2026,8/15/2026,8/31/2026,EUR,60100 Salary & Wages : Salary Expense,Vendor,127,USD,160 - Commerce Engineering,60 - Busuu,Remote Work allowance - 160,Journal,,,,False,,
30 - Busuu Technology SLU,Aug 2026,8/15/2026,8/31/2026,EUR,60100 Salary & Wages : Salary Expense,Vendor,140,USD,102 - Product - Engagement,60 - Busuu,WELLHUB Payment - 102,Journal,,,,False,,
30 - Busuu Technology SLU,Aug 2026,8/15/2026,8/31/2026,EUR,60100 Salary & Wages : Salary Expense,Vendor,140,USD,580 - Support Operations,60 - Busuu,WELLHUB Payment - 580,Journal,,,,False,,
30 - Busuu Technology SLU,Aug 2026,8/15/2026,8/31/2026,EUR,60100 Salary & Wages : Salary Expense,Vendor,145,USD,102 - Product - Engagement,60 - Busuu,Health Insurance Excepted - 102,Journal,,,,False,,
30 - Busuu Technology SLU,Aug 2026,8/15/2026,8/31/2026,EUR,60100 Salary & Wages : Salary Expense,Vendor,157,USD,132 - Platform - Personalization,60 - Busuu,Seniority - 132,Journal,,,,False,,
30 - Busuu Technology SLU,Aug 2026,8/15/2026,8/31/2026,EUR,60100 Salary & Wages : Salary Expense,Vendor,160,USD,140 - Engineering Discovery,60 - Busuu,Health Insurance Taxable - 140,Journal,,,,False,,
30 - Busuu Technology SLU,Aug 2026,8/15/2026,8/31/2026,EUR,60100 Salary & Wages : Salary Expense,Vendor,170,USD,203 - Creative Marketing,60 - Busuu,Collective Agreement Plus - 203,Journal,,,,False,,
30 - Busuu Technology SLU,Aug 2026,8/15/2026,8/31/2026,EUR,60100 Salary & Wages : Salary Expense,Vendor,187,USD,370 - Learning Experience,60 - Busuu,WELLHUB Payment - 370,Journal,,,,False,,
30 - Busuu Technology SLU,Aug 2026,8/15/2026,8/31/2026,EUR,60100 Salary & Wages : Salary Expense,Vendor,193,USD,131 - Platform - Data Engineering,60 - Busuu,Health Insurance Excepted - 131,Journal,,,,False,,
30 - Busuu Technology SLU,Aug 2026,8/15/2026,8/31/2026,EUR,60100 Salary & Wages : Salary Expense,Vendor,193,USD,370 - Learning Experience,60 - Busuu,Health Insurance Excepted - 370,Journal,,,,False,,
30 - Busuu Technology SLU,Aug 2026,8/15/2026,8/31/2026,EUR,60100 Salary & Wages : Salary Expense,Vendor,195,USD,203 - Creative Marketing,60 - Busuu,Extraordinary Pay - 203,Journal,,,,False,,
30 - Busuu Technology SLU,Aug 2026,8/15/2026,8/31/2026,EUR,60100 Salary & Wages : Salary Expense,Vendor,205,USD,112 - User Experience - Engagement,60 - Busuu,Collective Agreement Plus - 112,Journal,,,,False,,
30 - Busuu Technology SLU,Aug 2026,8/15/2026,8/31/2026,EUR,60100 Salary & Wages : Salary Expense,Vendor,205,USD,206 - Customer Relationship Marketing,60 - Busuu,Collective Agreement Plus - 206,Journal,,,,False,,
30 - Busuu Technology SLU,Aug 2026,8/15/2026,8/31/2026,EUR,60100 Salary & Wages : Salary Expense,Vendor,212,USD,325 - FP & A,60 - Busuu,Collective Agreement Plus - 325,Journal,,,,False,,
30 - Busuu Technology SLU,Aug 2026,8/15/2026,8/31/2026,EUR,60100 Salary & Wages : Salary Expense,Vendor,222,USD,346 - Employee Experience,60 - Busuu,Collective Agreement Plus - 346,Journal,,,,False,,
30 - Busuu Technology SLU,Aug 2026,8/15/2026,8/31/2026,EUR,60100 Salary & Wages : Salary Expense,Vendor,234,USD,385 - Content Development,60 - Busuu,WELLHUB Payment - 385,Journal,,,,False,,
30 - Busuu Technology SLU,Aug 2026,8/15/2026,8/31/2026,EUR,60100 Salary & Wages : Salary Expense,Vendor,241,USD,346 - Employee Experience,60 - Busuu,Extraordinary Pay - 346,Journal,,,,False,,
30 - Busuu Technology SLU,Aug 2026,8/15/2026,8/31/2026,EUR,60100 Salary & Wages : Salary Expense,Vendor,241,USD,160 - Commerce Engineering,60 - Busuu,Health Insurance Excepted - 160,Journal,,,,False,,
30 - Busuu Technology SLU,Aug 2026,8/15/2026,8/31/2026,EUR,60100 Salary & Wages : Salary Expense,Vendor,253,USD,140 - Engineering Discovery,60 - Busuu,Remote Work allowance - 140,Journal,,,,False,,
30 - Busuu Technology SLU,Aug 2026,8/15/2026,8/31/2026,EUR,60100 Salary & Wages : Salary Expense,Vendor,290,USD,385 - Content Development,60 - Busuu,Health Insurance Excepted - 385,Journal,,,,False,,
30 - Busuu Technology SLU,Aug 2026,8/15/2026,8/31/2026,EUR,60100 Salary & Wages : Salary Expense,Vendor,311,USD,325 - FP & A,60 - Busuu,Extraordinary Pay - 325,Journal,,,,False,,
30 - Busuu Technology SLU,Aug 2026,8/15/2026,8/31/2026,EUR,60100 Salary & Wages : Salary Expense,Vendor,318,USD,131 - Platform - Data Engineering,60 - Busuu,Seniority - 131,Journal,,,,False,,
30 - Busuu Technology SLU,Aug 2026,8/15/2026,8/31/2026,EUR,60100 Salary & Wages : Salary Expense,Vendor,347,USD,580 - Support Operations,60 - Busuu,Collective Agreement Plus - 580,Journal,,,,False,,
30 - Busuu Technology SLU,Aug 2026,8/15/2026,8/31/2026,EUR,60100 Salary & Wages : Salary Expense,Vendor,350,USD,385 - Content Development,60 - Busuu,Seniority - 385,Journal,,,,False,,
30 - Busuu Technology SLU,Aug 2026,8/15/2026,8/31/2026,EUR,60100 Salary & Wages : Salary Expense,Vendor,356,USD,203 - Creative Marketing,60 - Busuu,Non-competition Agreement - 203,Journal,,,,False,,
30 - Busuu Technology SLU,Aug 2026,8/15/2026,8/31/2026,EUR,60100 Salary & Wages : Salary Expense,Vendor,373,USD,225 - Partnerships,60 - Busuu,Health Insurance Taxable - 225,Journal,,,,False,,
30 - Busuu Technology SLU,Aug 2026,8/15/2026,8/31/2026,EUR,60100 Salary & Wages : Salary Expense,Vendor,388,USD,580 - Support Operations,60 - Busuu,Non-competition Agreement - 580,Journal,,,,False,,
30 - Busuu Technology SLU,Aug 2026,8/15/2026,8/31/2026,EUR,60100 Salary & Wages : Salary Expense,Vendor,417,USD,341 - HR Operations,60 - Busuu,Collective Agreement Plus - 341,Journal,,,,False,,
30 - Busuu Technology SLU,Aug 2026,8/15/2026,8/31/2026,EUR,60100 Salary & Wages : Salary Expense,Vendor,426,USD,206 - Customer Relationship Marketing,60 - Busuu,Extraordinary Pay - 206,Journal,,,,False,,
30 - Busuu Technology SLU,Aug 2026,8/15/2026,8/31/2026,EUR,60100 Salary & Wages : Salary Expense,Vendor,426,USD,112 - User Experience - Engagement,60 - Busuu,Extraordinary Pay - 112,Journal,,,,False,,
30 - Busuu Technology SLU,Aug 2026,8/15/2026,8/31/2026,EUR,60100 Salary & Wages : Salary Expense,Vendor,435,USD,140 - Engineering Discovery,60 - Busuu,Health Insurance Excepted - 140,Journal,,,,False,,
30 - Busuu Technology SLU,Aug 2026,8/15/2026,8/31/2026,EUR,60100 Salary & Wages : Salary Expense,Vendor,464,USD,346 - Employee Experience,60 - Busuu,Non-competition Agreement - 346,Journal,,,,False,,
30 - Busuu Technology SLU,Aug 2026,8/15/2026,8/31/2026,EUR,60100 Salary & Wages : Salary Expense,Vendor,468,USD,140 - Engineering Discovery,60 - Busuu,WELLHUB Payment - 140,Journal,,,,False,,
30 - Busuu Technology SLU,Aug 2026,8/15/2026,8/31/2026,EUR,60100 Salary & Wages : Salary Expense,Vendor,502,USD,580 - Support Operations,60 - Busuu,Extraordinary Pay - 580,Journal,,,,False,,
30 - Busuu Technology SLU,Aug 2026,8/15/2026,8/31/2026,EUR,60100 Salary & Wages : Salary Expense,Vendor,534,USD,203 - Creative Marketing,60 - Busuu,Exclusiveness - 203,Journal,,,,False,,
30 - Busuu Technology SLU,Aug 2026,8/15/2026,8/31/2026,EUR,60100 Salary & Wages : Salary Expense,Vendor,554,USD,112 - User Experience - Engagement,60 - Busuu,Non-competition Agreement - 112,Journal,,,,False,,
30 - Busuu Technology SLU,Aug 2026,8/15/2026,8/31/2026,EUR,60100 Salary & Wages : Salary Expense,Vendor,567,USD,225 - Partnerships,60 - Busuu,Remote Work allowance - 225,Journal,,,,False,,
30 - Busuu Technology SLU,Aug 2026,8/15/2026,8/31/2026,EUR,60100 Salary & Wages : Salary Expense,Vendor,570,USD,102 - Product - Engagement,60 - Busuu,Seniority - 102,Journal,,,,False,,
30 - Busuu Technology SLU,Aug 2026,8/15/2026,8/31/2026,EUR,60100 Salary & Wages : Salary Expense,Vendor,582,USD,580 - Support Operations,60 - Busuu,Exclusiveness - 580,Journal,,,,False,,
30 - Busuu Technology SLU,Aug 2026,8/15/2026,8/31/2026,EUR,60100 Salary & Wages : Salary Expense,Vendor,588,USD,160 - Commerce Engineering,60 - Busuu,Seniority - 160,Journal,,,,False,,
30 - Busuu Technology SLU,Aug 2026,8/15/2026,8/31/2026,EUR,60100 Salary & Wages : Salary Expense,Vendor,614,USD,203 - Creative Marketing,60 - Busuu,Holidays - 203,Journal,,,,False,,
30 - Busuu Technology SLU,Aug 2026,8/15/2026,8/31/2026,EUR,60100 Salary & Wages : Salary Expense,Vendor,628,USD,206 - Customer Relationship Marketing,60 - Busuu,Non-competition Agreement - 206,Journal,,,,False,,
30 - Busuu Technology SLU,Aug 2026,8/15/2026,8/31/2026,EUR,60100 Salary & Wages : Salary Expense,Vendor,630,USD,325 - FP & A,60 - Busuu,Non-competition Agreement - 325,Journal,,,,False,,
30 - Busuu Technology SLU,Aug 2026,8/15/2026,8/31/2026,EUR,60100 Salary & Wages : Salary Expense,Vendor,683,USD,132 - Platform - Personalization,60 - Busuu,Collective Agreement Plus - 132,Journal,,,,False,,
30 - Busuu Technology SLU,Aug 2026,8/15/2026,8/31/2026,EUR,60100 Salary & Wages : Salary Expense,Vendor,695,USD,346 - Employee Experience,60 - Busuu,Exclusiveness - 346,Journal,,,,False,,
30 - Busuu Technology SLU,Aug 2026,8/15/2026,8/31/2026,EUR,60100 Salary & Wages : Salary Expense,Vendor,738,USD,341 - HR Operations,60 - Busuu,Extraordinary Pay - 341,Journal,,,,False,,
30 - Busuu Technology SLU,Aug 2026,8/15/2026,8/31/2026,EUR,60100 Salary & Wages : Salary Expense,Vendor,826,USD,131 - Platform - Data Engineering,60 - Busuu,Collective Agreement Plus - 131,Journal,,,,False,,
30 - Busuu Technology SLU,Aug 2026,8/15/2026,8/31/2026,EUR,60100 Salary & Wages : Salary Expense,Vendor,831,USD,112 - User Experience - Engagement,60 - Busuu,Exclusiveness - 112,Journal,,,,False,,
30 - Busuu Technology SLU,Aug 2026,8/15/2026,8/31/2026,EUR,60100 Salary & Wages : Salary Expense,Vendor,836,USD,102 - Product - Engagement,60 - Busuu,Collective Agreement Plus - 102,Journal,,,,False,,
30 - Busuu Technology SLU,Aug 2026,8/15/2026,8/31/2026,EUR,60100 Salary & Wages : Salary Expense,Vendor,856,USD,370 - Learning Experience,60 - Busuu,Collective Agreement Plus - 370,Journal,,,,False,,
30 - Busuu Technology SLU,Aug 2026,8/15/2026,8/31/2026,EUR,60100 Salary & Wages : Salary Expense,Vendor,913,USD,203 - Creative Marketing,60 - Busuu,Mejora Absorbible - 203,Journal,,,,False,,
30 - Busuu Technology SLU,Aug 2026,8/15/2026,8/31/2026,EUR,60100 Salary & Wages : Salary Expense,Vendor,920,USD,385 - Content Development,60 - Busuu,Collective Agreement Plus - 385,Journal,,,,False,,
30 - Busuu Technology SLU,Aug 2026,8/15/2026,8/31/2026,EUR,60100 Salary & Wages : Salary Expense,Vendor,942,USD,206 - Customer Relationship Marketing,60 - Busuu,Exclusiveness - 206,Journal,,,,False,,
30 - Busuu Technology SLU,Aug 2026,8/15/2026,8/31/2026,EUR,60100 Salary & Wages : Salary Expense,Vendor,945,USD,325 - FP & A,60 - Busuu,Exclusiveness - 325,Journal,,,,False,,
30 - Busuu Technology SLU,Aug 2026,8/15/2026,8/31/2026,EUR,60100 Salary & Wages : Salary Expense,Vendor,981,USD,225 - Partnerships,60 - Busuu,Seniority - 225,Journal,,,,False,,
30 - Busuu Technology SLU,Aug 2026,8/15/2026,8/31/2026,EUR,60100 Salary & Wages : Salary Expense,Vendor,991,USD,370 - Learning Experience,60 - Busuu,Non-competition Agreement - 370,Journal,,,,False,,
30 - Busuu Technology SLU,Aug 2026,8/15/2026,8/31/2026,EUR,60100 Salary & Wages : Salary Expense,Vendor,"1,014",USD,225 - Partnerships,60 - Busuu,Health Insurance Excepted - 225,Journal,,,,False,,
30 - Busuu Technology SLU,Aug 2026,8/15/2026,8/31/2026,EUR,60100 Salary & Wages : Salary Expense,Vendor,"1,054",USD,112 - User Experience - Engagement,60 - Busuu,Mejora Absorbible - 112,Journal,,,,False,,
30 - Busuu Technology SLU,Aug 2026,8/15/2026,8/31/2026,EUR,60100 Salary & Wages : Salary Expense,Vendor,"1,149",USD,370 - Learning Experience,60 - Busuu,Extraordinary Pay - 370,Journal,,,,False,,
30 - Busuu Technology SLU,Aug 2026,8/15/2026,8/31/2026,EUR,60100 Salary & Wages : Salary Expense,Vendor,"1,177",USD,140 - Engineering Discovery,60 - Busuu,Seniority - 140,Journal,,,,False,,
30 - Busuu Technology SLU,Aug 2026,8/15/2026,8/31/2026,EUR,60100 Salary & Wages : Salary Expense,Vendor,"1,226",USD,346 - Employee Experience,60 - Busuu,Basic Salary - 346,Journal,,,,False,,
30 - Busuu Technology SLU,Aug 2026,8/15/2026,8/31/2026,EUR,60100 Salary & Wages : Salary Expense,Vendor,"1,229",USD,160 - Commerce Engineering,60 - Busuu,Collective Agreement Plus - 160,Journal,,,,False,,
30 - Busuu Technology SLU,Aug 2026,8/15/2026,8/31/2026,EUR,60100 Salary & Wages : Salary Expense,Vendor,"1,264",USD,225 - Partnerships,60 - Busuu,WELLHUB Payment - 225,Journal,,,,False,,
30 - Busuu Technology SLU,Aug 2026,8/15/2026,8/31/2026,EUR,60100 Salary & Wages : Salary Expense,Vendor,"1,324",USD,203 - Creative Marketing,60 - Busuu,Basic Salary - 203,Journal,,,,False,,
30 - Busuu Technology SLU,Aug 2026,8/15/2026,8/31/2026,EUR,60100 Salary & Wages : Salary Expense,Vendor,"1,342",USD,341 - HR Operations,60 - Busuu,Non-competition Agreement - 341,Journal,,,,False,,
30 - Busuu Technology SLU,Aug 2026,8/15/2026,8/31/2026,EUR,60100 Salary & Wages : Salary Expense,Vendor,"1,421",USD,132 - Platform - Personalization,60 - Busuu,Extraordinary Pay - 132,Journal,,,,False,,
30 - Busuu Technology SLU,Aug 2026,8/15/2026,8/31/2026,EUR,60100 Salary & Wages : Salary Expense,Vendor,"1,590",USD,131 - Platform - Data Engineering,60 - Busuu,Extraordinary Pay - 131,Journal,,,,False,,
30 - Busuu Technology SLU,Aug 2026,8/15/2026,8/31/2026,EUR,60100 Salary & Wages : Salary Expense,Vendor,"1,648",USD,102 - Product - Engagement,60 - Busuu,Extraordinary Pay - 102,Journal,,,,False,,
30 - Busuu Technology SLU,Aug 2026,8/15/2026,8/31/2026,EUR,60100 Salary & Wages : Salary Expense,Vendor,"1,655",USD,325 - FP & A,60 - Busuu,Basic Salary - 325,Journal,,,,False,,
30 - Busuu Technology SLU,Aug 2026,8/15/2026,8/31/2026,EUR,60100 Salary & Wages : Salary Expense,Vendor,"1,723",USD,206 - Customer Relationship Marketing,60 - Busuu,Mejora Absorbible - 206,Journal,,,,False,,
30 - Busuu Technology SLU,Aug 2026,8/15/2026,8/31/2026,EUR,60100 Salary & Wages : Salary Expense,Vendor,"1,726",USD,346 - Employee Experience,60 - Busuu,Mejora Absorbible - 346,Journal,,,,False,,
30 - Busuu Technology SLU,Aug 2026,8/15/2026,8/31/2026,EUR,60100 Salary & Wages : Salary Expense,Vendor,"1,835",USD,385 - Content Development,60 - Busuu,Extraordinary Pay - 385,Journal,,,,False,,
30 - Busuu Technology SLU,Aug 2026,8/15/2026,8/31/2026,EUR,60100 Salary & Wages : Salary Expense,Vendor,"2,013",USD,341 - HR Operations,60 - Busuu,Exclusiveness - 341,Journal,,,,False,,
30 - Busuu Technology SLU,Aug 2026,8/15/2026,8/31/2026,EUR,60100 Salary & Wages : Salary Expense,Vendor,"2,026",USD,580 - Support Operations,60 - Busuu,Mejora Absorbible - 580,Journal,,,,False,,
30 - Busuu Technology SLU,Aug 2026,8/15/2026,8/31/2026,EUR,60100 Salary & Wages : Salary Expense,Vendor,"2,188",USD,385 - Content Development,60 - Busuu,Non-competition Agreement - 385,Journal,,,,False,,
30 - Busuu Technology SLU,Aug 2026,8/15/2026,8/31/2026,EUR,60100 Salary & Wages : Salary Expense,Vendor,"2,256",USD,132 - Platform - Personalization,60 - Busuu,Non-competition Agreement - 132,Journal,,,,False,,
30 - Busuu Technology SLU,Aug 2026,8/15/2026,8/31/2026,EUR,60100 Salary & Wages : Salary Expense,Vendor,"2,273",USD,131 - Platform - Data Engineering,60 - Busuu,Non-competition Agreement - 131,Journal,,,,False,,
30 - Busuu Technology SLU,Aug 2026,8/15/2026,8/31/2026,EUR,60100 Salary & Wages : Salary Expense,Vendor,"2,353",USD,112 - User Experience - Engagement,60 - Busuu,Basic Salary - 112,Journal,,,,False,,
30 - Busuu Technology SLU,Aug 2026,8/15/2026,8/31/2026,EUR,60100 Salary & Wages : Salary Expense,Vendor,"2,353",USD,206 - Customer Relationship Marketing,60 - Busuu,Basic Salary - 206,Journal,,,,False,,
30 - Busuu Technology SLU,Aug 2026,8/15/2026,8/31/2026,EUR,60100 Salary & Wages : Salary Expense,Vendor,"2,434",USD,140 - Engineering Discovery,60 - Busuu,On call  - 140,Journal,,,,False,,
30 - Busuu Technology SLU,Aug 2026,8/15/2026,8/31/2026,EUR,60100 Salary & Wages : Salary Expense,Vendor,"2,458",USD,140 - Engineering Discovery,60 - Busuu,Collective Agreement Plus - 140,Journal,,,,False,,
30 - Busuu Technology SLU,Aug 2026,8/15/2026,8/31/2026,EUR,60100 Salary & Wages : Salary Expense,Vendor,"2,463",USD,325 - FP & A,60 - Busuu,Mejora Absorbible - 325,Journal,,,,False,,
30 - Busuu Technology SLU,Aug 2026,8/15/2026,8/31/2026,EUR,60100 Salary & Wages : Salary Expense,Vendor,"2,558",USD,160 - Commerce Engineering,60 - Busuu,Extraordinary Pay - 160,Journal,,,,False,,
30 - Busuu Technology SLU,Aug 2026,8/15/2026,8/31/2026,EUR,60100 Salary & Wages : Salary Expense,Vendor,"2,667",USD,580 - Support Operations,60 - Busuu,Basic Salary - 580,Journal,,,,False,,
30 - Busuu Technology SLU,Aug 2026,8/15/2026,8/31/2026,EUR,60100 Salary & Wages : Salary Expense,Vendor,"3,050",USD,370 - Learning Experience,60 - Busuu,Exclusiveness - 370,Journal,,,,False,,
30 - Busuu Technology SLU,Aug 2026,8/15/2026,8/31/2026,EUR,60100 Salary & Wages : Salary Expense,Vendor,"3,217",USD,385 - Content Development,60 - Busuu,Mejora Absorbible - 385,Journal,,,,False,,
30 - Busuu Technology SLU,Aug 2026,8/15/2026,8/31/2026,EUR,60100 Salary & Wages : Salary Expense,Vendor,"3,282",USD,385 - Content Development,60 - Busuu,Exclusiveness - 385,Journal,,,,False,,
30 - Busuu Technology SLU,Aug 2026,8/15/2026,8/31/2026,EUR,60100 Salary & Wages : Salary Expense,Vendor,"3,384",USD,132 - Platform - Personalization,60 - Busuu,Exclusiveness - 132,Journal,,,,False,,
30 - Busuu Technology SLU,Aug 2026,8/15/2026,8/31/2026,EUR,60100 Salary & Wages : Salary Expense,Vendor,"3,410",USD,131 - Platform - Data Engineering,60 - Busuu,Exclusiveness - 131,Journal,,,,False,,
30 - Busuu Technology SLU,Aug 2026,8/15/2026,8/31/2026,EUR,60100 Salary & Wages : Salary Expense,Vendor,"4,009",USD,341 - HR Operations,60 - Busuu,Basic Salary - 341,Journal,,,,False,,
30 - Busuu Technology SLU,Aug 2026,8/15/2026,8/31/2026,EUR,60100 Salary & Wages : Salary Expense,Vendor,"4,406",USD,160 - Commerce Engineering,60 - Busuu,Non-competition Agreement - 160,Journal,,,,False,,
30 - Busuu Technology SLU,Aug 2026,8/15/2026,8/31/2026,EUR,60100 Salary & Wages : Salary Expense,Vendor,"4,822",USD,341 - HR Operations,60 - Busuu,Mejora Absorbible - 341,Journal,,,,False,,
30 - Busuu Technology SLU,Aug 2026,8/15/2026,8/31/2026,EUR,60100 Salary & Wages : Salary Expense,Vendor,"4,839",USD,102 - Product - Engagement,60 - Busuu,Non-competition Agreement - 102,Journal,,,,False,,
30 - Busuu Technology SLU,Aug 2026,8/15/2026,8/31/2026,EUR,60100 Salary & Wages : Salary Expense,Vendor,"5,117",USD,140 - Engineering Discovery,60 - Busuu,Extraordinary Pay - 140,Journal,,,,False,,
30 - Busuu Technology SLU,Aug 2026,8/15/2026,8/31/2026,EUR,60100 Salary & Wages : Salary Expense,Vendor,"5,495",USD,225 - Partnerships,60 - Busuu,Collective Agreement Plus - 225,Journal,,,,False,,
30 - Busuu Technology SLU,Aug 2026,8/15/2026,8/31/2026,EUR,60100 Salary & Wages : Salary Expense,Vendor,"5,681",USD,385 - Content Development,60 - Busuu,Sickness - 385,Journal,,,,False,,
30 - Busuu Technology SLU,Aug 2026,8/15/2026,8/31/2026,EUR,60100 Salary & Wages : Salary Expense,Vendor,"6,043",USD,370 - Learning Experience,60 - Busuu,Basic Salary - 370,Journal,,,,False,,
30 - Busuu Technology SLU,Aug 2026,8/15/2026,8/31/2026,EUR,60100 Salary & Wages : Salary Expense,Vendor,"6,816",USD,132 - Platform - Personalization,60 - Busuu,Mejora Absorbible - 132,Journal,,,,False,,
30 - Busuu Technology SLU,Aug 2026,8/15/2026,8/31/2026,EUR,60100 Salary & Wages : Salary Expense,Vendor,"7,540",USD,225 - Partnerships,60 - Busuu,Sickness - 225,Journal,,,,False,,
30 - Busuu Technology SLU,Aug 2026,8/15/2026,8/31/2026,EUR,60100 Salary & Wages : Salary Expense,Vendor,"7,562",USD,160 - Commerce Engineering,60 - Busuu,Exclusiveness - 160,Journal,,,,False,,
30 - Busuu Technology SLU,Aug 2026,8/15/2026,8/31/2026,EUR,60100 Salary & Wages : Salary Expense,Vendor,"7,845",USD,132 - Platform - Personalization,60 - Busuu,Basic Salary - 132,Journal,,,,False,,
30 - Busuu Technology SLU,Aug 2026,8/15/2026,8/31/2026,EUR,60100 Salary & Wages : Salary Expense,Vendor,"8,129",USD,370 - Learning Experience,60 - Busuu,Mejora Absorbible - 370,Journal,,,,False,,
30 - Busuu Technology SLU,Aug 2026,8/15/2026,8/31/2026,EUR,60100 Salary & Wages : Salary Expense,Vendor,"8,287",USD,102 - Product - Engagement,60 - Busuu,Exclusiveness - 102,Journal,,,,False,,
30 - Busuu Technology SLU,Aug 2026,8/15/2026,8/31/2026,EUR,60100 Salary & Wages : Salary Expense,Vendor,"8,716",USD,131 - Platform - Data Engineering,60 - Busuu,Basic Salary - 131,Journal,,,,False,,
30 - Busuu Technology SLU,Aug 2026,8/15/2026,8/31/2026,EUR,60100 Salary & Wages : Salary Expense,Vendor,"9,053",USD,102 - Product - Engagement,60 - Busuu,Basic Salary - 102,Journal,,,,False,,
30 - Busuu Technology SLU,Aug 2026,8/15/2026,8/31/2026,EUR,60100 Salary & Wages : Salary Expense,Vendor,"9,714",USD,131 - Platform - Data Engineering,60 - Busuu,Mejora Absorbible - 131,Journal,,,,False,,
30 - Busuu Technology SLU,Aug 2026,8/15/2026,8/31/2026,EUR,60100 Salary & Wages : Salary Expense,Vendor,"9,903",USD,225 - Partnerships,60 - Busuu,Extraordinary Pay - 225,Journal,,,,False,,
30 - Busuu Technology SLU,Aug 2026,8/15/2026,8/31/2026,EUR,60100 Salary & Wages : Salary Expense,Vendor,"10,090",USD,385 - Content Development,60 - Busuu,Basic Salary - 385,Journal,,,,False,,
30 - Busuu Technology SLU,Aug 2026,8/15/2026,8/31/2026,EUR,60100 Salary & Wages : Salary Expense,Vendor,"11,009",USD,140 - Engineering Discovery,60 - Busuu,Non-competition Agreement - 140,Journal,,,,False,,
30 - Busuu Technology SLU,Aug 2026,8/15/2026,8/31/2026,EUR,60100 Salary & Wages : Salary Expense,Vendor,"14,121",USD,160 - Commerce Engineering,60 - Busuu,Basic Salary - 160,Journal,,,,False,,
30 - Busuu Technology SLU,Aug 2026,8/15/2026,8/31/2026,EUR,60100 Salary & Wages : Salary Expense,Vendor,"15,248",USD,225 - Partnerships,60 - Busuu,Non-competition Agreement - 225,Journal,,,,False,,
30 - Busuu Technology SLU,Aug 2026,8/15/2026,8/31/2026,EUR,60100 Salary & Wages : Salary Expense,Vendor,"16,513",USD,140 - Engineering Discovery,60 - Busuu,Exclusiveness - 140,Journal,,,,False,,
30 - Busuu Technology SLU,Aug 2026,8/15/2026,8/31/2026,EUR,60100 Salary & Wages : Salary Expense,Vendor,"19,948",USD,160 - Commerce Engineering,60 - Busuu,Mejora Absorbible - 160,Journal,,,,False,,
30 - Busuu Technology SLU,Aug 2026,8/15/2026,8/31/2026,EUR,60100 Salary & Wages : Salary Expense,Vendor,"22,871",USD,225 - Partnerships,60 - Busuu,Exclusiveness - 225,Journal,,,,False,,
30 - Busuu Technology SLU,Aug 2026,8/15/2026,8/31/2026,EUR,60100 Salary & Wages : Salary Expense,Vendor,"28,242",USD,140 - Engineering Discovery,60 - Busuu,Basic Salary - 140,Journal,,,,False,,
30 - Busuu Technology SLU,Aug 2026,8/15/2026,8/31/2026,EUR,60100 Salary & Wages : Salary Expense,Vendor,"30,012",USD,102 - Product - Engagement,60 - Busuu,Mejora Absorbible - 102,Journal,,,,False,,
30 - Busuu Technology SLU,Aug 2026,8/15/2026,8/31/2026,EUR,60100 Salary & Wages : Salary Expense,Vendor,"45,573",USD,140 - Engineering Discovery,60 - Busuu,Mejora Absorbible - 140,Journal,,,,False,,
30 - Busuu Technology SLU,Aug 2026,8/15/2026,8/31/2026,EUR,60100 Salary & Wages : Salary Expense,Vendor,"48,825",USD,225 - Partnerships,60 - Busuu,Mejora Absorbible - 225,Journal,,,,False,,
30 - Busuu Technology SLU,Aug 2026,8/15/2026,8/31/2026,EUR,60100 Salary & Wages : Salary Expense,Vendor,"53,789",USD,225 - Partnerships,60 - Busuu,Basic Salary - 225,Journal,,,,False,,
30 - Busuu Technology SLU,Aug 2026,8/15/2026,8/31/2026,EUR,60120 Salary & Wages : Severance,Vendor,"12,452",USD,325 - FP & A,60 - Busuu,Severance exempt - 325,Journal,,,,False,,
30 - Busuu Technology SLU,Aug 2026,8/15/2026,8/31/2026,EUR,60120 Salary & Wages : Severance,Vendor,"13,770",USD,141 - Engineering Engagement,60 - Busuu,Severance exempt - 141,Journal,,,,False,,
30 - Busuu Technology SLU,Aug 2026,8/15/2026,8/31/2026,EUR,60150 Salary & Wages : Bonus,Vendor,"2,434",USD,225 - Partnerships,60 - Busuu,Bonus  - 225,Journal,,,,False,,
30 - Busuu Technology SLU,Aug 2026,8/15/2026,8/31/2026,EUR,60150 Salary & Wages : Bonus,Vendor,"13,032",USD,225 - Partnerships,60 - Busuu,0826 Bonus & Commission Accruals Spain Bonus,Journal,,,,False,9/1/2026,
30 - Busuu Technology SLU,Aug 2026,8/15/2026,8/31/2026,EUR,60160 Salary & Wages : Commissions,Vendor,"65,665",USD,225 - Partnerships,60 - Busuu,0826 Bonus & Commission Accruals Spain Commissions,Journal,,,,False,9/1/2026,
30 - Busuu Technology SLU,Aug 2026,8/15/2026,8/31/2026,EUR,60180 Salary & Wages : Employer Payroll Taxes,Vendor,"-2,637",USD,385 - Content Development,60 - Busuu,Social Security Employer  - 385,Journal,,,,False,,
30 - Busuu Technology SLU,Aug 2026,8/15/2026,8/31/2026,EUR,60180 Salary & Wages : Employer Payroll Taxes,Vendor,"-2,621",USD,225 - Partnerships,60 - Busuu,Social Security Employer  - 225,Journal,,,,False,,
30 - Busuu Technology SLU,Aug 2026,8/15/2026,8/31/2026,EUR,60180 Salary & Wages : Employer Payroll Taxes,Vendor,0,USD,321 - Accounting,60 - Busuu,July Social Security payment difference in August,Journal,,,,False,,
30 - Busuu Technology SLU,Aug 2026,8/15/2026,8/31/2026,EUR,60180 Salary & Wages : Employer Payroll Taxes,Vendor,"1,376",USD,203 - Creative Marketing,60 - Busuu,Social Security Employer  - 203,Journal,,,,False,,
30 - Busuu Technology SLU,Aug 2026,8/15/2026,8/31/2026,EUR,60180 Salary & Wages : Employer Payroll Taxes,Vendor,"1,569",USD,346 - Employee Experience,60 - Busuu,Social Security Employer  - 346,Journal,,,,False,,
30 - Busuu Technology SLU,Aug 2026,8/15/2026,8/31/2026,EUR,60180 Salary & Wages : Employer Payroll Taxes,Vendor,"1,825",USD,112 - User Experience - Engagement,60 - Busuu,Social Security Employer  - 112,Journal,,,,False,,
30 - Busuu Technology SLU,Aug 2026,8/15/2026,8/31/2026,EUR,60180 Salary & Wages : Employer Payroll Taxes,Vendor,"1,906",USD,325 - FP & A,60 - Busuu,Social Security Employer  - 325,Journal,,,,False,,
30 - Busuu Technology SLU,Aug 2026,8/15/2026,8/31/2026,EUR,60180 Salary & Wages : Employer Payroll Taxes,Vendor,"2,356",USD,225 - Partnerships,60 - Busuu,0826 Bonus & Commission Accruals Spain Payroll Taxes,Journal,,,,False,9/1/2026,
30 - Busuu Technology SLU,Aug 2026,8/15/2026,8/31/2026,EUR,60180 Salary & Wages : Employer Payroll Taxes,Vendor,"3,164",USD,580 - Support Operations,60 - Busuu,Social Security Employer  - 580,Journal,,,,False,,
30 - Busuu Technology SLU,Aug 2026,8/15/2026,8/31/2026,EUR,60180 Salary & Wages : Employer Payroll Taxes,Vendor,"3,728",USD,206 - Customer Relationship Marketing,60 - Busuu,Social Security Employer  - 206,Journal,,,,False,,
30 - Busuu Technology SLU,Aug 2026,8/15/2026,8/31/2026,EUR,60180 Salary & Wages : Employer Payroll Taxes,Vendor,"3,819",USD,341 - HR Operations,60 - Busuu,Social Security Employer  - 341,Journal,,,,False,,
30 - Busuu Technology SLU,Aug 2026,8/15/2026,8/31/2026,EUR,60180 Salary & Wages : Employer Payroll Taxes,Vendor,"5,266",USD,370 - Learning Experience,60 - Busuu,Social Security Employer  - 370,Journal,,,,False,,
30 - Busuu Technology SLU,Aug 2026,8/15/2026,8/31/2026,EUR,60180 Salary & Wages : Employer Payroll Taxes,Vendor,"6,278",USD,132 - Platform - Personalization,60 - Busuu,Social Security Employer  - 132,Journal,,,,False,,
30 - Busuu Technology SLU,Aug 2026,8/15/2026,8/31/2026,EUR,60180 Salary & Wages : Employer Payroll Taxes,Vendor,"7,122",USD,131 - Platform - Data Engineering,60 - Busuu,Social Security Employer  - 131,Journal,,,,False,,
30 - Busuu Technology SLU,Aug 2026,8/15/2026,8/31/2026,EUR,60180 Salary & Wages : Employer Payroll Taxes,Vendor,"7,577",USD,102 - Product - Engagement,60 - Busuu,Social Security Employer  - 102,Journal,,,,False,,
30 - Busuu Technology SLU,Aug 2026,8/15/2026,8/31/2026,EUR,60180 Salary & Wages : Employer Payroll Taxes,Vendor,"8,646",USD,385 - Content Development,60 - Busuu,Social Security Employer  - 385,Journal,,,,False,,
30 - Busuu Technology SLU,Aug 2026,8/15/2026,8/31/2026,EUR,60180 Salary & Wages : Employer Payroll Taxes,Vendor,"11,373",USD,160 - Commerce Engineering,60 - Busuu,Social Security Employer  - 160,Journal,,,,False,,
30 - Busuu Technology SLU,Aug 2026,8/15/2026,8/31/2026,EUR,60180 Salary & Wages : Employer Payroll Taxes,Vendor,"23,255",USD,140 - Engineering Discovery,60 - Busuu,Social Security Employer  - 140,Journal,,,,False,,
30 - Busuu Technology SLU,Aug 2026,8/15/2026,8/31/2026,EUR,60180 Salary & Wages : Employer Payroll Taxes,Vendor,"46,377",USD,225 - Partnerships,60 - Busuu,Social Security Employer  - 225,Journal,,,,False,,
30 - Busuu Technology SLU,Aug 2026,8/15/2026,8/31/2026,EUR,60240 Other Compensation and Benefits : Employee Benefits,"Bookgym, S.L.","2,623",USD,341 - HR Operations,60 - Busuu,[INES_21655 @Expense Line 1] Health Benefit - Wellhub Annual Subscription 2025-01-10 a 2026-09-30 (Amortization Destination),Journal,,,,False,,
30 - Busuu Technology SLU,Aug 2026,8/15/2026,8/31/2026,EUR,60240 Other Compensation and Benefits : Employee Benefits,Vendor,-198,USD,102 - Product - Engagement,60 - Busuu,Dependent Mutua - 102,Journal,,,,False,,
30 - Busuu Technology SLU,Aug 2026,8/15/2026,8/31/2026,EUR,60240 Other Compensation and Benefits : Employee Benefits,Vendor,-198,USD,140 - Engineering Discovery,60 - Busuu,Dependent Mutua - 140,Journal,,,,False,,
30 - Busuu Technology SLU,Aug 2026,8/15/2026,8/31/2026,EUR,60240 Other Compensation and Benefits : Employee Benefits,Vendor,-198,USD,160 - Commerce Engineering,60 - Busuu,Dependent Mutua - 160,Journal,,,,False,,
30 - Busuu Technology SLU,Aug 2026,8/15/2026,8/31/2026,EUR,60240 Other Compensation and Benefits : Employee Benefits,Vendor,-198,USD,225 - Partnerships,60 - Busuu,Dependent Mutua - 225,Journal,,,,False,,
30 - Busuu Technology SLU,Aug 2026,8/15/2026,8/31/2026,EUR,60240 Other Compensation and Benefits : Employee Benefits,Vendor,-66,USD,131 - Platform - Data Engineering,60 - Busuu,Dependent Mutua - 131,Journal,,,,False,,
30 - Busuu Technology SLU,Aug 2026,8/15/2026,8/31/2026,EUR,60240 Other Compensation and Benefits : Employee Benefits,Vendor,-66,USD,370 - Learning Experience,60 - Busuu,Dependent Mutua - 370,Journal,,,,False,,
30 - Busuu Technology SLU,Aug 2026,8/15/2026,8/31/2026,EUR,60240 Other Compensation and Benefits : Employee Benefits,Vendor,178,USD,350 - Workplace Services,60 - Busuu,Spendesk August 26 - Card Purchase - Medical Group - Massages at the office,Journal,,,,False,,
30 - Busuu Technology SLU,Aug 2026,8/15/2026,8/31/2026,EUR,60240 Other Compensation and Benefits : Employee Benefits,Vendor,902,USD,341 - HR Operations,60 - Busuu,[98753 @Line 0] INV1068 0126 Wellhub adjustment (Amortization Destination),Journal,,,,False,,
30 - Busuu Technology SLU,Aug 2026,8/15/2026,8/31/2026,EUR,60290 Other Compensation and Benefits : Other Employee Benefits,Vendor,"-1,387",USD,225 - Partnerships,60 - Busuu,Salary in kind - Health Insurance - 225,Journal,,,,False,,
30 - Busuu Technology SLU,Aug 2026,8/15/2026,8/31/2026,EUR,60290 Other Compensation and Benefits : Other Employee Benefits,Vendor,"-1,264",USD,225 - Partnerships,60 - Busuu,Salary in kind - Wellhub - 225,Journal,,,,False,,
30 - Busuu Technology SLU,Aug 2026,8/15/2026,8/31/2026,EUR,60290 Other Compensation and Benefits : Other Employee Benefits,Vendor,-902,USD,341 - HR Operations,60 - Busuu,[98752 @Line 0] INV1068 0126 Wellhub adjustment (Amortization Destination),Journal,,,,False,,
30 - Busuu Technology SLU,Aug 2026,8/15/2026,8/31/2026,EUR,60290 Other Compensation and Benefits : Other Employee Benefits,Vendor,-595,USD,140 - Engineering Discovery,60 - Busuu,Salary in kind - Health Insurance - 140,Journal,,,,False,,
30 - Busuu Technology SLU,Aug 2026,8/15/2026,8/31/2026,EUR,60290 Other Compensation and Benefits : Other Employee Benefits,Vendor,-468,USD,140 - Engineering Discovery,60 - Busuu,Salary in kind - Wellhub - 140,Journal,,,,False,,
30 - Busuu Technology SLU,Aug 2026,8/15/2026,8/31/2026,EUR,60290 Other Compensation and Benefits : Other Employee Benefits,Vendor,-396,USD,385 - Content Development,60 - Busuu,Salary in kind - Health Insurance - 385,Journal,,,,False,,
30 - Busuu Technology SLU,Aug 2026,8/15/2026,8/31/2026,EUR,60290 Other Compensation and Benefits : Other Employee Benefits,Vendor,-330,USD,160 - Commerce Engineering,60 - Busuu,Salary in kind - Health Insurance - 160,Journal,,,,False,,
30 - Busuu Technology SLU,Aug 2026,8/15/2026,8/31/2026,EUR,60290 Other Compensation and Benefits : Other Employee Benefits,Vendor,-264,USD,131 - Platform - Data Engineering,60 - Busuu,Salary in kind - Health Insurance - 131,Journal,,,,False,,
30 - Busuu Technology SLU,Aug 2026,8/15/2026,8/31/2026,EUR,60290 Other Compensation and Benefits : Other Employee Benefits,Vendor,-264,USD,370 - Learning Experience,60 - Busuu,Salary in kind - Health Insurance - 370,Journal,,,,False,,
30 - Busuu Technology SLU,Aug 2026,8/15/2026,8/31/2026,EUR,60290 Other Compensation and Benefits : Other Employee Benefits,Vendor,-234,USD,385 - Content Development,60 - Busuu,Salary in kind - Wellhub - 385,Journal,,,,False,,
30 - Busuu Technology SLU,Aug 2026,8/15/2026,8/31/2026,EUR,60290 Other Compensation and Benefits : Other Employee Benefits,Vendor,-198,USD,102 - Product - Engagement,60 - Busuu,Salary in kind - Health Insurance - 102,Journal,,,,False,,
30 - Busuu Technology SLU,Aug 2026,8/15/2026,8/31/2026,EUR,60290 Other Compensation and Benefits : Other Employee Benefits,Vendor,-187,USD,370 - Learning Experience,60 - Busuu,Salary in kind - Wellhub - 370,Journal,,,,False,,
30 - Busuu Technology SLU,Aug 2026,8/15/2026,8/31/2026,EUR,60290 Other Compensation and Benefits : Other Employee Benefits,Vendor,-154,USD,132 - Platform - Personalization,60 - Busuu,Salary in kind - Health Insurance - 132,Journal,,,,False,,
30 - Busuu Technology SLU,Aug 2026,8/15/2026,8/31/2026,EUR,60290 Other Compensation and Benefits : Other Employee Benefits,Vendor,-140,USD,102 - Product - Engagement,60 - Busuu,Salary in kind - Wellhub - 102,Journal,,,,False,,
30 - Busuu Technology SLU,Aug 2026,8/15/2026,8/31/2026,EUR,60290 Other Compensation and Benefits : Other Employee Benefits,Vendor,-140,USD,580 - Support Operations,60 - Busuu,Salary in kind - Wellhub - 580,Journal,,,,False,,
30 - Busuu Technology SLU,Aug 2026,8/15/2026,8/31/2026,EUR,60290 Other Compensation and Benefits : Other Employee Benefits,Vendor,-132,USD,580 - Support Operations,60 - Busuu,Salary in kind - Health Insurance - 580,Journal,,,,False,,
30 - Busuu Technology SLU,Aug 2026,8/15/2026,8/31/2026,EUR,60290 Other Compensation and Benefits : Other Employee Benefits,Vendor,-109,USD,132 - Platform - Personalization,60 - Busuu,Salary in kind - Wellhub - 132,Journal,,,,False,,
30 - Busuu Technology SLU,Aug 2026,8/15/2026,8/31/2026,EUR,60290 Other Compensation and Benefits : Other Employee Benefits,Vendor,-94,USD,131 - Platform - Data Engineering,60 - Busuu,Salary in kind - Wellhub - 131,Journal,,,,False,,
30 - Busuu Technology SLU,Aug 2026,8/15/2026,8/31/2026,EUR,60290 Other Compensation and Benefits : Other Employee Benefits,Vendor,-94,USD,160 - Commerce Engineering,60 - Busuu,Salary in kind - Wellhub - 160,Journal,,,,False,,
30 - Busuu Technology SLU,Aug 2026,8/15/2026,8/31/2026,EUR,60290 Other Compensation and Benefits : Other Employee Benefits,Vendor,-94,USD,206 - Customer Relationship Marketing,60 - Busuu,Salary in kind - Wellhub - 206,Journal,,,,False,,
30 - Busuu Technology SLU,Aug 2026,8/15/2026,8/31/2026,EUR,60290 Other Compensation and Benefits : Other Employee Benefits,Vendor,-94,USD,341 - HR Operations,60 - Busuu,Salary in kind - Wellhub - 341,Journal,,,,False,,
30 - Busuu Technology SLU,Aug 2026,8/15/2026,8/31/2026,EUR,60290 Other Compensation and Benefits : Other Employee Benefits,Vendor,-66,USD,112 - User Experience - Engagement,60 - Busuu,Salary in kind - Health Insurance - 112,Journal,,,,False,,
30 - Busuu Technology SLU,Aug 2026,8/15/2026,8/31/2026,EUR,60290 Other Compensation and Benefits : Other Employee Benefits,Vendor,-66,USD,206 - Customer Relationship Marketing,60 - Busuu,Salary in kind - Health Insurance - 206,Journal,,,,False,,
30 - Busuu Technology SLU,Aug 2026,8/15/2026,8/31/2026,EUR,60290 Other Compensation and Benefits : Other Employee Benefits,Vendor,-66,USD,325 - FP & A,60 - Busuu,Salary in kind - Health Insurance - 325,Journal,,,,False,,
30 - Busuu Technology SLU,Aug 2026,8/15/2026,8/31/2026,EUR,60290 Other Compensation and Benefits : Other Employee Benefits,Vendor,-66,USD,341 - HR Operations,60 - Busuu,Salary in kind - Health Insurance - 341,Journal,,,,False,,
30 - Busuu Technology SLU,Aug 2026,8/15/2026,8/31/2026,EUR,60290 Other Compensation and Benefits : Other Employee Benefits,Vendor,-53,USD,203 - Creative Marketing,60 - Busuu,Salary in kind - Health Insurance - 203,Journal,,,,False,,
30 - Busuu Technology SLU,Aug 2026,8/15/2026,8/31/2026,EUR,60290 Other Compensation and Benefits : Other Employee Benefits,Vendor,-47,USD,112 - User Experience - Engagement,60 - Busuu,Salary in kind - Wellhub - 112,Journal,,,,False,,
30 - Busuu Technology SLU,Aug 2026,8/15/2026,8/31/2026,EUR,60290 Other Compensation and Benefits : Other Employee Benefits,Vendor,-47,USD,325 - FP & A,60 - Busuu,Salary in kind - Wellhub - 325,Journal,,,,False,,
30 - Busuu Technology SLU,Aug 2026,8/15/2026,8/31/2026,EUR,60290 Other Compensation and Benefits : Other Employee Benefits,Vendor,-47,USD,346 - Employee Experience,60 - Busuu,Salary in kind - Wellhub - 346,Journal,,,,False,,
30 - Busuu Technology SLU,Aug 2026,8/15/2026,8/31/2026,EUR,60290 Other Compensation and Benefits : Other Employee Benefits,Vendor,-37,USD,203 - Creative Marketing,60 - Busuu,Salary in kind - Wellhub - 203,Journal,,,,False,,
30 - Busuu Technology SLU,Aug 2026,8/15/2026,8/31/2026,EUR,60290 Other Compensation and Benefits : Other Employee Benefits,Vendor,902,USD,341 - HR Operations,60 - Busuu,[97946 @Line 0] INV1068 0126 Wellhub adjustment (Amortization Destination),Journal,,,,False,,
30 - Busuu Technology SLU,Aug 2026,8/15/2026,8/31/2026,EUR,63150 Facility Expenses : Rent Expense,"Merlin Properties, SOCIMI, SA (DIRECT DEBITS)",0,USD,350 - Workplace Services,60 - Busuu,IN-MD-01 lease incentive credit,Journal,,,,False,,
30 - Busuu Technology SLU,Aug 2026,8/15/2026,8/31/2026,EUR,63150 Facility Expenses : Rent Expense,"Merlin Properties, SOCIMI, SA (DIRECT DEBITS)","22,033",USD,350 - Workplace Services,60 - Busuu,IN-MD-01 rent exp.,Journal,,,,False,,
30 - Busuu Technology SLU,Aug 2026,8/15/2026,8/31/2026,EUR,64110 Travel & Entertainment : Car/Taxi,Vendor,8,USD,225 - Partnerships,60 - Busuu,Spendesk August 26 - Reimbursement - MPRA UBER - From Hotel to MEF Event,Journal,,,,False,,
30 - Busuu Technology SLU,Aug 2026,8/15/2026,8/31/2026,EUR,64110 Travel & Entertainment : Car/Taxi,Vendor,11,USD,225 - Partnerships,60 - Busuu,Spendesk August 26 - Reimbursement - MPRA UBER - From MEF event to hotel,Journal,,,,False,,
30 - Busuu Technology SLU,Aug 2026,8/15/2026,8/31/2026,EUR,64110 Travel & Entertainment : Car/Taxi,Vendor,17,USD,225 - Partnerships,60 - Busuu,Spendesk August 26 - Reimbursement - ARES CAPITAL S.A. - Uber to Madrid Airport,Journal,,,,False,,
30 - Busuu Technology SLU,Aug 2026,8/15/2026,8/31/2026,EUR,64110 Travel & Entertainment : Car/Taxi,Vendor,18,USD,203 - Creative Marketing,60 - Busuu,Spendesk August 26 - Reimbursement - Bolt - Transfer from Madrid airport to my place as it was 1:00 PM and there was not public transport combination,Journal,,,,False,,
30 - Busuu Technology SLU,Aug 2026,8/15/2026,8/31/2026,EUR,64110 Travel & Entertainment : Car/Taxi,Vendor,32,USD,225 - Partnerships,60 - Busuu,Spendesk August 26 - Reimbursement - MPRA UBER - Uber from Madrid airport to home,Journal,,,,False,,
30 - Busuu Technology SLU,Aug 2026,8/15/2026,8/31/2026,EUR,64110 Travel & Entertainment : Car/Taxi,Vendor,36,USD,225 - Partnerships,60 - Busuu,Spendesk August 26 - Reimbursement - MPRA UBER - Uber to Toronto Hotel,Journal,,,,False,,
30 - Busuu Technology SLU,Aug 2026,8/15/2026,8/31/2026,EUR,64110 Travel & Entertainment : Car/Taxi,Vendor,43,USD,225 - Partnerships,60 - Busuu,Spendesk August 26 - Reimbursement - MPRA UBER - Uber from hotel to Toronto Airport,Journal,,,,False,,
30 - Busuu Technology SLU,Aug 2026,8/15/2026,8/31/2026,EUR,64130 Travel & Entertainment : Personal Meals,Vendor,3,USD,225 - Partnerships,60 - Busuu,Spendesk August 26 - Reimbursement - REVOLUT - Water in the airport,Journal,,,,False,,
30 - Busuu Technology SLU,Aug 2026,8/15/2026,8/31/2026,EUR,64130 Travel & Entertainment : Personal Meals,Vendor,6,USD,205 - SEO Marketing,60 - Busuu,Spendesk August 26 - Reimbursement - TESCO - Second Monday dinner (meal deal) (still hungry),Journal,,,,False,,
30 - Busuu Technology SLU,Aug 2026,8/15/2026,8/31/2026,EUR,64130 Travel & Entertainment : Personal Meals,Vendor,15,USD,205 - SEO Marketing,60 - Busuu,Spendesk August 26 - Reimbursement - WASABI SUSHI & BENTO - Tuesday Lunch,Journal,,,,False,,
30 - Busuu Technology SLU,Aug 2026,8/15/2026,8/31/2026,EUR,64130 Travel & Entertainment : Personal Meals,Vendor,18,USD,225 - Partnerships,60 - Busuu,Spendesk August 26 - Reimbursement - CAFE ORO DI NAPOLI - Ice Cream,Journal,,,,False,,
30 - Busuu Technology SLU,Aug 2026,8/15/2026,8/31/2026,EUR,64130 Travel & Entertainment : Personal Meals,Vendor,19,USD,205 - SEO Marketing,60 - Busuu,Spendesk August 26 - Reimbursement - 14 stories - Tuesday Dinner,Journal,,,,False,,
30 - Busuu Technology SLU,Aug 2026,8/15/2026,8/31/2026,EUR,64130 Travel & Entertainment : Personal Meals,Vendor,20,USD,205 - SEO Marketing,60 - Busuu,Spendesk August 26 - Reimbursement - TIBET KITCHEN - Monday dinner. It was a street market Gyoza place and did not receive ticket.,Journal,,,,False,,
30 - Busuu Technology SLU,Aug 2026,8/15/2026,8/31/2026,EUR,64130 Travel & Entertainment : Personal Meals,Vendor,30,USD,205 - SEO Marketing,60 - Busuu,Spendesk August 26 - Reimbursement - PRET A MANGER (EUROPE) LTD. - Wednesday dinner (Stansted airport),Journal,,,,False,,
30 - Busuu Technology SLU,Aug 2026,8/15/2026,8/31/2026,EUR,64130 Travel & Entertainment : Personal Meals,Vendor,53,USD,225 - Partnerships,60 - Busuu,Spendesk August 26 - Reimbursement - THAIFOON DOWNTOWN TORONTO - Dinner with Marina,Journal,,,,False,,
30 - Busuu Technology SLU,Aug 2026,8/15/2026,8/31/2026,EUR,64130 Travel & Entertainment : Personal Meals,Vendor,67,USD,225 - Partnerships,60 - Busuu,Spendesk August 26 - Reimbursement - THE NIAGARA BREWING COMPANY - Lunch with Marina,Journal,,,,False,,
30 - Busuu Technology SLU,Aug 2026,8/15/2026,8/31/2026,EUR,64130 Travel & Entertainment : Personal Meals,Vendor,73,USD,225 - Partnerships,60 - Busuu,Spendesk August 26 - Reimbursement - CAFE ORO DI NAPOLI - Lunch with Marina,Journal,,,,False,,
30 - Busuu Technology SLU,Aug 2026,8/15/2026,8/31/2026,EUR,64130 Travel & Entertainment : Personal Meals,Vendor,80,USD,225 - Partnerships,60 - Busuu,Spendesk August 26 - Reimbursement - THE CARBON BAR - Dinner with Marina,Journal,,,,False,,
30 - Busuu Technology SLU,Aug 2026,8/15/2026,8/31/2026,EUR,64130 Travel & Entertainment : Personal Meals,Vendor,88,USD,225 - Partnerships,60 - Busuu,Spendesk August 26 - Reimbursement - EATALY EATON PIPA - Lunch with Marina,Journal,,,,False,,
30 - Busuu Technology SLU,Aug 2026,8/15/2026,8/31/2026,EUR,64130 Travel & Entertainment : Personal Meals,Vendor,238,USD,225 - Partnerships,60 - Busuu,Spendesk August 26 - Reimbursement - THE TOOR HOTEL - Check out - Breakfasts (wasn't included in the booking) and one dinner.,Journal,,,,False,,
30 - Busuu Technology SLU,Aug 2026,8/15/2026,8/31/2026,EUR,64140 Travel & Entertainment : Entertainment,Vendor,146,USD,225 - Partnerships,60 - Busuu,Spendesk August 26 - Reimbursement - CIRCOLO POPOLARE - MADRID - SDR Team Lunch in Madrid - 15/07/2026,Journal,,,,False,,
30 - Busuu Technology SLU,Aug 2026,8/15/2026,8/31/2026,EUR,64150 Travel & Entertainment : Gift,Vendor,119,USD,385 - Content Development,60 - Busuu,"Spendesk August 26 - Card Purchase - Spendesk - I need to create 2 gift cards x 50 euros each for the longitudinal study of Coach, part 2.",Journal,,,,False,,
30 - Busuu Technology SLU,Aug 2026,8/15/2026,8/31/2026,EUR,"64190 Travel & Entertainment : Other Travel (tips, etc.)",Vendor,5,USD,205 - SEO Marketing,60 - Busuu,Spendesk August 26 - Reimbursement - Transport for London - Bus in London,Journal,,,,False,,
30 - Busuu Technology SLU,Aug 2026,8/15/2026,8/31/2026,EUR,"64190 Travel & Entertainment : Other Travel (tips, etc.)",Vendor,5,USD,225 - Partnerships,60 - Busuu,Spendesk August 26 - Reimbursement - REVOLUT - eTA permission to travel to Canada,Journal,,,,False,,
30 - Busuu Technology SLU,Aug 2026,8/15/2026,8/31/2026,EUR,65190 Professional fees : Other Consulting Fee,"Quiron Prevencion, S.L.U",2,USD,341 - HR Operations,60 - Busuu,[2260312248 @Expense Line 5] REGULARIZACIÓN DE IPC (Amortization Destination),Journal,,,,False,,
30 - Busuu Technology SLU,Aug 2026,8/15/2026,8/31/2026,EUR,65190 Professional fees : Other Consulting Fee,"Quiron Prevencion, S.L.U",3,USD,341 - HR Operations,60 - Busuu,[2260312248 @Expense Line 3] REGULARIZACIÓN DE IPC (Amortization Destination),Journal,,,,False,,
30 - Busuu Technology SLU,Aug 2026,8/15/2026,8/31/2026,EUR,65190 Professional fees : Other Consulting Fee,"Quiron Prevencion, S.L.U",105,USD,341 - HR Operations,60 - Busuu,[2260312248 @Expense Line 2] MEDICINA DEL TRABAJO (Amortization Destination),Journal,,,,False,,
30 - Busuu Technology SLU,Aug 2026,8/15/2026,8/31/2026,EUR,65190 Professional fees : Other Consulting Fee,"Quiron Prevencion, S.L.U",177,USD,341 - HR Operations,60 - Busuu,"[2260312248 @Expense Line 1] ESPECIALIDADES TÉCNICAS (HIGIENE, ERGONOMIA Y PSICOSOCIOLOGIA, SEGURIDAD) (Amortization Destination)",Journal,,,,False,,
30 - Busuu Technology SLU,Aug 2026,8/15/2026,8/31/2026,EUR,65190 Professional fees : Other Consulting Fee,"Quiron Prevencion, S.L.U",201,USD,341 - HR Operations,60 - Busuu,[2260312248 @Expense Line 4] RECONOCIMIENTOS PREFACTURADOS (Amortization Destination),Journal,,,,False,,
30 - Busuu Technology SLU,Aug 2026,8/15/2026,8/31/2026,EUR,"66160 Office Expenses : Freight, Shipping & Handling",Vendor,12,USD,350 - Workplace Services,60 - Busuu,Spendesk August 26 - Card Purchase - Packlink - Offboarding courier - Marco Alves,Journal,,,,False,,
30 - Busuu Technology SLU,Aug 2026,8/15/2026,8/31/2026,EUR,"66160 Office Expenses : Freight, Shipping & Handling",Vendor,16,USD,350 - Workplace Services,60 - Busuu,Spendesk August 26 - Card Purchase - Packlink - Offboarding courier - Karla Lobo,Journal,,,,False,,
30 - Busuu Technology SLU,Aug 2026,8/15/2026,8/31/2026,EUR,"66160 Office Expenses : Freight, Shipping & Handling",Vendor,244,USD,350 - Workplace Services,60 - Busuu,Spendesk August 26 - Card Purchase - Spendesk - Courier to send/retrieve equipment in EU,Journal,,,,False,,
30 - Busuu Technology SLU,Aug 2026,8/15/2026,8/31/2026,EUR,66170 Office Expenses : Bank Service Charges,Vendor,93,USD,321 - Accounting,60 - Busuu,Bank fees from Santander Kep Jam,Journal,,,,False,,
30 - Busuu Technology SLU,Aug 2026,8/15/2026,8/31/2026,EUR,66200 Office Expenses : Office Supplies,Frutality,202,USD,350 - Workplace Services,60 - Busuu,Office supplies - fruit,Bill,,,,False,,
30 - Busuu Technology SLU,Aug 2026,8/15/2026,8/31/2026,EUR,66300 Office Expenses : Food Services,Fudigital S.L.,"1,962",USD,350 - Workplace Services,60 - Busuu,Pedidos y transportes,Bill,,,,False,,
30 - Busuu Technology SLU,Aug 2026,8/15/2026,8/31/2026,EUR,66300 Office Expenses : Food Services,Vendor,21,USD,350 - Workplace Services,60 - Busuu,Spendesk August 26 - Reimbursement - BOOTS UK LIMITED - Lunch from Boots when I arrived at London on my way to the office (I forgot to order ticket),Journal,,,,False,,
30 - Busuu Technology SLU,Aug 2026,8/15/2026,8/31/2026,EUR,66300 Office Expenses : Food Services,Vendor,99,USD,350 - Workplace Services,60 - Busuu,Spendesk August 26 - Card Purchase - mercadona - Groceries for the office,Journal,,,,False,,
30 - Busuu Technology SLU,Aug 2026,8/15/2026,8/31/2026,EUR,66300 Office Expenses : Food Services,Vendor,103,USD,350 - Workplace Services,60 - Busuu,Spendesk August 26 - Card Purchase - mercadona - Groceries for the office,Journal,,,,False,,
30 - Busuu Technology SLU,Aug 2026,8/15/2026,8/31/2026,EUR,66300 Office Expenses : Food Services,Vendor,192,USD,350 - Workplace Services,60 - Busuu,Spendesk August 26 - Card Purchase - mercadona - Groceries for the office,Journal,,,,False,,
30 - Busuu Technology SLU,Aug 2026,8/15/2026,8/31/2026,EUR,66300 Office Expenses : Food Services,Vendor,311,USD,350 - Workplace Services,60 - Busuu,Spendesk August 26 - Card Purchase - mercadona - Groceries for the office,Journal,,,,False,,
30 - Busuu Technology SLU,Aug 2026,8/15/2026,8/31/2026,EUR,66510 Unrealized Gain/Loss,Vendor,"-2,459",USD,321 - Accounting,00 - Corporate,,Currency Revaluation,,,,False,9/1/2026,
30 - Busuu Technology SLU,Aug 2026,8/15/2026,8/31/2026,EUR,66520 Realized Gain/Loss,Vendor,-0,USD,321 - Accounting,60 - Busuu,FX difference RSU Tax Release,Journal,,,,False,,
30 - Busuu Technology SLU,Aug 2026,8/15/2026,8/31/2026,EUR,67110 Depreciation & Amortization : Depreciation,Vendor,103,USD,350 - Workplace Services,60 - Busuu,August 26 depreciation,Journal,,,,False,,
30 - Busuu Technology SLU,Aug 2026,8/15/2026,8/31/2026,EUR,67110 Depreciation & Amortization : Depreciation,Vendor,414,USD,350 - Workplace Services,60 - Busuu,August 26 depreciation,Journal,,,,False,,
30 - Busuu Technology SLU,Aug 2026,8/15/2026,8/31/2026,EUR,67110 Depreciation & Amortization : Depreciation,Vendor,"5,961",USD,190 - IT Operations,60 - Busuu,August 26 depreciation,Journal,,,,False,,
31 - Busuu France,Aug 2026,8/15/2026,8/1/2026,EUR,66510 Unrealized Gain/Loss,Vendor,0,USD,321 - Accounting,00 - Corporate,,Currency Revaluation,,,,False,,
31 - Busuu France,Aug 2026,8/15/2026,8/31/2026,EUR,66510 Unrealized Gain/Loss,Vendor,0,USD,321 - Accounting,00 - Corporate,,Currency Revaluation,,,,False,9/1/2026,
32 - Busuu Servicos Online LTDA,Aug 2026,8/15/2026,8/1/2026,GBP,66510 Unrealized Gain/Loss,Vendor,0,USD,321 - Accounting,00 - Corporate,,Currency Revaluation,,,,False,,
32 - Busuu Servicos Online LTDA,Aug 2026,8/15/2026,8/31/2026,GBP,66510 Unrealized Gain/Loss,Vendor,-0,USD,321 - Accounting,00 - Corporate,,Currency Revaluation,,,,False,9/1/2026,
,,,,,,,,,,,,,,,,,,
,,,,,,,,,,,,,,,,,,
3651,,,,,,,,,,,,,,,,,,
,,,,,,,,,,,,,,,,,,
,,,,,,,,,,,,,,,,,,
,,,,,,,,,,,,,,,,,,
,,,,,,,,,,,,,,,,,,
,,,,,,,,,,,,,,,,,,
